Date,Close,High,Low,Open,Volume
2020-01-02,72.33387756347656,72.39408555090253,71.0911838210517,71.34405442839761,135480400
2020-01-03,71.6306381225586,72.38925722098051,71.40666619485818,71.56320547713457,146322800
2020-01-06,72.20140838623047,72.23994237629597,70.50354624985978,70.75401351048198,118387200
2020-01-07,71.86183166503906,72.46631471524569,71.64267376172208,72.21103349810856,108872000
2020-01-08,73.01781463623047,73.31885447118653,71.56559876638666,71.56559876638666,132079200
2020-01-09,74.56877899169922,74.76144156312063,73.74272737606113,73.99318724898775,170108400
2020-01-10,74.73738861083984,75.30094193802128,74.23646130286748,74.80241795222723,140644800
2020-01-13,76.33409118652344,76.36058652225458,74.93485817482635,75.05287082554342,121532000
2020-01-14,75.30332946777344,76.48100118582082,75.18051017572739,76.27147857331117,161954400
2020-01-15,74.98060607910156,75.98246770801262,74.54951490172726,75.10343270524221,121923600
2020-01-16,75.91985321044922,76.03064118697364,75.16123412136378,75.52248200660513,108829200
2020-01-17,76.7603759765625,76.76277929851412,75.86207008807327,76.16792404225187,137816400
2020-01-21,76.24017333984375,76.8302072165908,76.10289736234121,76.38948797518701,110843200
2020-01-22,76.5123062133789,77.06380603496487,76.4183782339569,76.72423213565071,101832400
2020-01-23,76.88078308105469,76.96025438766408,76.01860061750638,76.56529382668359,104472000
2020-01-24,76.6592025756836,77.8681760847734,76.46894331412666,77.12641705620177,146537600
2020-01-27,74.40503692626953,75.08417746726008,73.42484908589569,74.67235687385795,161940000
2020-01-28,76.50990295410156,76.68089158109271,75.18532722614749,75.28406920782065,162234000
2020-01-29,78.11143493652344,78.95675744540253,77.39857441186852,78.13793027321145,216229200
2020-01-30,77.99823760986328,78.05122092954578,76.76517927864235,77.19627050016777,126743200
2020-01-31,74.5399169921875,77.71167041513803,74.24610164905711,77.29021440201876,199588400
2020-02-03,74.33516693115234,75.49838164593486,72.78420907837199,73.285136141255,173788400
2020-02-04,76.7892837524414,76.9795430880588,75.53214043347742,75.93673642473705,136616400
2020-02-05,77.41542053222656,78.21257356762338,76.81334075627086,77.91393700101683,118826800
2020-02-06,78.32095336914062,78.3233640404218,77.12883967256218,77.68516086755363,105425600
2020-02-07,77.25635528564453,78.06988383321008,76.76630651671353,77.82123854389138,117684000
2020-02-10,77.6233139038086,77.6233139038086,75.76451086097089,75.84417079645658,109348800
2020-02-11,77.15496826171875,78.19059132825674,76.93770658748598,78.11817322586252,94323200
2020-02-12,78.98723602294922,78.99206144129231,77.60399117788235,77.60399117788235,113730400
2020-02-13,78.42474365234375,78.75063980830953,78.05781303227035,78.2605910618148,94747600
2020-02-14,78.44407653808594,78.6927218682662,77.93712767417983,78.39337649475979,80113600
2020-02-18,77.00772857666016,77.18878123005356,75.94796350927948,76.12901616267288,152531200
2020-02-19,78.12298583984375,78.35232207158896,77.24910650127589,77.24910650127589,93984000
2020-02-20,77.321533203125,78.3716398349872,76.81700080414447,77.88400744802773,100566000
2020-02-21,75.57135772705078,77.35774940247184,74.95578178960817,76.91597690115918,129554000
2020-02-24,71.981689453125,73.43011036441114,69.82113268068633,71.75960237227564,222195200
2020-02-25,69.54354095458984,73.03182567603444,69.07280838793456,72.65041125636773,230673600
2020-02-26,70.64674377441406,71.90928692764982,69.16211349223191,69.16935530367469,198054800
2020-02-27,66.02867126464844,69.0413890764873,65.89348591735909,67.85851360418104,320605600
2020-02-28,65.99006652832031,67.20915879544067,61.88862284247871,62.10347552395671,426510000
2020-03-02,72.1338119506836,72.76870462226823,67.04261071140881,68.143410581141,341397200
2020-03-03,69.84284973144531,73.38665070115958,68.99310485052062,73.30699080209732,319475600
2020-03-04,73.08248138427734,73.24180855249296,70.76259766156525,71.5616425276586,219178400
2020-03-05,70.7119140625,72.31241302487865,70.34739243241086,71.33955724756618,187572800
2020-03-06,69.77286529541016,70.20497969740977,67.88992061879122,68.07579869358199,226176800
2020-03-09,64.25437927246094,67.1319051551366,63.48912685930832,63.670179502443226,286744800
2020-03-10,68.88207244873047,69.14761776690831,65.02685833500999,66.9025682079639,285290000
2020-03-11,66.4897689819336,67.88749740945617,65.62795665733853,66.96292517997638,255598800
2020-03-12,59.92359161376953,65.17894700154001,59.86806983845157,61.7848142766757,418474000
2020-03-13,67.10293579101562,67.57367559511492,61.06301877546382,63.94538103600016,370732000
2020-03-16,58.4703483581543,62.542820889319664,57.93684495675963,58.40758108532822,322423600
2020-03-17,61.041297912597656,62.187961018540406,57.55060118117008,59.7497875289441,324056000
2020-03-18,59.5470085144043,60.35088271418024,57.2416040580175,57.88132562490314,300233600
2020-03-19,59.09075164794922,61.03646337436918,58.56690646649194,59.72081496454535,271857200
2020-03-20,55.3393440246582,60.79264863512061,55.04000233501268,59.67012006159394,401693200
2020-03-23,54.1637077331543,55.16070547027294,51.32480360482342,55.05931643178171,336752800
2020-03-24,59.597686767578125,59.79322297879332,56.56083083014149,57.058121363238,287531200
2020-03-25,59.26938247680664,62.3424476958278,58.97486994131572,60.53192162528101,303602000
2020-03-26,62.38833618164063,62.44627067816228,59.47218075604415,59.51080620940923,252087200
2020-03-27,59.8053092956543,61.76791740598874,59.638740277699725,61.0147396032641,204216800
2020-03-30,61.51202392578125,61.68342202785463,60.20603013475776,60.52951361729588,167976400
2020-03-31,61.386497497558594,63.36600556092488,60.833685075362965,61.70273919270683,197002000
2020-04-01,58.15652084350586,60.04188167908633,57.72682288768837,59.50596558883749,176218400
2020-04-02,59.12695693969727,59.18006600388776,57.18848714731951,58.01891576899804,165934000
2020-04-03,58.277225494384766,59.31284498948773,57.68820030765842,58.61277624472143,129880000
2020-04-06,63.36118698120117,63.515681414819454,60.20121554945302,60.568146275466354,201820400
2020-04-07,62.6273193359375,65.5893455207901,62.52351758063344,65.3720764386448,202887200
2020-04-08,64.23023223876953,64.54405384793799,63.06184016051964,63.42635444288139,168895200
2020-04-09,64.69373321533203,65.19585671097452,63.89952086210519,64.86513503536223,161834800
2020-04-13,65.96350860595703,66.07214313145124,64.17229133387406,64.77097468626023,131022800
2020-04-14,69.29488372802734,69.58457092501276,67.12225185179103,67.59299170512948,194994800
2020-04-15,68.6623764038086,69.12104145125336,67.74504630891909,68.17232773147242,131154400
2020-04-16,69.20799255371094,69.57251431493546,68.1603019063984,69.37456161234648,157125200
2020-04-17,68.2688980102539,69.27072829912615,66.83496081662895,68.72515410233876,215250000
2020-04-20,66.85186004638672,67.9985265094596,66.83255101061553,67.09809629652644,130015200
2020-04-21,64.78545379638672,66.92911797835283,64.07572694243713,66.69495629705587,180991600
2020-04-22,66.65150451660156,67.08602784822331,65.71003238672124,66.05040482183006,116862400
2020-04-23,66.3932113647461,68.0154433517939,66.35458591659604,66.59598944224571,124814400
2020-04-24,68.30994415283203,68.31960235496462,66.86876505886688,66.91704870248016,126161200
2020-04-27,68.35822296142578,68.68894453234053,67.58090350335026,68.02749402346188,117087600
2020-04-28,67.25019836425781,69.00037411858965,67.15847120269908,68.81932145434843,112004800
2020-04-29,69.45904541015625,69.92736888191205,68.53205667132409,68.73483476728254,137280800
2020-04-30,70.92436981201172,71.10059707992315,69.60872470353117,69.99738093637826,183064000
2020-05-01,69.78250885009766,72.17964374552773,69.0051893150792,69.10174923798432,240616800
2020-05-04,70.76985168457031,70.89779524622708,69.11865261133845,69.80665406694762,133568000
2020-05-05,71.83202362060547,72.66245223551824,71.08367131021836,71.2285148811078,147751200
2020-05-06,72.57312774658203,73.2031872790944,72.14825527383692,72.53208591439893,142333600
2020-05-07,73.32389831542969,73.66911092684012,72.89661676334377,73.19837114485792,115215200
2020-05-08,75.06912994384766,75.1223827731926,73.65551811313698,73.98229650289032,133838400
2020-05-11,76.25037384033203,76.74416477518758,74.36958632362644,74.57775917368724,145946400
2020-05-12,75.37897491455078,77.3832066763356,75.25794640867731,76.93297679324957,162301200
2020-05-13,74.46882629394531,76.4779036027934,73.39409274246334,75.55808267285332,200622400
2020-05-14,74.92633056640625,74.98684482021679,72.98745151047878,73.7087840752181,158929200
2020-05-15,74.48331451416016,74.5293059086378,72.66788805948245,72.70177956572455,166348400
2020-05-18,76.23824310302734,76.61101281668553,75.11510287010954,75.80496654822666,135178400
2020-05-19,75.7977294921875,77.0999898949941,75.76626090152799,76.25521336264156,101729600
2020-05-20,77.27185821533203,77.34204942619355,76.6158784313997,76.65460843756124,111504800
2020-05-21,76.69577026367188,77.67368271832201,76.45855171857032,77.13389289033314,102688800
2020-05-22,77.1895523071289,77.27185079219365,76.33266854723075,76.43432834001963,81803200
2020-05-26,76.66668701171875,78.48452936483687,76.61101126364815,78.30540961703058,125522000
2020-05-27,77.000732421875,77.14596806852482,75.78560919845494,76.52388732434491,112945200
2020-05-28,77.03462219238281,78.29089831885972,76.4004341829612,76.67637525704153,133560800
2020-05-29,76.95957946777344,77.73658013010277,76.6037554918858,77.27667344915052,153532400
2020-06-01,77.90604400634766,78.02707250180976,76.78289602270274,76.91360886615988,80791200
2020-06-02,78.2667007446289,78.29090791932163,77.19922860751555,77.63977407114822,87642800
2020-06-03,78.69755554199219,78.95898118849432,78.01495316022684,78.58621141173712,104491200
2020-06-04,78.01981353759766,78.81859867793425,77.64704369151033,78.52087329742372,87560400
2020-06-05,80.24188232421875,80.30239656428226,78.24007392223491,78.26911957554665,137250400
2020-06-08,80.71630859375,80.75020011255444,79.2300827598663,79.93930785149966,95654400
2020-06-09,83.26518249511719,83.6573136410901,80.36534445233356,80.39681304328083,147712400
2020-06-10,85.40740966796875,85.87457800723712,83.77352456071829,84.21164723555474,166651600
2020-06-11,81.30694580078125,84.97653085136815,81.20528599627451,84.55293109627195,201662400
2020-06-12,82.0089111328125,84.18742419889422,80.90029328946143,83.44189186655679,200146000
2020-06-15,83.02310943603516,83.67424321088224,80.5032957450343,80.66547714891838,138808800
2020-06-16,85.22341918945312,85.49452921505798,83.44188334314991,85.07334504214955,165428800
2020-06-17,85.10480499267578,86.02704141186865,84.98377651365317,85.96652717235735,114406400
2020-06-18,85.1386947631836,85.55503301794639,84.53112944713651,85.06123476532262,96820400
2020-06-19,84.65216827392578,86.30783714893171,83.54596609025744,85.8430918789263,264476000
2020-06-22,86.86698913574219,87.00980187063504,84.99830891368086,85.0443003318489,135445200
2020-06-23,88.72114562988281,90.13718045697549,87.68998051908838,88.1087417587427,212155600
2020-06-24,87.15504455566406,89.26820486684538,86.78227469992099,88.35080675031271,192623200
2020-06-25,88.31206512451172,88.35079512662277,86.55231359048508,87.3099530977363,137522400
2020-06-26,85.5986099243164,88.42825657527817,85.45095132716905,88.20798383985682,205256800
2020-06-29,87.57137298583984,87.6657787527797,85.02977472321102,85.50662726415537,130646000
2020-06-30,88.3023681640625,88.58800096545747,87.1404978146636,87.15985911945725,140223200
2020-07-01,88.13536071777344,88.92204587845694,88.08695375546539,88.37984062385425,110737200
2020-07-02,88.13536071777344,89.67484690422407,88.02160103220285,89.04065881814572,114041600
2020-07-06,90.49301147460938,90.96017971455592,89.52962194946613,89.56109054157537,118655600
2020-07-07,90.21221923828124,91.6476154008952,90.100875092419,90.87061453958542,112424400
2020-07-08,92.31327056884766,92.34473915860562,91.10056271828748,91.18770707353976,117092000
2020-07-09,92.71025848388672,93.25730230757912,91.66457041968783,93.2040494694858,125642800
2020-07-10,92.87242126464844,92.93051996359854,91.69602787555728,92.30600881208682,90257200
2020-07-13,92.4439697265625,96.77921054368312,92.2309584307968,94.17467542417104,191649200
2020-07-14,93.9737777709961,94.16499745387678,90.89481289415856,91.82672629574613,170989200
2020-07-15,94.6200942993164,96.09422076841606,93.4243319454073,95.8449023157505,153198000
2020-07-16,93.45575714111328,94.31021778955152,92.85787624181572,93.49448713549184,110577600
2020-07-17,93.2669677734375,94.06091431617956,92.79495374103924,93.90600170117716,92186800
2020-07-20,95.23247528076172,95.37044953138845,93.01039399095431,93.35411815070974,90318000
2020-07-21,93.91809844970705,96.0966110426126,93.6687800817764,96.02157397759412,103433200
2020-07-22,94.18194580078124,94.86212529718232,93.5332348924758,93.62037185613212,89001600
2020-07-23,89.89510345458984,93.99312548879988,89.08663419834281,93.91566549865868,197004400
2020-07-24,89.67243957519531,90.01616378626149,86.31268703007238,88.0966534330444,185438800
2020-07-27,91.79766845703124,91.88965127303892,90.509931193898,90.73261943445108,121214000
2020-07-28,90.28966522216795,91.54594138277622,90.28481935549644,91.36923715007886,103625600
2020-07-29,92.0203857421875,92.20435141750036,90.73506372270916,90.771370793628,90329200
2020-07-30,93.13384246826172,93.23792519284922,90.78830982976132,91.19496376791191,158130000
2020-07-31,102.8838882446289,103.03396237192648,97.62156512089064,99.61611941491957,374336800
2020-08-03,105.47633361816406,108.09054616095987,104.4645371706777,104.76226254133908,308151200
2020-08-04,106.18071746826172,107.26997389606046,104.94380243901392,105.6651349105181,173071600
2020-08-05,106.56558990478516,106.88510690463526,105.43760344433964,105.90235611566642,121776800
2020-08-06,110.2835922241211,110.7773905993439,106.30902020460444,106.89721697372634,202428800
2020-08-07,107.77619934082033,110.26175680038186,106.98082124977309,109.8058680042368,198045600
2020-08-10,109.34270477294922,110.35875275642206,106.69710077257368,109.21903076531764,212403600
2020-08-11,106.09085845947266,109.10504953060088,105.83138875528,108.60794103965802,187902400
2020-08-12,109.6167221069336,109.8737645271132,106.98566715289093,107.17965891895842,165598000
2020-08-13,111.5566864013672,112.55818551229297,110.50668564136352,110.99409983343942,210082000
2020-08-14,111.45724487304688,111.54696624880587,109.65066604650144,111.3820725095563,165565200
2020-08-17,111.166259765625,112.60182410704658,110.54062998121614,112.57757328432731,119561600
2020-08-18,112.09258270263672,112.51694618501556,110.58427334354064,110.91891544512356,105633600
2020-08-19,112.23321533203124,113.64452867430332,112.13864675565404,112.49995954797272,145538000
2020-08-20,114.72362518310548,114.8375973733061,112.2574641314498,112.27444044495672,126907200
2020-08-21,120.63562774658205,121.1181872782855,115.6693599025852,115.6814816133098,338054800
2020-08-24,122.07845306396484,124.91805616382936,120.21610549023625,124.83317459173284,345937600
2020-08-25,121.07696533203124,121.42130925505194,119.35768781992572,120.95329871627834,211495600
2020-08-26,122.7234878540039,123.17937664467516,121.32672345710664,122.39127306939878,163022400
2020-08-27,121.25640106201172,123.65708422717836,120.11425182681508,123.32486945527224,155552400
2020-08-28,121.06000518798828,122.64590698975564,120.83690796249395,122.22881796842402,187630000
2020-08-31,125.1654052734375,127.06656032182518,122.2166916072517,123.7492518971319,225702700
2020-09-01,130.1510772705078,130.75247109042868,126.61067882372832,128.77371625173845,151948100
2020-09-02,127.4545669555664,133.83699711461642,123.18668763492242,133.45870787847127,200119000
2020-09-03,117.25039672851562,124.97138507910604,116.88180945410002,123.0993432850938,257599600
2020-09-04,117.32798767089844,119.9857128528748,107.56035532150342,116.46471189207791,332607200
2020-09-08,109.43242645263672,115.41716207276087,109.29663073421304,110.52849400857392,231366600
2020-09-09,113.7973175048828,115.56266939432574,111.799173992742,113.7391214492864,176940500
2020-09-10,110.0822982788086,116.88181506989982,109.12202651754131,116.74601936225844,182274400
2020-09-11,108.63705444335938,111.77007275174712,106.6971070425851,111.12988655734183,180860300
2020-09-14,111.89615631103516,112.44904097306566,109.41302623599448,111.275373792275,140150100
2020-09-15,112.0707550048828,115.26196916143692,110.1987055878256,114.7769823425134,184642000
2020-09-16,108.76314544677734,112.51694623083202,108.6758513682307,111.77006975767836,154679000
2020-09-17,107.02690887451172,108.83106079074912,105.44585419536304,106.4255298359746,178011000
2020-09-18,103.6319808959961,107.5506753180143,102.9045006607274,107.08509211161685,287104900
2020-09-21,106.77468872070312,106.88138640178968,100.00427017683464,101.40103443810511,195713800
2020-09-22,108.45274353027344,109.47121874863322,105.88231946545224,109.29662320835186,183055400
2020-09-23,103.90357208251952,108.74373815268274,103.56407541081022,108.26845317272524,150718700
2020-09-24,104.97052001953124,106.93956479035168,101.8472045622397,102.01209826021856,167743300
2020-09-25,108.90863800048828,109.0638373334494,104.43705897382922,105.17424100477152,149981400
2020-09-28,111.50816345214844,111.85735453793174,109.39362072171006,111.5566650919616,137672400
2020-09-29,110.66429138183594,111.84766043177646,110.15990833447874,111.11048577797068,99382200
2020-09-30,112.3326416015625,113.73910777869786,110.2084044241761,110.37329816208845,142675200
2020-10-01,113.2832260131836,114.18530182393523,112.35205217632898,114.10770215411938,116120400
2020-10-02,109.62642669677734,111.90587086149137,108.85045216012576,109.50033277715342,144712000
2020-10-05,113.0019302368164,113.14742776439395,110.14051092914184,110.4897020352033,106243800
2020-10-06,109.76222229003906,112.63334341918222,108.87954271233733,112.22594886007512,161498200
2020-10-07,111.62454986572266,112.08043858541826,110.70307061944358,111.17836295291494,96849000
2020-10-08,111.51787567138672,112.90493833599004,111.14928093514196,112.75944080327828,83477200
2020-10-09,113.45781707763672,113.48691510258756,111.46936816913345,111.81855926916631,100506900
2020-10-12,120.66470336914062,121.42128150561734,115.69843644721472,116.45501458369142,240226800
2020-10-13,117.46379852294922,121.62498605023444,116.05733979847938,121.50858655705257,262330500
2020-10-14,117.55110168457033,119.33584953717632,116.02824344500344,117.36680433445795,150712000
2020-10-15,117.08551788330078,117.56080289760202,114.602387718432,115.15527240046332,112559200
2020-10-16,115.44623565673828,117.9002746779859,115.24254212222716,117.63837770482156,115393800
2020-10-19,112.49754333496094,116.80422116143151,112.18715207359088,116.35803418573154,120639300
2020-10-20,113.9815902709961,115.40745252774086,112.15803531937776,112.71091992910422,124423700
2020-10-21,113.36082458496094,115.14557257156684,112.9534300225298,113.16682541230044,89946000
2020-10-22,112.27444458007812,114.49568501963496,111.14927164811972,113.92339674553574,101988000
2020-10-23,111.58576965332033,113.05043193781697,110.84858760677534,112.895232601571,82572600
2020-10-26,111.59547424316406,113.05043475532884,109.490625744662,110.58670073335904,111850700
2020-10-27,113.09893798828124,113.7585204355671,111.10079442752372,112.02226653167769,92276800
2020-10-28,107.86106872558594,111.96406058991155,107.76407283902444,111.59547326085324,143937800
2020-10-29,111.85736846923828,113.41902674173544,108.83104781563942,108.99594897135508,146129200
2020-10-30,105.59133911132812,108.6273541724171,104.4855696692542,107.72527832227132,190272600
2020-11-02,105.5040283203125,107.35668150297612,104.09756951905206,105.83382320217856,122866900
2020-11-03,107.12388610839844,108.14235394209176,105.46523215040254,106.36730788899447,107624400
2020-11-04,111.49847412109376,112.119256698551,108.97654397513467,110.71279779031768,138235500
2020-11-05,115.45597076416016,116.0282591074031,113.3608313760952,114.40839736997158,126387100
2020-11-06,115.32479095458984,115.8203256136095,112.83736946099638,114.96527887670224,114457900
2020-11-09,113.0219955444336,118.53123307425452,112.75965407719043,117.08348090470506,154515300
2020-11-10,112.68189239501952,114.2559556316662,110.89405824079329,112.27380247537614,138023400
2020-11-11,116.10211181640624,116.23814181960137,113.1385925604224,113.86732789743012,112295000
2020-11-12,115.83003997802734,117.1126137436234,115.20818648034916,116.22841881317537,103162300
2020-11-13,115.87862396240234,116.27699537989376,114.5280352176776,116.05352071993178,81581900
2020-11-16,116.8891372680664,117.55956865833652,114.80009473182568,115.54825966136949,91183000
2020-11-17,116.00493621826172,117.24864320805052,115.58712770640344,116.16040329852451,74271000
2020-11-18,114.68350219726562,116.42275133775613,114.65435397133162,115.24705927558566,76322100
2020-11-19,115.27620697021484,115.68429695756758,113.498091065648,114.2559745887542,74113000
2020-11-20,114.01305389404295,115.40250938194856,113.96447599254086,115.2761979423492,73604300
2020-11-23,110.6220245361328,114.28513837643996,110.52486130551306,113.85761126601786,127959300
2020-11-24,111.90457916259766,112.56529939521856,109.39772821414678,110.68030932430328,113874200
2020-11-25,112.74021911621094,113.43980625953591,111.90460196313715,112.27383262938064,76499200
2020-11-27,113.28433990478516,114.15882383972767,112.92483519653295,113.26491022315516,46691300
2020-11-30,115.6746063232422,117.54016723580712,113.49811117883634,113.6535782947568,169410200
2020-12-01,119.2405242919922,119.96925956195165,116.60736173944144,117.57900876605405,127728200
2020-12-02,119.59034729003906,119.87212588677608,117.4624374051066,118.56039614708436,89004200
2020-12-03,119.45428466796876,120.27046459048226,118.7449790955268,120.01783429457548,78967600
2020-12-04,118.78384399414062,119.37654924842552,118.07453843287112,119.123918956498,78260400
2020-12-07,120.2413330078125,121.038083362331,118.7838623046875,118.84215876062711,86712000
2020-12-08,120.8534698486328,121.43646406909802,119.60004413555974,120.84375871455,82225500
2020-12-09,118.32716369628906,122.37892967507064,117.56928026579212,120.99919279323888,115089200
2020-12-10,119.74578094482422,120.3579233336518,116.7433951040976,117.08347009062476,81312200
2020-12-11,118.93931579589844,119.2793907717679,117.13205173775964,118.95874547462876,86939800
2020-12-14,118.32716369628906,119.8526491023882,118.09397050530798,119.12391389412916,79184500
2020-12-15,124.25423431396484,124.27367140820184,120.61055751786674,120.81460252887872,157243700
2020-12-16,124.1862335205078,124.73035361213488,122.9716744494972,123.79758054824865,98208600
2020-12-17,125.05098724365234,125.90604149372504,124.40969655609784,125.24531371153456,94359800
2020-12-18,123.06883239746094,125.43965383144652,122.54414204339464,125.3036238225863,192541500
2020-12-21,124.59429168701172,124.67202522679209,119.94982017477122,121.47530568083864,121251600
2020-12-22,128.14085388183594,130.59912042639044,125.97406967366211,127.87850495293172,168904800
2020-12-23,127.24688720703124,128.6751945398209,127.07198305177502,128.41286054616967,88223700
2020-12-24,128.228271484375,129.67603102914552,127.3829432351903,127.5967067874694,54930100
2020-12-28,132.81448364257812,133.44604851338428,129.7246372436778,130.19103866406888,124486200
2020-12-29,131.04603576660156,134.85489050709643,130.53106400488656,134.13588116304936,121047300
2020-12-30,129.92864990234375,132.13429294527648,129.61771571736733,131.7359140805847,96452100
2020-12-31,128.92787170410156,130.91975146585497,127.9853727167279,130.27846074381847,99116600
2021-01-04,125.74087524414062,129.82179076341993,123.16600852724952,129.73434606845893,143301900
2021-01-05,127.29550170898438,128.0048148809108,124.78865000861988,125.23561427002338,97664900
2021-01-06,123.01051330566406,127.3343470647896,122.79674977159816,124.09876065496375,155088000
2021-01-07,127.20801544189452,127.89789129191487,124.23477818150717,124.72060165088172,109578200
2021-01-08,128.30599975585938,128.86955684085643,126.53759495540402,128.67521556411702,105158200
2021-01-11,125.3230438232422,126.47930629071162,124.85665734789744,125.5270962459198,100384500
2021-01-12,125.14815521240234,126.0129205782068,123.26315737935116,124.85665810373771,91951100
2021-01-13,127.17888641357422,127.72300640920702,124.8469393391028,125.10927337732424,88636800
2021-01-14,125.2550048828125,127.28574333654583,125.10924895276466,127.09141692263708,90221800
2021-01-15,123.53520965576172,126.52788445335536,123.39917965706007,125.12871028033412,111598500
2021-01-19,124.20562744140624,125.0606814745407,123.34086227649722,124.15704213022262,90757300
2021-01-20,128.28656005859375,128.73352422939956,124.90523244341398,125.0121142129877,104319500
2021-01-21,132.98934936523438,135.7099645282226,129.80234769109845,130.0064001294405,120150900
2021-01-22,135.12698364257812,135.88486727485233,131.19180950505606,132.41607964346215,114459400
2021-01-25,138.8677978515625,140.97627022018892,132.6686847833474,139.01355380816258,157611700
2021-01-26,139.10101318359375,140.20869037046396,137.3617564370404,139.52854031294,98390600
2021-01-27,138.0321502685547,140.208644567784,136.42893888339475,139.36330171958025,140843800
2021-01-28,133.20310974121094,137.9641898687069,132.82416793009364,135.56422012291074,142621100
2021-01-29,128.2185821533203,132.8630549859489,126.51819940588042,131.97885239900157,177523800
2021-02-01,130.3367462158203,131.5415940017464,127.21775238608966,129.95780442586786,106239800
2021-02-02,131.16262817382812,132.44519444855226,130.7933975854858,131.8816374338767,83305400
2021-02-03,130.14242553710938,131.92054165395052,129.82178018887643,131.91081569341782,89880900
2021-02-04,133.4945831298828,133.5042942626405,130.7739685158837,132.43549143917588,84183100
2021-02-05,133.08099365234375,133.72324245824956,132.20521062487953,133.65513325973174,75693800
2021-02-08,133.22702026367188,133.27567819524438,131.29054743428753,132.37068818260687,71297200
2021-02-09,132.35118103027344,134.1708861386868,132.19549648512387,132.94477197557092,76774200
2021-02-10,131.74789428710938,133.30485887781032,130.78452077617774,132.80856880476307,73046600
2021-02-11,131.49488830566406,132.72098784651604,130.17147291387968,132.24416393424983,64280000
2021-02-12,131.7283935546875,131.88409294253404,130.09359452723146,130.7358433658653,60145100
2021-02-16,129.60707092285156,132.3512026514084,129.21782237561078,131.84520181246612,80576300
2021-02-17,127.3203125,128.6631943239758,125.9871711722264,127.7192867880388,97918500
2021-02-18,126.22064208984376,126.50283418669692,123.98251205380208,125.72435223742484,96856700
2021-02-19,126.3763656616211,127.1937801275738,125.3351574256944,126.73642239782728,87668800
2021-02-22,122.61048126220705,126.23041094448013,122.22124015432108,124.56640502266376,103916400
2021-02-23,122.4742431640625,123.3013758456432,115.20519230196524,120.43073670834654,158273000
2021-02-24,121.97796630859376,122.1823162213377,118.94190197736168,121.57899955251936,111039900
2021-02-25,117.7352294921875,123.0580814668372,117.29733797299156,121.32596667655264,148199500
2021-02-26,117.99799346923828,121.49141551253577,117.93960247752108,119.29220956982276,164560400
2021-03-01,124.3523406982422,124.48857398468388,119.48684497058966,120.42101925940008,116307900
2021-03-02,121.754150390625,125.25730532990296,121.64710890595585,124.95564701355688,102260900
2021-03-03,118.7764663696289,122.32827934815644,118.56238339310272,121.45248872789318,112966300
2021-03-04,116.8983917236328,120.27504677444026,115.4290174341431,118.47481493176636,178155000
2021-03-05,118.1536865234375,118.65970219404976,114.40725661331616,117.72552798386944,153766600
2021-03-08,113.22980499267578,117.74498394850409,113.08383865170995,117.67686731260756,154376600
2021-03-09,117.83255767822266,118.77646492277744,115.5944343694315,115.82797605727136,129525800
2021-03-10,116.75244140625,118.8835235350672,116.23669261108124,118.4164400921035,111943300
2021-03-11,118.6791534423828,119.89552719538874,117.997987110362,119.24355264557504,103026500
2021-03-12,117.7741928100586,117.91042610160652,115.95450209117227,117.16114299809291,88105100
2021-03-15,120.65455627441406,120.66428934425416,117.18059275719496,118.1439662191268,92403800
2021-03-16,122.1920394897461,123.79765430298438,121.36490683570096,122.31853968534864,115227900
2021-03-17,121.40386199951172,122.47426966755624,119.04895622082428,120.71296243719064,111932600
2021-03-18,117.28762817382812,119.8663421601818,117.08327826271947,119.57440947336566,121229700
2021-03-19,116.76214599609376,118.16341092060108,116.4604876842397,116.67457065039012,185549500
2021-03-22,120.07069396972656,120.5377847911862,117.024896545298,117.0930131834112,111912300
2021-03-23,119.24356079101562,120.89782623844285,118.8543196786337,120.0123099463268,95467100
2021-03-24,116.85945892333984,119.59387224546332,116.84000020937296,119.51602254128296,88530500
2021-03-25,117.34600830078124,118.38723138862224,115.79878440882976,116.32425877519718,98844700
2021-03-26,117.9493179321289,118.21205879522662,115.7209205384274,117.1124522760085,94071200
2021-03-29,118.12448120117188,119.28247132989765,117.4822397533486,118.37748900748085,80819200
2021-03-30,116.6745834350586,117.16113298447571,115.66255948137214,116.87893335491496,85671900
2021-03-31,118.86404418945312,120.19718506636264,117.89094519064328,118.3774946900482,118323800
2021-04-01,119.6911849975586,120.8394421912494,119.19490239563412,120.33343394406754,75089100
2021-04-05,122.5131378173828,122.76614557880264,119.7592664897468,120.5377484829673,88651200
2021-04-06,122.8148193359375,123.71006860087718,122.26988629191436,123.09701892635115,80171300
2021-04-07,124.45936584472656,124.47882455845117,121.7736104771957,122.4450511751175,83466700
2021-04-08,126.85317993164062,126.88237171232534,125.06268142419076,125.4811068462127,88844600
2021-04-09,129.42218017578125,129.46109760648577,125.9871415439433,126.30826602843275,106686700
2021-04-12,127.70952606201172,129.2762161435529,127.11593504109705,128.95509167174853,91420000
2021-04-13,130.813720703125,131.03754421397457,128.38097265896974,128.87726276289945,91266500
2021-04-14,128.4782257080078,131.3683301593788,128.11818392495562,131.3099466105929,87222800
2021-04-15,130.8817901611328,131.3683395669363,130.04492458921848,130.22009009642866,89347100
2021-04-16,130.55093383789062,131.04720886250462,129.69460217348174,130.6871670710185,84922400
2021-04-19,131.21267700195312,131.82573417670255,129.75302837507442,129.91845343765638,94264200
2021-04-20,129.52920532226562,131.88410306298763,128.26417368348118,131.38782793049364,94812300
2021-04-21,129.90869140625,130.15196610925796,127.76787698944187,128.7993593544661,68847100
2021-04-22,128.39064025878906,130.54117999377158,127.87489915411142,129.4610398814961,84566500
2021-04-23,130.70669555664062,131.48516306112936,128.6047976585629,128.6047976585629,78657500
2021-04-26,131.09591674804688,131.42676689058607,129.9671181870508,131.20295824690538,66905100
2021-04-27,130.77479553222656,131.76736083305914,130.5023289552631,131.3781122600293,66015800
2021-04-28,129.98655700683594,131.38782184344353,129.50000754125335,130.69691506905932,107760100
2021-04-29,129.88926696777344,133.38270410909877,128.88697605750357,132.7988386951313,151101000
2021-04-30,127.9236297607422,129.96712921001927,127.54412165956818,128.2350137894491,109839500
2021-05-03,128.97451782226562,130.4633727552625,128.283625938946,128.48796838679135,75135100
2021-05-04,124.41072082519533,127.9528084470389,123.29165535400072,127.66087574180308,137564700
2021-05-05,124.65398406982422,126.9407577416854,124.5274764521898,125.7243840284682,84000900
2021-05-06,126.2498779296875,126.2596035749363,123.71008135413716,124.44963872166365,78128300
2021-05-07,126.92247772216795,127.94595553024824,126.21089797889388,127.54631847239044,78973300
2021-05-10,123.64727020263672,126.26934761190338,123.6082792363769,126.1426399859002,88071200
2021-05-11,122.7310028076172,123.08190661407824,119.67027531129932,120.381847398056,126142800
2021-05-12,119.6702880859375,121.4930768252382,119.16342036759428,120.28438654552215,112172300
2021-05-13,121.81475067138672,122.96495825371116,121.12267768901388,121.43459801116455,105861300
2021-05-14,124.23211669921876,124.66100988052594,122.67251527187383,123.0624174879016,81918000
2021-05-17,123.08192443847656,123.72526428981506,122.00969878967952,123.61804098125864,74244600
2021-05-18,121.69776153564452,123.78372980629568,121.62952920667055,123.36458623209384,63342900
2021-05-19,121.54181671142578,121.76600548369002,119.75801895076616,120.050447495282,92612000
2021-05-20,124.09566497802734,124.49531683623646,121.94146411990351,122.06818662946591,76857100
2021-05-21,122.26312255859376,124.76823446881733,122.04867596571786,124.5927788416249,79295400
2021-05-24,123.8909683227539,124.70976380781524,122.7602599555712,122.82849229292908,63092900
2021-05-25,123.6960220336914,125.08017543327662,123.1306641265909,124.59279202902988,72009500
2021-05-26,123.64727020263672,124.17363709199464,123.22812661130168,123.75449350065962,56575900
2021-05-27,122.1169204711914,124.41733561849657,121.92197306010468,123.24763627844212,94625600
2021-05-28,121.46382904052734,122.6237861257757,121.40534630909178,122.3995899273286,71311100
2021-06-01,121.14216613769533,122.18515038351808,120.8107540580726,121.9219706400981,67637100
2021-06-02,121.90247344970705,122.07792909380578,120.91797935921072,121.14216813753484,59278900
2021-06-03,120.42084503173828,121.69776758173276,120.02119320163122,121.53206155124435,76229200
2021-06-04,122.71150970458984,122.97469686847109,120.7230150397492,120.9374616364624,75169300
2021-06-07,122.7212371826172,123.13063110066896,121.67825318942909,122.98441686228902,71057600
2021-06-08,123.54005432128906,125.21663622404849,123.0234370016728,123.4035896495703,74403800
2021-06-09,123.92019653320312,124.52454534046706,123.32559732645998,123.99817846383708,56877900
2021-06-10,122.92597198486328,124.95345787476268,122.7602659341765,123.81299241371468,71186400
2021-06-11,124.13465118408205,124.22238272093318,122.91621132668672,123.33535493510138,53522400
2021-06-14,127.18563079833984,127.24411353581664,123.86173050218788,124.59279446771669,96906500
2021-06-15,126.3668441772461,127.30261260822044,126.12315618593904,126.65927274152148,62746300
2021-06-16,126.86394500732422,127.58526671760067,125.21662690472674,127.07839160028392,91815000
2021-06-17,128.4625701904297,129.20339129093645,126.3766013323592,126.52282306860803,96721700
2021-06-18,127.1661376953125,128.18961527761795,126.95169109033546,127.40982566701064,108953300
2021-06-21,128.95968627929688,129.06690958900398,125.9477063159808,127.0101823744656,79663300
2021-06-22,130.59725952148438,130.69474066397615,128.29684436989922,128.7939773736595,74783600
2021-06-23,130.32431030273438,130.9286665216875,129.8661757752273,130.39255006678223,60214200
2021-06-24,130.0416717529297,131.240612583958,129.57378007008424,131.0554073186903,68711000
2021-06-25,129.7492218017578,130.5095270692511,129.45679326652197,130.09039090512184,70783700
2021-06-28,131.3770751953125,131.8352098315601,129.98318695524438,130.04166969629122,62111300
2021-06-29,132.88790893554688,133.043872786454,130.95790461954863,131.39653993588485,64556100
2021-06-30,133.50201416015625,133.94064949902392,132.43952338561445,132.73195190270366,63261400
2021-07-01,133.80419921875,133.86268195374564,132.3323143115352,133.15111722207564,52485800
2021-07-02,136.42628479003906,136.46526832234767,134.27207651002422,134.41828334809892,78852600
2021-07-06,138.4342498779297,139.53570925876045,136.53348691022637,136.53348691022637,108181800
2021-07-07,140.9198760986328,141.231788943126,139.05809657469072,139.91586805219617,104911600
2021-07-08,139.6234588623047,140.42274763655988,137.11833949517367,138.00536723887996,105575500
2021-07-09,141.44625854492188,141.97261806281588,139.04836216143113,139.1458433075578,99890800
2021-07-12,140.85166931152344,142.62572515772004,140.36429329314447,142.51850183873523,76299700
2021-07-13,141.96286010742188,143.7369156295679,140.00361422588887,140.39350901995925,100827100
2021-07-14,145.3842315673828,145.79364043052715,143.95134516697595,144.3607540301203,127050800
2021-07-15,144.73118591308594,146.21281325196273,143.37628110522587,145.4720070192926,106820300
2021-07-16,142.6939239501953,145.97883295333372,142.19680585690423,144.71166743629377,93251400
2021-07-19,138.8533935546875,140.43250161447835,138.09308832622733,140.1205738932986,121434600
2021-07-20,142.4599609375,143.3859869898834,139.350515378791,139.83789124908492,96350000
2021-07-21,141.72889709472656,142.4404765741107,140.97834896361408,141.8556195804996,74993500
2021-07-22,143.09359741210938,144.4582442706814,142.12858757198936,142.2553100922622,77338200
2021-07-23,144.8091278076172,144.96509166825837,143.210535419876,143.82463382519293,71447400
2021-07-26,145.22825622558594,146.0470440562457,143.97081824593766,144.5264338354404,72434100
2021-07-27,143.0643768310547,145.44277445035308,141.87517802140547,145.3550354532032,104818600
2021-07-28,141.31951904296875,143.25928057886588,138.94112214929507,141.15381301329907,118931200
2021-07-29,141.96286010742188,142.8498878684949,140.92962551695572,141.03684881635502,56699500
2021-07-30,142.1772918701172,142.635426385787,140.4714762953773,140.73466343435456,70440600
2021-08-02,141.84591674804688,143.2398049839172,141.58272954059322,142.66470486730785,62880000
2021-08-03,143.6394805908203,144.30230492815895,141.51451312265684,142.1286117502495,64786600
2021-08-04,143.2397918701172,144.058579914417,142.58670986762564,143.5517196242508,56368300
2021-08-05,143.34698486328125,144.1072900112852,142.47945643165977,143.26900294123843,46397700
2021-08-06,142.66368103027344,143.61060825982952,142.16581806356817,142.86869219057516,54126800
2021-08-09,142.61488342285156,143.21037365568,142.05845003246944,142.72226739584752,48908700
2021-08-10,142.1365203857422,144.19632898598317,141.84365370926938,142.95653516321173,69023100
2021-08-11,142.3903045654297,143.22984760890972,142.06815276895088,142.57578725696132,48493500
2021-08-12,145.3482666015625,145.50446416374157,142.37081574173467,142.71249604702388,72282600
2021-08-13,145.5532989501953,145.88520764627282,144.74304073624972,145.42638655047446,59375000
2021-08-16,147.5252227783203,147.59356480078714,142.9858407795006,145.00659283395282,103296000
2021-08-17,146.6173095703125,148.07185618392833,145.54347021491796,146.65635150331968,92229700
2021-08-18,142.87843322753906,147.134719463398,142.67342208980006,146.23660593235846,86326000
2021-08-19,143.21038818359375,144.47946756706352,141.06272340162622,141.5801148978695,86960300
2021-08-20,144.66490173339844,144.9675251601663,143.28843882859866,143.9327425154178,60549600
2021-08-23,146.14878845214844,146.61736630864482,144.37207444854158,144.7820819349536,60131800
2021-08-24,146.0609130859375,147.2714219782902,145.602092007955,145.89495874434272,48606400
2021-08-25,144.8308868408203,146.7442698916124,144.28421022511418,146.24639198416384,58991300
2021-08-26,144.03036499023438,145.57278230599707,144.00107981111,144.82110951404735,48597200
2021-08-27,145.06515502929688,145.21158091727293,143.33725507209095,143.97178711441077,55802400
2021-08-30,149.4776153564453,149.83882401907485,145.07490345956626,145.45562564226032,90956700
2021-08-31,148.21832275390625,149.16524992421503,147.6911597437249,149.0285807911714,86453100
2021-09-01,148.8821258544922,151.293371319359,148.71617155840954,149.1945209265185,80313700
2021-09-02,149.99501037597656,151.03956466217258,148.77474502994417,150.20977826854366,71115500
2021-09-03,150.62954711914062,150.9516989362315,149.44832378980732,150.10238418360416,57808700
2021-09-07,152.96270751953125,153.51914078415754,150.71741625258127,151.2836211735212,82278300
2021-09-08,151.42030334472656,153.3043860941943,150.31717858511598,153.24581573453693,74420200
2021-09-09,150.40504455566406,152.39651120399355,150.28788894400816,151.79126431107525,57305700
2021-09-10,145.42636108398438,151.7814983871202,145.1627795675759,151.31292061025323,140893200
2021-09-13,145.99253845214844,147.8180505115286,145.21156570783384,147.04684942260073,102404300
2021-09-14,144.59658813476562,147.47642687466802,143.4153793726529,146.77355269563384,109296300
2021-09-15,145.48495483398438,145.88520555365383,142.88822588135704,145.02613374476746,83281300
2021-09-16,145.25059509277344,145.42632102057476,143.71794980690362,144.9089297875281,68034100
2021-09-17,142.5855712890625,145.27992686740734,142.29270460935308,145.27992686740734,129868800
2021-09-20,139.53977966308594,141.39457695669392,137.90950701335717,140.37932278347847,123478900
2021-09-21,140.01809692382812,141.16027821011605,139.38356500550353,140.50620298279006,75834000
2021-09-22,142.3805694580078,142.9467594818777,140.28170408222925,141.01386330488788,76404300
2021-09-23,143.33726501464844,143.581318108749,142.1755699033987,143.16153904107028,64838200
2021-09-24,143.4250946044922,143.96201429353556,142.09744541695585,142.19507259526048,53477900
2021-09-27,141.91195678710938,142.48793328173883,140.39883985731234,142.0095839613355,74150700
2021-09-28,138.53431701660156,141.3067568929059,138.31954907870838,139.8424381686271,108972300
2021-09-29,139.4324188232422,141.013878143942,138.65144592439347,139.08098176355122,74602000
2021-09-30,138.13401794433594,140.94551367693097,137.91925008166186,140.2426397437822,89056700
2021-10-01,139.25669860839844,139.52028013802934,135.80091312494108,138.52453927839463,94639600
2021-10-04,135.8301544189453,138.82713279141288,134.980854637217,138.38782541869764,98322000
2021-10-05,137.7533416748047,138.85646652806082,136.04496985928344,136.17188224652747,80861100
2021-10-06,138.6221466064453,138.76857249312508,135.07849119061893,136.15233067899587,83221100
2021-10-07,139.8814697265625,140.78935501402486,139.32503639848235,139.6569450430087,61732700
2021-10-08,139.50074768066406,140.75029837603776,139.16883903566588,140.60387247260306,58773200
2021-10-11,139.41285705566406,141.36528138783962,138.43664488957629,138.8857090401355,64452200
2021-10-12,138.14378356933594,139.84239816609858,137.68496264197734,139.82286975119803,73035900
2021-10-13,137.55809020996094,138.03642474342516,135.88876048394778,137.88024208325538,78762700
2021-10-14,140.34027099609375,140.45742659800283,138.14379338196727,138.7295267040612,69907100
2021-10-15,141.3945770263672,141.453147377337,140.09621296187518,140.35003767716657,67940300
2021-10-18,143.06394958496094,143.34704466516118,139.75458969636082,140.03768477656104,85589200
2021-10-19,145.22137451171875,145.62162523479623,143.06395310397025,143.5130025382052,76378900
2021-10-20,145.70945739746094,146.18780683574556,144.59657585778285,145.16278083703227,58418800
2021-10-21,145.92417907714844,146.0803765865811,144.3524770160413,145.27011876419027,61421000
2021-10-22,145.15301513671875,146.6075619891813,145.1042015405824,146.12922747617256,58883400
2021-10-25,145.10418701171875,145.8168177773373,144.10844635434742,145.14322894722775,50720600
2021-10-26,145.76805114746094,147.25188335627817,145.46541277347194,145.77780790953028,60893400
2021-10-27,145.3092041015625,146.16826078037482,144.95776708428832,145.80706700277705,56094900
2021-10-28,148.94073486328125,149.5264533730465,146.15852353048365,146.25615073002083,100077900
2021-10-29,146.23663330078125,146.37330245291255,142.92727357091124,143.718003300801,124953200
2021-11-01,145.41661071777344,146.13899838558393,144.2842007193759,145.44589589912687,74588300
2021-11-02,146.45140075683594,147.96453308347574,145.113979527006,145.12375118515345,69122000
2021-11-03,147.8863983154297,148.35497602206758,146.25612565424197,146.8125588879088,54511500
2021-11-04,147.3690185546875,148.80403696262286,147.0566234619275,147.97426542713765,60394600
2021-11-05,147.8969268798828,148.79635114627666,146.7042085245969,148.49328605752575,65463900
2021-11-08,147.07571411132812,148.18044870579655,146.80197694204415,148.0240232040466,55020900
2021-11-09,147.43743896484375,148.0435691533501,146.70421118808,146.84107977637362,56787900
2021-11-10,144.61207580566406,146.7726603269792,144.54364896685252,146.66511965093986,65187100
2021-11-11,144.56320190429688,146.0883134852804,144.37744845730748,145.62883774477925,41000000
2021-11-12,146.63577270507812,147.03659252052734,144.18189439318962,145.11064651980587,63804000
2021-11-15,146.64553833007812,148.48350051743287,146.08827812399716,147.00725921767452,59222800
2021-11-16,147.6231689453125,148.10221638704422,146.00028814358132,146.5868762388628,59256200
2021-11-17,150.05751037597656,151.53373689410836,147.61341784542643,147.62318884522813,88807000
2021-11-18,154.33956909179688,155.12168178008048,149.627365877677,150.2726099643279,137827700
2021-11-19,156.9596405029297,157.41913113659675,153.02953515610952,154.12448394226502,117305600
2021-11-22,157.4191131591797,161.9944471367291,157.39955624235793,158.06434223873077,117467900
2021-11-23,157.8004150390625,158.18169292863084,155.502961782972,157.51689191338718,96041900
2021-11-24,158.3185577392578,158.51408217991855,156.06998937776268,157.15516717862224,69463600
2021-11-26,153.3032989501953,156.8618980401627,152.86336515925657,156.00158738073347,76959800
2021-11-29,156.65658569335938,157.5853380225465,155.23899986098183,155.80603121042097,88748200
2021-11-30,161.6034393310547,161.81852071802552,156.34374618750323,156.41218795497596,174048100
2021-12-01,161.08526611328125,166.49159798116264,160.85062784337472,163.7346542506034,152052500
2021-12-02,160.0978240966797,160.52798674829987,154.27111613625055,155.19009727061072,136739200
2021-12-03,158.22079467773438,161.271032766341,156.14820866843905,160.3520514474846,118023100
2021-12-06,161.6229705810547,164.12571914002814,160.6062196554979,160.61599065605895,107497000
2021-12-07,167.35191345214844,167.7429772469704,164.57542763792551,165.2988844701773,120405400
2021-12-08,171.1647491455078,172.02507478771778,166.88269277595091,168.2807219445421,116998900
2021-12-09,170.65631103515625,172.7973384356804,170.03062395661755,170.9984899495763,108923700
2021-12-10,175.4369659423828,175.61294836881706,170.78341894665584,171.29179439045112,115402700
2021-12-13,171.8099365234375,178.0570365302883,171.6046261840087,177.06961358561998,153237000
2021-12-14,170.43145751953125,173.76520322122326,168.35887188331523,171.3308817563336,139380400
2021-12-15,175.29034423828125,175.4858686850592,168.45665517933287,171.19404218690133,131063300
2021-12-16,168.40777587890625,177.08919884301145,166.9315491019716,175.27079308478832,150185800
2021-12-17,167.31283569335938,169.59073223954843,165.8952646870351,166.12988807604526,195432700
2021-12-20,165.95388793945312,166.76532847471316,163.71510567618958,164.51676029378936,107499100
2021-12-21,169.1214599609375,169.3267554134747,165.33799395674112,167.72343104614094,91185900
2021-12-22,171.71218872070312,171.92727008747283,168.30022969109157,169.1703261593658,92135300
2021-12-23,172.33787536621094,172.8951357013555,171.35046721642092,171.9174985527305,68356600
2021-12-27,176.2973175048828,176.38530127238838,173.11022561335014,173.12976761664484,74919600
2021-12-28,175.28054809570312,177.2749361221624,174.5375492742612,176.1311025117923,79144300
2021-12-29,175.36856079101562,176.5906072567406,174.15628532669507,175.31967594887476,62348900
2021-12-30,174.2149200439453,176.53193000592643,174.10737937130014,175.45652327947462,59773000
2021-12-31,173.59902954101562,175.2218958133562,173.29594950484335,174.1073900997929,64062300
2022-01-03,177.93972778320312,178.79028222604728,173.73590007898758,173.85321176039008,104487900
2022-01-04,175.681396484375,178.8489462858369,175.1143651356069,178.5458811499138,99310400
2022-01-05,171.00827026367188,176.14086475419518,170.73453308424857,175.59339039534856,94537600
2022-01-06,168.153564453125,171.37976954533002,167.80161453547433,168.83790737145776,96904000
2022-01-07,168.31980895996094,170.2457555978546,167.2053030557917,169.0237089960216,86709100
2022-01-10,168.3393096923828,168.64237476166727,164.4092049558039,165.29885816519484,106765600
2022-01-11,171.1647491455078,171.2625039300376,167.00001940197362,168.46647542797945,76138300
2022-01-12,171.60462951660156,173.21772467571947,170.91051556767007,172.1814317936139,74805200
2022-01-13,168.3393096923828,172.67023424322653,167.94824595979313,171.8490227811223,84505800
2022-01-14,169.19964599609375,169.89375992557677,167.2639139583208,167.5083232130091,80440800
2022-01-18,166.00277709960938,168.6814931182034,165.6214992398613,167.67452813175186,90956700
2022-01-19,162.51263427734375,167.25418085979933,162.22912604138477,166.1983308501733,94815000
2022-01-20,160.83108520507812,165.88546757565922,160.50846314939517,163.24585020445963,91420500
2022-01-21,158.77806091308594,162.61039693927614,158.6705202245997,160.74310631081485,122848900
2022-01-24,158.0056915283203,158.67049246380245,151.2404450916643,156.44148123567246,162294600
2022-01-25,156.2068634033203,159.1202179477596,153.50859022634555,155.42475069595457,115798400
2022-01-26,156.11886596679688,160.7137572085088,154.29068942101793,159.84366081362626,108275300
2022-01-27,155.6593780517578,160.1760566161972,154.74039680395836,158.8171416631375,121954600
2022-01-28,166.52093505859375,166.54049197821774,159.15932862262193,162.00425626677838,179935700
2022-01-31,170.87139892578125,171.0864802658057,165.71924760028926,166.3547206203823,115541600
2022-02-01,170.70523071289062,170.93008309016165,168.45666218750117,170.11864243059435,86213900
2022-02-02,171.90769958496094,171.94681342176997,169.45383589849953,170.84207875406224,84914300
2022-02-03,169.03343200683594,172.2987509371964,168.27087633720052,170.57810026310062,89418100
2022-02-04,168.74960327148438,170.423499411506,167.07570713146276,168.05458991972742,82465400
2022-02-07,168.0349884033203,170.27662295458384,167.3399751947351,169.20964451994723,77251200
2022-02-08,171.13807678222656,171.6471000057892,167.80986639624405,168.1035342150904,74829200
2022-02-09,172.5574493408203,172.91963117728815,171.20658637108463,172.33231049138615,71285000
2022-02-10,168.48524475097656,171.77429042410176,167.92728951408122,170.46259150846328,90865900
2022-02-11,165.0787811279297,169.4250227899619,164.4914455219278,168.690860750742,98670700
2022-02-14,165.31370544433594,165.99892030677,163.04269054419584,163.83558309476695,86185500
2022-02-15,169.14111328125,169.29773807776493,166.654758116967,167.35955476472148,62527400
2022-02-16,168.9061737060547,169.67948428764964,166.45896752351717,168.22095896225642,61177400
2022-02-17,165.31370544433594,168.27971865617212,164.91235997613748,167.4182971510757,69589300
2022-02-18,163.76707458496094,166.93864489391834,162.68051421778296,166.23386310925557,82772700
2022-02-22,160.8499755859375,163.16992227378196,158.72578746937097,161.4960266681506,91162800
2022-02-23,156.68975830078125,162.6413518716535,156.37650867254357,162.04423283731927,90009200
2022-02-24,159.30337524414062,159.4110529381091,148.7901697172211,149.3579234730035,141147500
2022-02-25,161.3688201904297,161.6331077669388,157.47285626304333,160.38013909716133,91974200
2022-02-28,161.63311767578125,161.92678549313706,158.99992064321486,159.61662156600548,95056600
2022-03-01,159.753662109375,163.08187242749526,158.54964050687724,161.2219862371019,83474400
2022-03-02,163.04269409179688,163.82580321014547,159.50892707803538,160.91852050375005,79724800
2022-03-03,162.71966552734375,165.34307890598984,162.0540324670775,164.91236813214016,76678400
2022-03-04,159.7242889404297,162.0540345545001,158.67689221468046,161.01642127862274,83737200
2022-03-07,155.9359893798828,161.53519862355543,155.6814703637219,159.91025004561254,96418800
2022-03-08,154.1153106689453,159.44043549933374,152.50994347183405,155.46617371481233,131148300
2022-03-09,159.5089111328125,159.959203685233,156.04367342146804,158.06995256595388,91454900
2022-03-10,155.1724853515625,157.0029911685478,152.6861150001443,156.81700107101284,105342000
2022-03-11,151.4625244140625,155.9164439341305,151.23738556277695,155.57382899544626,96970100
2022-03-14,147.43930053710938,150.86538982544317,146.9302923114544,148.2517749321591,108732100
2022-03-15,151.8148956298828,152.28477002224423,147.2043670461277,147.71337523300835,92964300
2022-03-16,156.2198486328125,156.62119402728206,151.19819175617425,153.73349374971625,102300200
2022-03-17,157.2281036376953,157.6000837703935,154.30125449850178,155.26055517399735,75615400
2022-03-18,160.5171661376953,161.0066074424884,156.3862803303168,157.1204422875064,123511700
2022-03-21,161.8876190185547,162.83713639325782,159.56765695852218,160.05709828830467,95811400
2022-03-22,165.2549591064453,165.8422796739602,161.42752475473955,162.01484532225444,81532000
2022-03-23,166.61563110351562,168.99430889731204,164.1096788423283,164.44251031244588,98062700
2022-03-24,170.39410400390625,170.46261801995993,166.61561651162776,167.44765777264146,90131400
2022-03-25,171.03036499023438,171.578536843318,169.10196511927478,170.20810721060892,80546200
2022-03-28,171.89178466796875,172.019029244763,168.36780145361686,168.53420969754978,90371900
2022-03-29,175.1808624267578,175.22979461470234,172.61617948078282,172.95879441578631,100589400
2022-03-30,174.01597595214844,175.81711647524634,172.96856432856262,174.77950323773482,92633200
2022-03-31,170.92271423339844,174.27049138056103,170.7171422878286,174.0845012718467,103049300
2022-04-01,170.62904357910156,171.18701389593227,168.30909632537671,170.35495761395958,78751300
2022-04-04,174.67185974121094,174.72080687147195,170.7563283054037,170.8835878567689,76468400
2022-04-05,171.36318969726562,174.53477477488693,170.73670541562527,173.7516656886956,73401800
2022-04-06,168.20143127441406,169.96342328033663,166.53733352192953,168.72023795719042,89058800
2022-04-07,168.50486755371094,169.69910564386342,166.26323274049562,167.54556668896316,77594700
2022-04-08,166.4981689453125,168.15248323813117,165.6269638660641,168.15248323813117,76575500
2022-04-11,162.24978637695312,165.46052001953282,162.0050657338506,165.1472853633742,72246700
2022-04-12,164.11944580078125,166.28276779117587,163.12098145475815,164.4718441031093,79265200
2022-04-13,166.8015899658203,167.42807423573976,163.24825626550123,163.8551587010773,70618900
2022-04-14,161.79949951171875,167.65322825491936,161.55477886000992,167.01694559853848,75329400
2022-04-18,161.58416748046875,163.08185675186522,160.11584349387897,160.45844346214486,69023900
2022-04-19,163.86492919921875,164.2760730051198,160.4486387361769,161.53519893963082,67723800
2022-04-20,163.69854736328125,165.31371275678185,162.59242008519655,165.19623667762264,67929800
2022-04-21,162.90565490722656,167.90774603308134,162.4064301142371,165.34307817395856,87227800
2022-04-22,158.3734130859375,164.32502122927878,158.08954369720692,162.94480808191494,84882400
2022-04-25,159.44041442871094,159.7242838315626,155.11375480994548,157.71757136622622,96046400
2022-04-26,153.4888153076172,158.91181906878418,153.4105028966986,158.82372320771267,95623200
2022-04-27,153.2636260986328,156.4156137171025,152.09875364091826,152.61756012327783,88063200
2022-04-28,160.18434143066406,161.0457628626786,155.57379800357486,155.88704759214835,130216800
2022-04-29,154.32081604003906,162.69026417943107,153.92926902509257,158.4223359956449,131747600
2022-05-02,154.62432861328125,154.8886162063275,150.03336604127583,153.40072515321864,123055300
2022-05-03,156.11221313476562,157.31624964341847,153.01895506893698,154.81029731534235,88966500
2022-05-04,162.51406860351562,162.96434616624182,155.89681367917365,156.29815906862677,108256500
2022-05-05,153.45945739746094,160.6150881198339,151.67788357069364,160.38994926297363,130525300
2022-05-06,154.18487548828125,156.3023722983105,151.14587460582203,152.93986371222095,116124600
2022-05-09,149.06761169433594,152.76342612282588,148.5088364921623,151.88112823098254,131577900
2022-05-10,151.46937561035156,153.65550196924158,149.92046680625165,152.45950928453797,115366700
2022-05-11,143.6169891357422,152.39085681137783,142.94056542836282,150.4792343504193,142689800
2022-05-12,139.75453186035156,143.3228989996902,136.06853101088905,139.96040581157675,182602000
2022-05-13,144.2150115966797,145.18553469561974,140.2937279042498,141.74459868206603,113990900
2022-05-16,142.6759033203125,144.616949555646,141.3426662408205,142.68571610317943,86643800
2022-05-17,146.3031005859375,146.8226694807634,143.7934664467187,145.9305738468132,78336300
2022-05-18,138.04881286621094,144.4601057389983,137.1469043666091,143.960147405131,109742900
2022-05-19,134.6470947265625,138.87227582415818,133.91185397987616,137.1273056487035,136095600
2022-05-20,134.8823699951172,137.93116906609265,130.00037534307543,136.3528515735585,137426100
2022-05-23,140.29371643066406,140.4407585737006,134.941158046499,135.07840236616943,117726300
2022-05-24,137.5978546142578,139.17617200488684,134.62748321427134,138.03899606760518,104132700
2022-05-25,137.7547149658203,138.9997119005548,135.61760734755066,135.70583264997845,92482700
2022-05-26,140.9505615234375,141.4995389264538,134.44123025043575,134.68631051667606,90601500
2022-05-27,146.69520568847656,146.73441193920726,142.4013957458045,142.5288422380691,90978500
2022-05-31,145.91098022460938,147.69517170019813,143.95033814163904,146.1364648342796,103718400
2022-06-01,145.7835235595703,148.75389460714223,144.7737792988703,146.95009283292427,74286600
2022-06-02,148.23434448242188,148.29316134885798,143.96994216366954,144.92085472708317,72348100
2022-06-03,142.51905822753906,145.05808578629097,141.6171647882395,144.0091352358549,88570300
2022-06-06,143.26406860351562,145.64625571792195,142.04846553260185,144.13655344098794,71598400
2022-06-07,145.7835235595703,146.06781003090646,141.26424373812603,141.50932395629872,67808200
2022-06-08,145.04827880859375,146.9206802540853,144.55811838609154,145.6560729457736,53950200
2022-06-09,139.83297729492188,145.0384790561678,139.72514139394366,144.18560463111925,69473000
2022-06-10,134.4314422607422,137.9899978151303,134.3628126010876,137.51944785790386,91437900
2022-06-13,129.2847442626953,132.53940235521404,128.85340060932865,130.2552525242583,122207100
2022-06-14,130.14739990234375,131.25516732822615,128.89259032192393,130.5101288143863,84784300
2022-06-15,132.76483154296875,134.63724775917188,129.5591934714462,131.6472664900923,91533000
2022-06-16,127.50052642822266,129.78467578709342,126.50059498012912,129.48077871917013,108123900
2022-06-17,128.9710235595703,130.4611156124141,127.25546187351353,127.5103548974603,134520300
2022-06-21,133.1962127685547,134.36279718069025,130.69640612370614,130.79442925101708,81000500
2022-06-22,132.68643188476562,135.04899374439103,131.27476747959807,132.1374396483602,73409200
2022-06-23,135.54898071289062,135.86267563561398,132.96093402675356,134.1275183400123,72433800
2022-06-24,138.8722686767578,139.1173489130396,137.01946268880786,137.14689423988725,89116800
2022-06-27,138.8722686767578,140.6662578013618,138.19584483125837,139.89179587794544,70207900
2022-06-28,134.7353057861328,140.59762053174873,134.61767206581916,139.3330131628478,67083400
2022-06-29,136.4900665283203,137.90173093297278,133.98044756827542,134.75490940956817,66242400
2022-06-30,134.0294952392578,135.6470189893978,131.13755113159218,134.54906419941244,98964500
2022-07-01,136.1959686279297,136.3038045198631,132.9903302157903,133.36284196732555,71051600
2022-07-05,138.77423095703125,138.82324999611623,134.23534018265374,135.05882114715405,73353800
2022-07-06,140.10743713378906,141.28381901974345,138.30365057809186,138.56834136394644,74064300
2022-07-07,143.469970703125,143.66603189279604,140.4603783389641,140.47017616296918,66253700
2022-07-08,144.1463623046875,144.646335480772,142.14651447587394,142.4013924960781,64547800
2022-07-11,142.01907348632812,143.7542455393016,140.95052737444695,142.8033331399919,63141600
2022-07-12,142.98960876464844,145.52863633565593,142.19555121961218,142.89157069008422,77588800
2022-07-13,142.6269073486328,143.56800712971256,139.3232154144063,140.17610485424197,71185600
2022-07-14,145.54820251464844,146.01875222020254,140.4309277214179,141.24459562470227,78140700
2022-07-15,147.21478271484375,147.8912065060331,145.2835494113212,146.83245817528143,76259900
2022-07-18,144.17578125,148.58722466683977,143.81305239727462,147.77355664160174,81420900
2022-07-19,148.02842712402344,148.25389669881054,144.01891901249385,145.0090375439563,82982400
2022-07-20,150.02830505371094,150.6949310490213,147.41085002655058,148.14609070693865,64823400
2022-07-21,152.2928466796875,152.50851845862235,148.94994906470606,151.45956799212024,65086600
2022-07-22,151.05763244628906,153.2045374479934,150.3910214648786,152.3320525114364,66675400
2022-07-25,149.9400634765625,151.9889303599999,149.28325033510924,150.97920113195147,53623900
2022-07-26,148.6166229248047,150.07729118277658,147.83236337932289,149.26362321320852,55138700
2022-07-27,153.7045135498047,154.2338952339947,149.1656377708993,149.5773707705413,78620700
2022-07-28,154.25347900390625,154.53776544520662,151.37133354934207,153.89075014754778,81378700
2022-07-29,159.3119659423828,160.4099356728857,156.36120501340108,158.06696899861157,101786900
2022-08-01,158.3316192626953,160.3706884793457,157.72382510643268,157.84145882480365,67829400
2022-08-02,156.8611297607422,159.2139087149108,156.4886180191764,156.94937000342367,59907000
2022-08-03,162.8607177734375,163.311657015849,157.58658648416494,157.67481177613547,82507500
2022-08-04,162.54696655273438,163.8998138528489,161.19411925261988,162.74302769340886,55474100
2022-08-05,162.3212432861328,162.81208464474912,160.0142829089203,160.22044287042655,56697000
2022-08-08,161.85003662109375,164.73618641729826,161.19231095001098,163.32256080452132,60276900
2022-08-09,161.89910888671875,162.78263230320212,160.25970057725633,161.0156004495246,63135500
2022-08-10,166.13998413085938,166.23814341245296,163.8428352480907,164.60854654925055,70170500
2022-08-11,165.40371704101562,167.85792369494868,165.10920924668594,166.94495103045548,57149200
2022-08-12,168.9475860595703,169.01629605421468,166.29703098384925,166.70935086886797,68039400
2022-08-15,170.017578125,170.2139116101504,168.2112860947607,168.3781703061028,54091700
2022-08-16,169.8605499267578,170.52810192661653,168.51564947224608,169.61512926108554,56377100
2022-08-17,171.35267639160156,172.92335934005538,169.4089493149704,169.60528281111644,79542000
2022-08-18,170.96002197265625,171.6962839363271,169.94889007422466,170.56735491708034,62290100
2022-08-19,168.378173828125,170.55751001123525,168.1720139278697,169.8605088981945,70346300
2022-08-22,164.5005645751953,166.74861119438174,164.07843325743647,166.58172694573366,69026800
2022-08-23,164.16677856445312,165.6196796113523,163.5974008535258,164.0195321647684,54147100
2022-08-24,164.46127319335938,165.03065085876125,163.20472075222654,164.2551282502834,53841500
2022-08-25,166.9154815673828,167.02346724627097,165.2662620854037,165.688378388784,51218200
2022-08-26,160.62289428710938,167.91680343416758,160.56399573070382,167.44560000363606,78961000
2022-08-29,158.42393493652344,159.91608162954805,156.89251255304256,158.19813716461735,73314000
2022-08-30,155.9991912841797,159.58232691391927,154.83098655063566,159.1602105704912,77906200
2022-08-31,154.34014892578125,157.6386032608909,154.2616125155062,157.37354474862363,87991100
2022-09-01,155.0666046142578,155.51817026416148,151.836860169279,153.77077627080038,74229900
2022-09-02,152.95594787597656,157.42260624530542,152.1313381712874,156.8237793213389,76957800
2022-09-06,151.6994171142578,154.21252227519972,150.87480729194033,153.60388383195894,73714800
2022-09-07,153.1032257080078,153.80021196934476,150.79626559392008,151.9841081371773,87449600
2022-09-08,151.63072204589844,153.4959132532277,149.88331299426738,151.80741774838046,84923800
2022-09-09,154.48736572265625,154.92913481819144,151.91536244109605,152.62217501880943,68028800
2022-09-12,160.4364013671875,161.25119983056848,156.38206187837264,156.66674327917335,104956000
2022-09-13,151.02206420898438,157.59933535695706,150.56067213786503,156.97105902298662,122656600
2022-09-14,152.46514892578125,154.2223694761001,150.79629120920487,151.9546696901294,87965400
2022-09-15,149.57896423339844,152.39640331677907,148.6071081028978,151.81719923234522,90481100
2022-09-16,147.93955993652344,148.57766259301448,145.65223775657734,148.44022763272653,162278800
2022-09-19,151.65032958984375,151.72886599832884,146.36888718799335,146.5750321533895,81474200
2022-09-20,154.02597045898438,155.1843635395565,150.2759512881002,150.59008188296497,107689800
2022-09-21,150.90423583984375,155.83228620825895,150.78643873263653,154.45792171393398,101696800
2022-09-22,149.9422149658203,151.64052177438083,148.14573389948876,149.58880860884872,86652500
2022-09-23,147.6744842529297,148.69544239271363,145.83874285871622,148.42057250414538,96029900
2022-09-26,148.00827026367188,150.95331767501642,146.898964278694,146.91860212230296,93339400
2022-09-27,148.9801483154297,151.88593544780034,147.20330517830297,149.9422080635759,84442700
2022-09-28,147.09532165527344,147.8806707549768,142.1869085062377,144.93562286555536,146691400
2022-09-29,139.87014770507812,144.0324877695267,138.10311583907216,143.42384928540386,128138200
2022-09-30,135.66851806640625,140.4787712884576,135.47218456289696,138.69210195416497,124925300
2022-10-03,139.84066772460938,140.44932105441077,135.16786446408517,135.67834355315813,114311700
2022-10-04,143.42384338378906,143.5416405102459,141.61753589548164,142.37343574191996,87830100
2022-10-05,143.7183380126953,144.68039782185656,140.39043433471556,141.43103055560152,79471000
2022-10-06,142.76612854003906,144.83747993609245,142.5599835315962,143.13917281341946,68402200
2022-10-07,137.52391052246094,140.47878470691822,136.8956342636469,139.9290298735793,85925600
2022-10-10,137.84788513183594,139.2909599221613,136.03178109548642,137.84788513183594,74899000
2022-10-11,136.4342498779297,138.76084793369003,135.68817645989057,137.33739611427865,77033700
2022-10-12,135.8059539794922,137.78895683135124,135.6292583188671,136.5814915458878,70433700
2022-10-13,140.3707733154297,140.95977377434966,131.90866074826354,132.5173140288845,113224000
2022-10-14,135.84523010253906,141.87276009592642,135.65870802953629,141.66660017858484,88598000
2022-10-17,139.80142211914062,140.282437004532,137.7006219624551,138.48597103526853,85250900
2022-10-18,141.1168975830078,144.01285874624452,138.03441429758362,142.8250309880353,99136600
2022-10-19,141.22488403320312,142.2949146585481,138.9081120945048,139.09463421767856,61758300
2022-10-20,140.76345825195312,143.21766459219867,140.0370077826972,140.40024050696854,64522000
2022-10-21,144.57237243652344,145.14175003074126,140.0369895251427,140.25296085326963,86548600
2022-10-24,146.7124481201172,147.47815927955588,143.32564645655586,144.49385104011358,75981900
2022-10-25,149.5495147705078,149.69677613929844,146.62410499116672,147.3407290522299,74732300
2022-10-26,146.61431884765625,149.2059606049606,145.32830191392304,148.19482861119383,88194300
2022-10-27,142.14764404296875,146.31979510961392,141.48991849585923,145.35775035197634,109180200
2022-10-28,152.88723754882812,154.61499335183578,145.11231396636444,145.4853431294892,164762400
2022-10-31,150.5312042236328,151.4147275390832,149.13721674827332,150.35450854811523,97943200
2022-11-01,147.89044189453125,152.60252022961126,146.39829548886178,152.23930254891707,80379300
2022-11-02,142.37342834472656,149.3826416112209,142.34397906464244,146.22162239502856,93604600
2022-11-03,136.33607482910156,140.18426855678922,136.20845130657773,139.45781809061094,97918500
2022-11-04,136.07058715820312,140.28898493787645,132.1373429796548,139.71866273149064,140814800
2022-11-07,136.60157775878906,136.8277351131925,133.40581664759068,134.82178704829124,83374600
2022-11-08,137.171875,139.06965789658196,135.19542542837,138.06669154902085,89908500
2022-11-09,132.61915588378906,136.2377483327938,132.3438299914245,136.18857977969958,74917800
2022-11-10,144.41888427734375,144.41888427734375,137.17188688278108,138.88285345399055,118854000
2022-11-11,147.20166015625,147.50648417895965,141.96061049585242,143.38642351170455,93979700
2022-11-14,145.8053741455078,147.77199641885335,144.96955367768106,146.48386123047396,73374100
2022-11-15,147.53599548339844,151.02675299903876,146.0806992107757,149.67962155098414,89868300
2022-11-16,146.3068389892578,147.36881668355312,144.83187247009243,146.6411761367448,64218300
2022-11-17,148.2046661376953,148.95197725260945,143.71092672522755,143.98625266251898,80389400
2022-11-18,148.76512145996094,150.15159363499748,147.4671586821555,149.76810292744864,74829600
2022-11-21,145.5398712158203,147.8604860232478,145.2547175972566,147.65399909356225,58724100
2022-11-22,147.67364501953125,147.9096450709946,144.47788413446048,145.65786938764137,51804100
2022-11-23,148.548828125,149.29613922514196,146.84768896962234,146.95585380028717,58301400
2022-11-25,145.63821411132812,146.3953678932279,144.66473067745702,145.83487333926465,35195900
2022-11-28,141.8131561279297,144.192767660707,140.98717824134044,142.717800718595,69246000
2022-11-29,138.8140411376953,142.393293327039,138.00773375100172,141.88196729880755,83763800
2022-11-30,145.5595245361328,146.23801151936658,138.20436253781247,139.04016787618127,111380900
2022-12-01,145.8348846435547,146.64120704597445,144.16325857031342,145.73656252403373,71250400
2022-12-02,145.34320068359375,145.53003217962117,143.21924526160134,143.52408428382984,65447400
2022-12-05,144.1829071044922,148.4013049961633,143.33725898348703,145.3038811249747,68826400
2022-12-06,140.5249786376953,144.84171332835018,139.55149534602168,144.61555599946504,64727200
2022-12-07,138.5878448486328,140.97728320609625,137.6635301739463,139.8169835109002,69721100
2022-12-08,140.26931762695312,141.12480845757423,138.7451974772698,139.9841640195035,62128300
2022-12-09,139.7875213623047,143.14061609699272,138.5485396692002,139.9645101732408,76097000
2022-12-12,142.07861328125,142.0884409898644,138.7058487137347,140.31847817047847,70462700
2022-12-13,143.04226684570312,147.4671667934874,141.83279839446703,147.00500937638787,93886200
2022-12-14,140.8199920654297,144.21241242784126,138.80420126905452,142.92427726159215,82291200
2022-12-15,134.22195434570312,139.43350575702271,133.7597969655739,138.75501875197617,98931900
2022-12-16,132.26513671875,135.3527321802719,131.49815545789718,134.40876216882202,160156900
2022-12-19,130.16085815429688,132.94362978303496,129.12839371956332,132.85513540362356,79592600
2022-12-20,130.09202575683594,131.02616804412892,127.7222430565094,129.1972093009086,77432800
2022-12-21,133.18948364257812,134.5267873201525,130.5345467103143,130.76070405901197,85928000
2022-12-22,130.02322387695312,132.31434056379908,128.12544063659777,132.10785363301125,77852100
2022-12-23,129.65940856933594,130.21006041152802,127.4764566205478,128.7350936895975,63814900
2022-12-27,127.85994720458984,129.2169213883547,126.57181200307966,129.1874232542848,69007800
2022-12-28,123.93653106689452,128.84325132058044,123.76936998157429,127.50594763388185,85438400
2022-12-29,127.44696044921876,128.30243635978945,125.59833816334044,125.8539936642562,75703700
2022-12-30,127.76161193847656,127.78128236285382,125.30334153820444,126.26698977683236,77034200
2023-01-03,122.98271942138672,128.7154174535332,122.09773792777466,128.10576937065363,112117500
2023-01-04,124.25119018554688,126.51280869797894,122.99255318811517,124.77234386397704,89113600
2023-01-05,122.93355560302734,125.63766124201172,122.67790010774006,125.00834271164996,80962700
2023-01-06,127.4567642211914,128.11558077623516,122.80570749443298,123.90701849100518,87754700
2023-01-09,127.9779281616211,131.18353181246084,127.72227268810084,128.2925949020793,70790800
2023-01-10,128.54824829101562,129.06940194282927,125.98180587179893,128.0860909010472,63896200
2023-01-11,131.26223754882812,131.28189297285235,128.28280535784592,129.05961472273617,69458900
2023-01-12,131.1835479736328,132.019353473187,129.2464237509339,131.6457054280313,71379600
2023-01-13,132.51101684570312,132.66835024455597,129.46276101465787,129.82658137088367,57809700
2023-01-17,133.6713104248047,134.99877137842552,131.89151977321038,132.5798345273993,63646600
2023-01-18,132.95346069335938,136.29671143241532,132.77645694611428,134.5365916913309,69672800
2023-01-19,133.0124969482422,133.9761376268957,131.53753029546905,131.84235433638028,58280400
2023-01-20,135.569091796875,135.71659745917918,131.98001240951498,133.02231973826562,80223600
2023-01-23,138.7550506591797,140.92817511679004,135.59861495460586,135.81494462926892,81760300
2023-01-24,140.1513214111328,140.77081216801105,137.95854199183503,137.9683697007518,66435100
2023-01-25,139.49252319335938,140.05300275817604,136.49342112366645,138.53871015801215,65799300
2023-01-26,141.5574951171875,141.842648779811,139.53186132489677,140.78067082207204,54105100
2023-01-27,143.49456787109375,144.77287517943125,140.69214050710963,140.77080718806803,70555800
2023-01-30,140.61349487304688,143.12094131391822,140.46600420175812,142.54079133466578,64015300
2023-01-31,141.8819580078125,141.93112656571586,139.90550801485074,140.31849689379183,65874500
2023-02-01,143.00291442871094,144.16322923439725,138.96152054070433,141.56728874190614,77663600
2023-02-02,148.30296325683594,148.65694079146772,145.69718026187857,146.4149930473278,118339000
2023-02-03,151.9215087890625,154.75344851150095,145.36282797711132,145.55948712358486,154357300
2023-02-06,149.19776916503906,150.54491539574025,148.26362674506663,150.0237617823619,69858300
2023-02-07,152.0690460205078,152.63936822302708,148.12597415973434,148.12597415973434,83322600
2023-02-08,149.38461303710938,152.0002240332312,148.64712974900905,151.31190929849808,64120100
2023-02-09,148.35214233398438,151.75440537570756,147.9096553354024,151.213581264491,56007100
2023-02-10,148.71652221679688,149.04151212756338,146.95371454850684,147.19007494553122,57450700
2023-02-13,151.5133819580078,151.9171435900277,148.62787403653363,148.6574172040706,62199000
2023-02-14,150.87327575683594,151.4346261088162,148.568818055862,149.80967642706798,61707600
2023-02-15,152.97091674804688,153.13833305811258,150.5581292969133,150.78463194852628,65573800
2023-02-16,151.37551879882812,153.95572244720177,151.02098573800205,151.17854429955682,68167900
2023-02-17,150.23313903808594,150.67630162569367,148.55896091432058,150.03617955770974,59144100
2023-02-21,146.22496032714844,149.00213887625634,146.15603126407484,147.9188390818426,58867200
2023-02-22,146.64842224121094,147.67262055430007,144.9250004924314,146.60902132895072,51011300
2023-02-23,147.13096618652344,148.05669224456878,145.00378282832062,147.81048914517564,48394200
2023-02-24,144.4818572998047,144.9545631210652,143.5068874555982,144.87577631301392,55469600
2023-02-27,145.67347717285156,146.90449291595675,145.2106140512802,145.46667494315656,44998500
2023-02-28,145.17120361328125,146.8158385647427,144.6000106018143,144.8166705381309,50547000
2023-03-01,143.1030731201172,144.99391093566584,142.80762642427203,144.59999202590106,55479000
2023-03-02,143.69398498535156,144.481837933212,141.71450238763347,142.1872231725768,52238100
2023-03-03,148.7362060546875,148.8149928448926,145.0924034132026,145.79161175732688,70732300
2023-03-06,151.4937286376953,153.92621703534178,151.1293527733432,151.45432771735832,87558000
2023-03-07,149.2975616455078,151.69064849711955,148.83469862838186,151.3656586110283,56182000
2023-03-08,150.5482940673828,151.1391876253047,149.52409559763862,150.4892077170001,47204800
2023-03-09,148.3029022216797,152.1929083670859,147.9483691410299,151.2277963802791,53833600
2023-03-10,146.24464416503906,148.64758887079853,145.36816171354923,147.92868001277867,68572400
2023-03-13,148.18472290039062,150.81417020284252,145.4567883472071,145.56511831219402,84457100
2023-03-14,150.27252197265625,151.07021762009597,147.82034869008896,148.98242012042218,73695900
2023-03-15,150.66647338867188,150.92251923505987,147.64309172837056,148.89380784086055,77167900
2023-03-16,153.48304748535156,154.0837837636838,149.33697988783769,149.84908663995225,76161100
2023-03-17,152.6459197998047,154.35949876084172,151.93685367986137,153.70951897971963,98944600
2023-03-20,155.00946044921875,155.4230948668754,151.80882025865256,152.71486085947325,73641400
2023-03-21,156.8609161376953,156.9790888157361,154.1625247817563,154.93069227015488,73938300
2023-03-22,155.43295288085938,159.67749219321786,155.41325242402124,156.88062840402722,75701800
2023-03-23,156.5162353515625,159.0964541870748,155.28521978995877,156.41776312286146,67622100
2023-03-24,157.81619262695312,157.9048221395663,155.45264879499626,156.44730394409444,59196500
2023-03-27,155.8760986328125,158.3282868109909,155.4723219600322,157.5108907515981,52390300
2023-03-28,155.25570678710938,156.08296082580924,153.61107148047543,155.57085404509948,45992200
2023-03-29,158.32827758789062,158.60402382956926,156.92984592593675,156.9495313524544,51305700
2023-03-30,159.89414978027344,160.00247975071784,158.82070781762587,159.07675364456475,49501700
2023-03-31,162.3955841064453,162.49407137264149,159.4510041879724,159.97295363930863,68749800
2023-04-03,163.6462860107422,163.76445869825218,161.7259047034759,161.77514833228696,56976200
2023-04-04,163.114501953125,164.3061166832112,162.60239523685718,164.06977129650792,46278300
2023-04-05,161.2728729248047,162.54328933366952,159.34264903941414,162.2379998945446,51511700
2023-04-06,162.1592254638672,162.45467221127325,159.53962067833683,159.96308282888376,45390100
2023-04-10,159.56915283203125,159.56915283203125,157.64877164706385,158.96841666370352,47716900
2023-04-11,158.35784912109375,159.89415417908276,158.07224508795338,159.88431146406083,47644200
2023-04-12,157.66848754882812,159.59871163720814,157.35334033527027,158.77147274218814,50133100
2023-04-13,163.04554748535156,163.28190788405584,158.96842452673738,159.1752417539843,68445600
2023-04-14,162.70086669921875,163.794009087704,161.33197803499354,162.09027277975596,49386500
2023-04-17,162.72055053710938,162.8781241294329,161.53877864877254,162.5826774005875,41516200
2023-04-18,163.94171142578125,164.86743742961687,163.13415809407996,163.57733566867122,49923000
2023-04-19,165.0841064453125,165.60605581206516,163.0258371209191,163.28189796071484,47720200
2023-04-20,164.1189727783203,165.3204450523275,163.04553091898333,163.56748026442403,52456400
2023-04-21,162.5137176513672,163.92199192078084,161.99176837404192,162.54326081596733,58337300
2023-04-24,162.8190155029297,163.08491902519904,161.4008834202169,162.49402564838778,41949600
2023-04-25,161.28273010253906,163.78414697340926,161.24332919160244,162.68116189989732,48714100
2023-04-26,161.2728729248047,162.76979197769046,160.32746143764658,160.58350725145092,45498800
2023-04-27,165.85223388671875,165.9999497127407,162.6811372537476,162.6811372537476,64902300
2023-04-28,167.1029815673828,167.27041291997128,165.33033104891717,165.93106728858945,55275900
2023-05-01,167.0143585205078,167.86129792357815,166.07878959348815,166.70906903109534,52472900
2023-05-02,165.9803009033203,167.76282424517206,164.99548835131355,167.5067633643402,48425700
2023-05-03,164.90684509277344,168.32414556576836,164.6212560883793,166.925713661642,65136000
2023-05-04,163.2720489501953,164.50306450874902,161.81453073644045,162.3857237588548,81235400
2023-05-05,170.9339141845703,171.65282310766082,168.1665784150509,168.3832383689214,113453200
2023-05-08,170.8649444580078,171.20963479482143,169.49605587870553,169.86043164324718,55962800
2023-05-09,169.1612091064453,170.90431601807424,168.99379282252266,170.42176761942747,45326900
2023-05-10,170.9240264892578,171.38688948895523,169.28923440637098,170.39223444016065,53724500
2023-05-11,171.11117553710938,171.9384144483228,169.5551699505623,171.20966280003566,49514700
2023-05-12,170.1841583251953,171.653548851867,168.6358569767775,171.21962961924467,45533100
2023-05-15,169.69107055664062,170.81530899814229,169.09935977781652,170.7659972586019,37266700
2023-05-16,169.69107055664062,170.74626955321972,169.42479920138675,169.61217478294208,42110300
2023-05-17,170.30250549316406,170.53917778241149,168.06388478776768,169.3360585337975,57951600
2023-05-18,172.62986755371094,172.81724313624747,170.19401507639674,170.60820660461047,65496700
2023-05-19,172.7383575439453,173.95134816577144,172.5213979143073,173.95134816577144,55809500
2023-05-22,171.79159545898438,172.2945540862593,171.05196458153654,171.57463586444004,43570900
2023-05-23,169.18809509277344,170.98293990870613,168.91196743614205,170.73639628329747,50747300
2023-05-24,169.4642333984375,170.03621645106807,168.16249079935005,168.7246024757336,45143500
2023-05-25,170.59835815429688,171.49576564962197,169.31632809947834,170.02637505144455,56058300
2023-05-26,173.00460815429688,173.33991896491864,170.71669083708804,170.92379413047703,54835000
2023-05-30,174.84877014160156,176.51540772383512,174.1288668535482,174.51347436884586,55964400
2023-05-31,174.79942321777344,176.8703956050701,174.31619231465004,174.87831898039528,99625300
2023-06-01,177.6001739501953,177.62975798334406,174.4838587106697,175.24321733975688,68901800
2023-06-02,178.4482879638672,179.2668146743205,176.78165050926717,178.52718373632618,61996900
2023-06-05,177.09725952148438,182.39301299737724,175.57854201305094,180.1050954524954,121946500
2023-06-06,176.73236083984375,177.62976831057978,174.97695616659206,177.4818481362361,64848400
2023-06-07,175.36154174804688,178.70467241393297,174.86845454040687,175.9729650702157,61944600
2023-06-08,178.07354736328125,178.3398036598064,175.00654388250445,175.44044804834044,50214900
2023-06-09,178.45819091796875,179.71062202681557,178.1327514419261,178.9907186665087,48900000
2023-06-12,181.24903869628903,181.34766218390047,178.468033910057,178.76388932505995,54274900
2023-06-13,180.7756500244141,181.60403301510047,179.91768300176238,180.272706433175,54929100
2023-06-14,181.4068145751953,181.84073380664427,179.50350482104812,180.83483150172444,57462900
2023-06-15,183.4383544921875,183.9413132306641,181.2391890770768,181.4167083517838,65433200
2023-06-16,182.3634033203125,184.4047919439357,181.722395856144,184.14837692000424,101256200
2023-06-20,182.45217895507807,183.5271208328433,181.86048315364172,181.86048315364172,49799100
2023-06-21,181.41668701171875,182.84663717983523,180.0656175699355,182.3436785005217,49515700
2023-06-22,184.4146423339844,184.46395407144703,181.1306792503188,181.19971869233248,51245300
2023-06-23,184.0990753173828,184.96691381940127,182.45216546765664,182.98470820219737,53117000
2023-06-26,182.70855712890625,185.45012108460455,182.66910172140945,184.24698696904443,48088700
2023-06-27,185.46002197265625,185.7854614474672,183.10306491069133,183.3200245605653,50730800
2023-06-28,186.63352966308597,187.27453708797543,185.0063477089331,185.3317720615004,51216800
2023-06-29,186.9688415527344,187.4422162021352,186.32783407243755,186.4658979165552,46347300
2023-06-30,191.2882843017578,191.79122791985355,188.6157445714927,188.9806393982648,85213200
2023-07-03,189.7991943359375,191.19956064074088,189.10885998965756,191.1009371490345,31458200
2023-07-05,188.68479919433597,190.31198136153697,187.98460856583768,188.9214865295673,46920300
2023-07-06,189.1581573486328,189.36526064633148,186.5842409083175,187.21539208287064,45094300
2023-07-07,188.0437774658203,190.0062704618662,187.60987325439865,188.76369580404943,46815000
2023-07-10,186.00238037109372,187.36330604998784,184.4540791221688,186.6433878022031,59922200
2023-07-11,185.47972106933597,186.68285528837708,184.02018687082852,186.5447914459214,46638100
2023-07-12,187.14633178710935,189.04964127499804,185.86430197749195,187.057564649218,60750200
2023-07-13,187.9056854248047,188.5467078881079,187.1561982107916,187.86624506525828,41342300
2023-07-14,188.0536346435547,188.53685056119244,187.00829198764853,187.59998771190843,41616200
2023-07-17,191.30799865722656,191.6334380513428,189.15813040004863,189.24688249449068,50520200
2023-07-18,191.0515899658203,191.64330071064,189.75970372238763,190.6768538720752,48288200
2023-07-19,192.40267944335935,195.489395852648,189.9865395225249,190.4303301514657,80507300
2023-07-20,190.45989990234372,193.75371936128715,189.83860510668907,192.39279363664537,59581200
2023-07-21,189.28636169433597,192.2744696321092,188.5861710830146,191.41650251566855,71951700
2023-07-24,190.0851593017578,192.21530010696893,189.592071988394,190.73603816687745,45377800
2023-07-25,190.943115234375,191.75178560391285,190.2527960456413,190.65713123041024,37283200
2023-07-26,191.8109436035156,192.935181951258,190.64726489612823,190.99241694846552,47471900
2023-07-27,190.54864501953125,194.47361545879667,189.88790988625556,193.3099367294592,47460200
2023-07-28,193.12258911132807,193.9115318637554,191.45595149688123,191.97862287270013,48291400
2023-07-31,193.73399353027344,193.77344894031904,192.56044337061044,193.34938604539337,38824100
2023-08-01,192.90560913085935,194.0101198390568,192.58016971551623,193.5269039281353,35175100
2023-08-02,189.91751098632807,192.48155598125388,189.19760772385695,192.3434921357412,50389300
2023-08-03,188.52700805664065,189.710414639766,188.0536484329567,188.92148694956984,61235200
2023-08-04,179.4739227294922,184.78940327661547,179.40488328381886,182.95511789971007,115956800
2023-08-07,176.3773193359375,180.59814508763776,174.89805755245857,179.61197056531847,97576100
2023-08-08,177.31417846679688,177.77768168655695,175.1248698685598,177.20569866966517,67823000
2023-08-09,175.72645568847656,178.42856448196,174.56276182695083,178.3693964131728,60378500
2023-08-10,175.50949096679688,178.25105509162734,175.14461118800062,176.99860916334498,54686900
2023-08-11,175.56874084472656,176.3883728930982,174.34424265962002,175.10462674008653,52036700
2023-08-14,177.21788024902344,177.44500246999712,175.09473274674426,175.74649049543365,43675600
2023-08-15,175.2329864501953,177.2376229940336,174.8379899652799,176.6451282666605,43622600
2023-08-16,174.364013671875,176.30938743269644,174.29488099061055,174.91701484938284,46964900
2023-08-17,171.8260955810547,175.29223725703497,171.31258808782235,174.9268647491592,66062900
2023-08-18,172.30999755859375,172.9123770667114,169.8116075662743,170.14735612669347,61172200
2023-08-21,173.6431121826172,173.92949746098708,171.56935789788312,172.88274314562352,46311900
2023-08-22,175.0157470703125,175.46012191641384,174.04799506153495,174.8478727981476,42038900
2023-08-23,178.8571319580078,179.28176749229362,176.1019960768648,176.28962468028294,52722800
2023-08-24,174.17637634277344,178.8374075605793,173.8109887437673,178.41277199096436,54945800
2023-08-25,176.3784942626953,176.91174101480664,173.62335841851225,175.16386577811136,51449600
2023-08-28,177.93878173828125,178.33377827348758,176.3192718348921,177.8400250704037,43820700
2023-08-29,181.81964111328125,182.5898947624316,177.25736718090633,177.4548654120463,53003900
2023-08-30,185.3055419921875,185.50305529692773,182.43191025327192,182.62940848986256,60813900
2023-08-31,185.52279663085935,186.7571794584308,185.1376697913831,185.49317264844964,60794500
2023-09-01,187.09292602539065,187.5471704264648,185.92766090669275,187.1225500051064,45766500
2023-09-05,187.3299560546875,187.6064566338381,185.26607135025952,185.92769881238064,45280000
2023-09-06,180.6247711181641,186.49056063180012,179.2027597126584,186.0461707664675,81755800
2023-09-07,175.3416290283203,175.98351721110967,171.3718491931888,172.99135904079122,112488800
2023-09-08,175.95387268066406,177.98814840122637,175.56874581023814,176.12176201867752,65551300
2023-09-11,177.11911010742188,178.0473683330804,175.12434339280344,177.82024612940288,58953100
2023-09-12,174.09739685058594,177.87954850785982,172.6358914674074,177.2475449582567,90370200
2023-09-13,172.0334930419922,175.0848841389881,171.80635572558617,174.30474566083996,84267900
2023-09-14,173.5443572998047,173.89986015970092,171.4113401404273,171.82609096561458,60895800
2023-09-15,172.82347106933594,174.29486087176767,171.6483512368518,174.27510652680778,109259500
2023-09-18,175.7465057373047,177.13889330258442,173.96899129951683,174.27511585610648,67257600
2023-09-19,176.83277893066406,177.38578010579235,174.91701409671836,175.3021409914078,51826900
2023-09-20,173.2974853515625,177.45487842056565,173.20859833310675,177.0203732393163,58436200
2023-09-21,171.7569580078125,174.0973581099587,171.6878404044714,172.36922214048295,63149100
2023-09-22,172.60623168945312,174.8676297137013,171.87548661966315,172.48773574692532,56725400
2023-09-25,173.88009643554688,174.75897636563758,171.97420160197885,172.02357992644104,46172700
2023-09-26,169.81158447265625,173.01109513731117,169.51532957863083,172.63585300181884,64588900
2023-09-27,168.30068969726562,170.87808171574733,166.93794126401278,170.46333088230946,66921800
2023-09-28,168.55743408203125,169.88068876106084,165.52578284422083,167.22429469748067,56294400
2023-09-29,169.0709686279297,170.90773103963988,168.21182785802986,169.87084635964763,51861100
2023-10-02,171.57923889160156,172.12237043121976,168.79446358018748,169.08084887750982,52164500
2023-10-03,170.24607849121094,171.46072207785286,168.6858318118607,170.1078282132375,49594600
2023-10-04,171.49034118652344,172.03347264460572,168.83394692911625,168.95244285882518,53020300
2023-10-05,172.7247314453125,173.2579782200924,170.52258153582127,171.61871413723316,48527900
2023-10-06,175.27249145507812,175.76624458491796,171.016326818613,171.6285909459562,57266700
2023-10-09,176.7537841796875,176.81303215553828,173.6036362062995,174.6010122921434,42390800
2023-10-10,176.1612548828125,177.47464011941017,175.72674968355904,175.8748846750232,43698000
2023-10-11,177.5536346435547,177.60301297187604,175.3811238107674,175.9736185461729,47551100
2023-10-12,178.4522705078125,180.06189553412176,176.80312172309905,177.82026707710477,56743100
2023-10-13,176.6155548095703,179.6570617634581,175.91441851989305,179.15343884089287,51427100
2023-10-16,176.48715209960938,176.8426550206093,174.3047562379969,174.54176320804768,52517000
2023-10-17,174.93673706054688,176.19087429527403,172.61610626933813,174.44298390478113,57549400
2023-10-18,173.6431121826172,175.36137864838344,172.9222367694585,173.3863659573123,54764400
2023-10-19,173.26785278320312,175.61810740546204,173.00122187734726,173.84059314667203,59302900
2023-10-20,170.7200927734375,173.22835212793277,170.4830858385587,173.11972583296543,64244000
2023-10-23,170.83860778808594,171.8359838309846,167.80695589693704,168.77472302133776,55980100
2023-10-24,171.27308654785156,171.5002087664513,169.3079436842464,170.8879597127696,43816600
2023-10-25,168.9623260498047,170.8978298690587,168.51793618108192,169.7325797223047,57157000
2023-10-26,164.804931640625,169.2388405091802,163.600172706508,168.2414494672427,70625300
2023-10-27,166.11830139160156,166.8490614359056,164.745668316651,164.82467062426355,58499100
2023-10-30,168.16246032714844,169.03147079181505,166.76020302980592,166.90833803254793,51131000
2023-10-31,168.636474609375,168.76484019690602,165.80232095364974,167.23421730907862,44846000
2023-11-01,171.79647827148438,172.05322449399938,167.99457285522465,168.86358325166134,56934900
2023-11-02,175.35150146484375,175.5588693503195,173.26786256268767,173.32711052996643,77334800
2023-11-03,174.4429931640625,174.61088250590672,171.18423421755685,172.06311427874405,79829200
2023-11-06,176.99075317382812,177.18825142381783,174.00849494223715,174.17636920813592,63841300
2023-11-07,179.5483856201172,180.1606346460721,176.73398690556192,176.94135477067297,70530000
2023-11-08,180.6050262451172,181.15802736111343,179.32126504404005,180.07177947416378,49340300
2023-11-09,180.1310272216797,181.8196545511001,179.5385174163197,180.67415869856796,53763500
2023-11-10,184.31369018554688,184.48180071812672,181.47581782404296,181.9108954867133,66133400
2023-11-13,182.7316131591797,183.94784205398747,182.14822040593083,183.74020094629049,43627500
2023-11-14,185.3420562744141,186.0045554032819,184.21481647353397,185.599140759526,60108400
2023-11-15,185.90565490722656,187.3789832148446,185.6782334530312,185.7474572062222,53790500
2023-11-16,187.58665466308597,188.82266388785249,186.5385061665612,187.4482222334322,54412900
2023-11-17,187.56686401367188,188.24914348244,186.4594046371221,188.12059370194677,50922700
2023-11-20,189.30715942382807,189.7620174322178,187.75473976876387,187.76462241033667,46505100
2023-11-21,188.50621032714844,189.3763655204944,187.61628985249988,189.2675961213261,38134500
2023-11-22,189.16873168945312,190.77059476808083,188.69410838615653,189.34672485819107,39617700
2023-11-24,187.8437042236328,188.76328767363577,187.1317618355013,188.733624664797,24048300
2023-11-27,187.66574096679688,188.5358962659671,186.7857030257735,187.79429075090235,40552600
2023-11-28,188.2689208984375,188.94131776896225,187.28011350908017,187.65586514519703,38415400
2023-11-29,187.25042724609372,189.9399842182602,186.8549103746581,188.7633011569372,43014200
2023-11-30,187.8239288330078,188.18979776505012,186.08363355367436,187.71515943504943,48794400
2023-12-01,189.09950256347656,189.4159130354433,187.11199034893104,188.1996843513192,45704800
2023-12-04,187.30975341796875,187.92282418358675,185.3519192531924,187.8536004326293,43389500
2023-12-05,191.255126953125,192.2241539878595,188.05138552105933,188.0810636242485,66628400
2023-12-06,190.1674346923828,192.58011192579397,189.95977851245675,192.27358406476236,41089700
2023-12-07,192.09559631347656,192.817421410012,191.42319951100376,191.46276025185608,47477700
2023-12-08,193.5194854736328,193.79635031367133,191.50231010992096,192.02637677770835,53406400
2023-12-11,191.01780700683597,191.32434997590968,189.27751140798415,190.948598334338,60943700
2023-12-12,192.53065490722656,192.54053754746204,189.5741159727842,190.91889435682484,52696900
2023-12-13,195.74432373046875,195.7838693885932,192.6691320471581,192.90643617191267,70404200
2023-12-14,195.89260864257807,197.38570218691584,193.96443748585023,195.80361960949875,66831600
2023-12-15,195.35867309570312,196.1793699091571,194.7950456705572,195.3191123528845,128538400
2023-12-18,193.69744873046875,194.42917151631292,192.214237877434,193.89520715993984,55751900
2023-12-19,194.7357177734375,194.7456004150459,193.69746706046115,193.9644492639128,40714100
2023-12-20,192.64935302734372,195.46744514462725,192.64935302734372,194.6961765577493,52242800
2023-12-21,192.50100708007807,194.8741537657828,191.3342216528088,193.9051267903215,46482500
2023-12-22,191.4330902099609,193.22282892375424,190.81013681243016,192.9953923922105,37149600
2023-12-26,190.88926696777344,191.7198615425509,190.67172813799797,191.44299668429173,28919300
2023-12-27,190.98812866210935,191.3342172608312,188.95118798803827,190.33552729492325,48087700
2023-12-28,191.41331481933597,192.4812284908812,191.00790021395272,191.967044481322,34049900
2023-12-29,190.37506103515625,192.2241257878035,189.58401220758475,191.72972215657148,42672100
2024-01-02,183.5621795654297,186.3308429174033,181.8317668564464,185.0552730997862,82488700
2024-01-03,182.18772888183597,183.7994894661828,181.37689972544035,182.1580658725045,58414500
2024-01-04,179.87396240234375,181.04074792224716,178.85549196107084,180.11126652815247,71983600
2024-01-05,179.15206909179688,180.71438617229708,178.15337931927436,179.95301554334404,62379700
2024-01-08,183.48309326171875,183.52265400582172,179.46853775144191,180.05193047893468,59144500
2024-01-09,183.0677947998047,183.07767744176536,180.68476543102267,181.8614486084712,42841800
2024-01-10,184.1060333251953,184.31367440860305,181.8614365329183,182.2866315170422,46792900
2024-01-11,183.5127410888672,184.9564063690912,181.5647895230864,184.4521049955326,49128400
2024-01-12,183.83905029296875,184.64987951630312,183.1172251929773,183.97748271061096,40477800
2024-01-16,181.57467651367188,182.19761480887053,178.90488492167398,180.1211286782067,65603000
2024-01-17,180.63531494140625,180.8825167727283,178.281963767062,179.24110807963172,47317400
2024-01-18,186.5187225341797,187.02300881659585,183.75005912545996,184.0071435872404,78005800
2024-01-19,189.41590881347656,189.80154302609117,186.7065866846462,187.21087293560348,68903000
2024-01-22,191.71983337402344,193.14371820043877,190.1080727596782,190.14763349819023,60133900
2024-01-23,192.9954071044922,193.55903452389103,191.66052626402544,192.83720939883852,42355600
2024-01-24,192.3230133056641,194.18197579456825,192.1648005219272,193.23271418014863,53631300
2024-01-25,191.9967193603516,194.07322080915367,190.94858599423333,193.03497008475264,54822100
2024-01-26,190.2663116455078,192.58011726192575,189.79168833424328,192.0956113086777,44594000
2024-01-29,189.5840301513672,190.04877081575225,187.4581003710548,189.86089500402176,47145600
2024-01-30,185.935302734375,189.65322753238257,185.37169046557116,188.80285272092348,55859400
2024-01-31,182.3360595703125,185.0058513431809,182.2866312758536,184.94651023142663,55467800
2024-02-01,184.76852416992188,184.857513201702,181.7625567551165,181.93065217781276,64885400
2024-02-02,183.76983642578125,185.2332669548565,177.24370243482153,177.84687547061628,102551700
2024-02-05,185.5793609619141,187.13179578344227,183.75995901240583,186.04410163536497,69668800
2024-02-06,187.18121337890625,187.19109601961685,184.67953227102765,184.76852130142623,43490800
2024-02-07,187.2899932861328,188.91163664571195,186.49894443287428,188.50622203381667,53439000
2024-02-08,186.21218872070312,187.41851968576853,185.25304448034683,187.2702046333428,40962000
2024-02-09,186.97454833984372,188.10322646586076,186.1329835945197,186.7765224417052,45155200
2024-02-12,185.2914276123047,186.79633688725167,184.9350021289556,186.54881961012745,41781900
2024-02-13,183.20237731933597,184.3607714461939,181.68757282391297,183.9251386304961,56529500
2024-02-14,182.3212127685547,183.6875129162611,180.6282031229016,183.4796068721132,54630500
2024-02-15,182.0340881347656,182.65783644316613,179.5490203671251,181.72716915991907,65434500
2024-02-16,180.4994964599609,183.0142804515248,179.86585283584154,181.5984737728991,49752500
2024-02-20,179.75694274902344,180.6182980286837,178.2124373755958,179.98465441119404,53665600
2024-02-21,180.5093994140625,181.0737309260645,178.86588113831095,180.13316833455778,41371400
2024-02-22,182.53903198242188,183.1231842228548,180.64801151557128,181.6578711029192,52292200
2024-02-23,180.7073974609375,183.2023604547528,180.4202689919066,183.1726595934398,45119700
2024-02-26,179.36090087890625,180.94500218994077,178.8559560281093,180.4301771951628,40867400
2024-02-27,180.8163299560547,182.09351248592515,177.77681047698752,179.30152539649055,54318900
2024-02-28,179.61831665039062,181.30143093346825,178.34113428414614,180.6974882375532,48953900
2024-02-29,178.95497131347656,180.75690414056305,177.74708592784262,179.4698114222519,136682600
2024-03-01,177.8758087158203,178.73716395290236,175.61845249589473,177.76690051629518,73563100
2024-03-04,173.361083984375,175.14319605787904,172.06408093389737,174.40064432483445,81510100
2024-03-05,168.4305419921875,170.33147275577412,167.93550746706842,169.0641855800497,95132400
2024-03-06,167.44046020507812,169.53941670485264,167.00482743895031,169.36119643359416,68587700
2024-03-07,167.32168579101562,169.03450118476172,166.81675596481475,167.47019012011697,71765100
2024-03-08,169.0344696044922,171.97497562938204,167.26225281020422,167.32165453074688,76267000
2024-03-11,171.034423828125,172.64824117092596,170.34137853305091,171.22253935977105,60139500
2024-03-12,171.50965881347656,172.3017170819102,169.31170429451927,171.43045147590772,59825400
2024-03-13,169.43052673339844,171.4700666239107,169.06419090034882,171.05423942259554,52488700
2024-03-14,171.28195190429688,172.57893998999515,170.34138929390355,171.1928493122845,72913500
2024-03-15,170.90570068359375,170.90570068359375,168.5988381717502,169.47010369924573,121752700
2024-03-18,171.9947967529297,175.94517770513775,171.7967859641753,173.82643054023092,75604200
2024-03-19,174.33135986328125,174.85609525037736,171.31164624406932,172.6086342803731,55215200
2024-03-20,176.89564514160156,176.89564514160156,173.35119593354975,173.97494430389506,53423100
2024-03-21,169.66815185546875,175.72738555690037,169.14341639458797,175.2917526971676,106181300
2024-03-22,170.56910705566406,171.33146450930536,168.37115239719608,170.05426688241553,71160100
2024-03-25,169.15330505371094,170.2324767040703,167.76719930445816,168.87608692531137,54288300
2024-03-26,168.02462768554688,169.71763732680742,167.8959138727621,168.31174106723407,57388400
2024-03-27,171.5888671875,171.87599567632833,168.42064920188324,168.71767294274684,60273300
2024-03-28,169.7770538330078,170.51960569647457,168.81668554767697,170.04437673388762,65672700
2024-04-01,168.34144592285156,169.54933141950085,167.79690490268092,169.48992969134684,46240500
2024-04-02,167.16323852539062,167.6582730022656,166.55929585931307,167.4008605129018,49329500
2024-04-03,167.9652099609375,168.98497988400436,166.90584392266877,167.11374996517486,47691700
2024-04-04,167.14346313476562,170.2126681045212,167.14346313476562,168.59885072968464,53704400
2024-04-05,167.89593505859375,168.69788868535903,167.27218663455102,167.90583031188157,42104800
2024-04-08,166.77713012695312,167.51968192191484,166.5692240844266,167.3513719945941,37425500
2024-04-09,167.98501586914062,168.39094781013864,166.67813256359855,167.02464767080627,42373800
2024-04-10,166.11378479003906,167.4107728345435,165.45044033625643,167.12365945587084,49709300
2024-04-11,173.3016815185547,173.7175238179071,166.49001666248702,166.66822184170525,91070300
2024-04-12,174.7967071533203,176.58872985356905,172.47994902506244,172.52944039553972,101670900
2024-04-15,170.9750213623047,174.8758957155582,170.78690583147454,173.6185038309996,73531800
2024-04-16,167.69789123535156,172.03438316124112,166.59891404642835,170.0443499195711,73711200
2024-04-17,166.3315887451172,168.9552655008738,166.3315887451172,167.9256004082147,50901200
2024-04-18,165.38111877441406,166.96523521407434,164.8959946340493,166.36129252101995,43122900
2024-04-19,163.3614044189453,164.7474951408098,162.4505426435407,164.55939469854349,68149400
2024-04-22,164.19305419921875,165.59895049362888,163.1336881290828,163.87623994630854,48116400
2024-04-23,165.24249267578125,165.3910120745114,163.2821604920133,163.70789797300347,49537800
2024-04-24,167.3414764404297,167.6186945681344,164.55938480415762,164.88609429896647,48251800
2024-04-25,168.2028350830078,168.9156860278579,166.4801094484109,167.84640961058278,50558300
2024-04-26,167.61866760253906,169.63840150907166,167.49984906174126,168.19290937676217,44838400
2024-04-29,171.77699279785156,174.28186646983917,171.38097119165224,171.64827897757164,68169400
2024-04-30,168.63844299316406,173.25216784182598,168.3117184327478,171.6086497890361,65934800
2024-05-01,167.61866760253906,170.99480617347464,167.43055209459067,167.89588568564642,50383100
2024-05-02,171.3116455078125,171.69777183075684,169.19289835753364,170.79680537480178,94214900
2024-05-03,181.55886840820312,185.14291355827163,180.84601747897057,184.7963833456082,163224100
2024-05-06,179.9054718017578,182.370734315354,178.62827413884693,180.53911545314372,78569700
2024-05-07,180.58859252929688,183.06376520709568,179.51933122687228,181.6281680754234,77305800
2024-05-08,180.92523193359372,181.25195654794928,179.6480343404535,181.03414013837892,45057100
2024-05-09,182.737060546875,182.826163139894,180.3014839202349,180.7470119925852,48983000
2024-05-10,181.4779815673828,183.5004555242596,180.56588428269347,183.31208481142477,50759500
2024-05-13,184.68019104003903,185.4931559868038,183.03444380225457,183.8474087490193,72044800
2024-05-14,185.82032775878903,186.6828664107388,184.6901187820661,185.8996425272296,52393600
2024-05-15,188.09068298339844,189.01268886802717,185.76085876781028,186.2962297111884,70400000
2024-05-16,188.2096405029297,189.458829238671,188.0311936136785,188.83423487080037,52845200
2024-05-17,188.2393798828125,189.1713095252472,187.55530322495105,187.8824709799172,41282900
2024-05-20,189.3993377685547,190.2717851507536,187.38677266186556,187.70403175639103,44361300
2024-05-21,190.69810485839844,191.07483113273048,189.2803778274553,189.44891605266244,42309400
2024-05-22,189.2605438232422,191.1640681663492,188.63596455316463,190.6187885434668,34648500
2024-05-23,185.27505493164065,189.35966699130785,185.0272019643745,189.33983451815809,51005900
2024-05-24,188.3484649658203,188.943318272004,186.42512308727407,187.1984384364121,36327000
2024-05-28,188.35836791992188,191.3425125399711,187.4760118609873,189.86530324069457,52280100
2024-05-29,188.65579223632807,190.59896650948676,187.88249204796583,187.9816393040112,53068000
2024-05-30,189.64718627929688,190.52954231443272,188.9928658858645,189.12173915319045,49889100
2024-05-31,190.59896850585935,190.9162276263297,188.27906791647348,189.79592715782172,75158300
2024-06-03,192.36366271972656,193.31542486412093,190.86663609575575,191.24336235629545,50080500
2024-06-04,192.680908203125,193.64257895328527,191.37223723797064,192.9684109970025,47471400
2024-06-05,194.1878662109375,195.20901937445225,193.19645419760303,193.72190135445055,54156800
2024-06-06,192.80979919433597,194.8124556459051,192.5024638984892,194.0094143560484,41181800
2024-06-07,195.19911193847656,195.2486855650071,192.47272888451312,192.978343568532,53103900
2024-06-10,191.46145629882807,195.60556579928584,190.49978557066368,195.20899197297103,97010200
2024-06-11,205.37098693847656,205.38091074009856,191.96710777388117,191.9869251216324,172373300
2024-06-12,211.2401428222656,218.30889945026047,205.1231180281253,205.58908283581823,198134300
2024-06-13,212.4001007080078,214.888539245905,209.7827737762817,212.8958066808934,97862700
2024-06-14,210.6651306152344,213.3221073788285,209.4853479747781,212.01345147179217,70122700
2024-06-17,214.8092193603516,217.0696373326701,210.8931452933454,211.5375569916551,93728300
2024-06-18,212.4496612548828,216.75240063817128,211.1707464886947,215.72132373307372,79943300
2024-06-20,207.87924194335935,212.4000929584359,207.05638337080816,212.0927425591543,86172500
2024-06-21,205.70806884765625,210.0702753319445,205.33132746963065,208.5831574221536,241805100
2024-06-24,206.3524627685547,210.87329840415435,204.8157713686944,205.93607160503836,80727000
2024-06-25,207.2744903564453,209.56464939365068,206.8184342324815,207.35378999494392,55549700
2024-06-26,211.4185943603516,213.01476817493463,208.8310086144187,209.68362348048936,66213200
2024-06-27,212.2613067626953,213.88722177256452,210.5263358320774,212.8462361886446,49772700
2024-06-28,208.8111724853516,214.21437951883613,208.4939285392998,213.9169529190877,82542700
2024-07-01,214.88853454589844,215.6420021622164,210.10001313722785,210.26855134899324,60402900
2024-07-02,218.37831115722656,218.4873670751859,213.2527132686293,214.2936836981781,58046200
2024-07-03,219.64732360839844,219.64732360839844,217.1489612238199,218.1106320389385,37369800
2024-07-05,224.3961639404297,224.5052198536283,219.7464397478406,219.7464397478406,60412400
2024-07-08,225.86346435546875,225.8932055019905,221.3327047505454,225.13972278278516,59085900
2024-07-09,226.71609497070312,227.42991284004063,224.4259356098064,225.9725359507888,48076100
2024-07-10,230.9791412353516,231.07828847688276,227.28117906796425,227.3307526887298,62627700
2024-07-11,225.6156311035156,230.39422897123265,223.83108651749723,229.40281699319425,64710600
2024-07-12,228.5601043701172,230.64207551688347,226.71607753741577,226.9540218514806,53046500
2024-07-15,232.38694763183597,235.1926451763578,231.08820043911544,234.44908623752588,62631300
2024-07-16,232.8033599853516,234.24090427881208,230.33473879844303,232.98180687397965,43234300
2024-07-17,226.9143829345703,229.47222770464356,224.6936146131452,227.4794799069808,57345900
2024-07-18,222.2547149658203,228.46096321097224,220.36112971273343,228.3023336745397,66034600
2024-07-19,222.3836212158203,224.85224251867805,221.36246807560823,222.8892510128404,49151500
2024-07-22,222.0366058349609,225.8237912569016,221.17406723372827,225.06039989232605,48201800
2024-07-23,223.0776214599609,224.99105459605977,220.7676295522315,222.4431183487035,39960300
2024-07-24,216.6631622314453,222.86941075843336,215.26528287042115,222.07627816799848,61777600
2024-07-25,215.62217712402344,218.95332167523745,212.77681471652627,217.0497975364767,51391200
2024-07-26,216.08816528320312,217.60502442671483,214.15489978899527,216.82180047841348,41601300
2024-07-29,216.36573791503903,217.41663210574904,213.8971168447476,215.0967318967012,36311800
2024-07-30,216.9209442138672,218.437803332798,214.26395224147615,217.3075942808937,41643800
2024-07-31,220.17274475097656,221.8978068103832,218.73520059867647,219.5382417741392,50036300
2024-08-01,216.48471069335935,222.55214689360596,215.1562223313537,222.44309097566543,62501000
2024-08-02,217.9718170166016,223.6625266661827,215.8402875210575,217.2679079240609,105568600
2024-08-05,207.4727783203125,211.66644653820467,194.3167378055649,197.3801970311264,119548600
2024-08-06,205.4502868652344,208.18659343179937,199.343200967242,203.5368691310161,69660500
2024-08-07,208.01808166503903,211.8052677945223,204.6175304986164,205.12314519344287,63516400
2024-08-08,211.47808837890625,212.36044444161047,207.0365669160157,211.27980900719396,47161100
2024-08-09,214.38291931152344,214.9182750928265,210.1495861717322,210.2784745623819,42201600
2024-08-12,215.91148376464844,217.87674748817912,213.9958510490632,214.46235526228747,38028100
2024-08-13,219.62364196777344,220.23902400333972,217.38044783379533,217.38044783379533,44155300
2024-08-14,220.07028198242188,221.3705324358261,218.06530765715263,218.9288446755302,41960600
2024-08-15,223.0479736328125,223.6732909687273,221.10255033510867,222.9288713384501,46414000
2024-08-16,224.3680877685547,225.1422830006272,221.98593577772976,222.25393109506464,44340200
2024-08-19,224.20925903320312,224.30852103873067,221.38045847347976,224.0405257400108,40687800
2024-08-20,224.8246612548828,225.4797542015927,223.7725505409132,224.09017687092657,30299000
2024-08-21,224.71548461914065,226.2837305852908,223.37553826276908,224.8346020684513,34765500
2024-08-22,222.85939025878903,226.64103964823343,222.2340729078472,226.09512887719345,43695300
2024-08-23,225.15219116210935,226.52192810531065,222.66087229355688,223.98097823318813,38677300
2024-08-26,225.4896545410156,225.58891654674125,222.22414052811973,225.0727813784282,30602200
2024-08-27,226.3333282470703,227.14723425887112,223.21669220638535,224.31843379232603,35934600
2024-08-28,224.80479431152344,228.14971479709,224.0008084384826,226.22414704916855,38052200
2024-08-29,228.0802459716797,231.1869621230462,227.1770283167567,228.3879521456165,51906300
2024-08-30,227.29612731933597,228.68570457235603,225.78743262658827,228.4772755570311,52990800
2024-09-03,221.11248779296875,227.2961293418145,219.52438650802387,226.84948058831637,50190600
2024-09-04,219.20677185058597,220.12984491677884,215.8618360334932,220.01074262314265,43840200
2024-09-05,220.7253875732422,223.80231295165623,219.8717857931132,219.9809679444758,36615400
2024-09-06,219.17698669433597,223.56409767944487,218.1347962348173,222.2836874978132,48423000
2024-09-09,219.26632690429688,219.6236489368284,215.09757995493325,219.17700018247805,67180000
2024-09-10,218.47227478027344,219.83207646515768,215.1174187834135,217.29112653781652,51591000
2024-09-11,221.00331115722656,221.4301044903715,216.26879790334317,219.81224273641337,44587100
2024-09-12,221.11248779296875,221.8866830044339,218.1844402475294,220.84449248276732,37455600
2024-09-13,220.844482421875,222.37301734416337,220.2588759685165,221.91644846858935,36766600
2024-09-16,214.71046447753903,215.6037619118882,212.3283127438496,214.9288136198369,59357400
2024-09-17,215.1769561767578,215.2861383219032,212.90400170360135,214.1447010142284,45519300
2024-09-18,219.0479431152344,221.05291740528648,215.921371822364,215.931307109631,59894900
2024-09-19,227.1670837402344,228.11002736409569,222.9586412306041,223.31596324984213,66781300
2024-09-20,226.5020904541016,231.355706137216,225.9264040870641,228.258925130642,318679900
2024-09-23,224.784912109375,227.74273466463865,224.1298193183676,225.64843387781443,54146000
2024-09-24,225.67825317382807,227.64353192764617,224.050456167142,226.94872814757065,43556100
2024-09-25,224.68569946289065,225.59885242729763,222.3531936181764,223.2564112941643,42308700
2024-09-26,225.8271331787109,226.7998372114188,223.73283210674717,225.60876888531143,36636700
2024-09-27,226.0951232910156,227.81226214161185,225.6087788258606,226.7601514881057,34026000
2024-09-30,231.2663726806641,231.2663726806641,227.94129216556476,228.32838978012128,54541900
2024-10-01,224.52688598632807,227.9412778656533,222.07526286618744,227.81225543239975,63285000
2024-10-02,225.09263610839844,225.6782425626932,221.360617941662,224.20925878310885,32880600
2024-10-03,223.99090576171875,225.1224230122484,221.65839996957536,223.4648504260935,34044200
2024-10-04,225.11251831054688,226.3035867909213,222.46238601950515,226.2043247736995,37245100
2024-10-07,220.0405120849609,224.0107499786272,219.68319006872076,222.8296017820206,39505400
2024-10-08,224.09014892578125,224.29857792676052,221.588894897244,222.63108533790577,31855700
2024-10-09,227.8321075439453,228.04055170887608,223.1571606453159,223.554178398676,33591100
2024-10-10,227.33580017089844,227.7923841625437,225.47971892420364,226.0851807689644,28183500
2024-10-11,225.8569183349609,227.70307961960657,225.6484741750507,227.5938974682738,31759200
2024-10-14,229.5790252685547,230.00581860221664,226.89911753216435,226.99836439928595,39882100
2024-10-15,232.1100616455078,235.7229778767219,230.64106257641825,231.8718418962686,64751400
2024-10-16,230.0554351806641,230.3929017691756,228.12986736523644,229.8767817438953,34082200
2024-10-17,230.4226837158203,232.11004699556463,228.8048220166126,231.69315867439417,32993800
2024-10-18,233.25148010253903,234.4226930307779,232.26884075534687,234.4226930307779,46431500
2024-10-21,234.7204742431641,235.08773156933623,232.7055796017645,232.7055796017645,36254500
2024-10-22,234.10508728027344,234.4624093106695,230.86934872103876,232.14974382855843,38846600
2024-10-23,229.04302978515625,233.39044533687328,226.0653512199268,232.33833466706656,52287000
2024-10-24,228.85443115234372,229.10257100562325,226.71049918514768,228.26880958821053,31109500
2024-10-25,229.68820190429688,231.484732210271,227.8618960243761,228.03062932515897,38802300
2024-10-28,231.6633758544922,232.98348177622344,230.81970938626557,231.5839844241638,36087100
2024-10-29,231.9313507080078,232.58644353988512,230.59140461944537,231.3655997315715,35417200
2024-10-30,228.387939453125,231.7328600109945,227.8420287171323,230.87925826342104,47070900
2024-10-31,224.2291412353516,228.11997302154123,223.6931505739168,227.63361336879595,64370100
2024-11-01,221.2514495849609,223.6732972736376,218.63109301833276,219.3258816637916,65276700
2024-11-04,220.3581085205078,221.13230364643437,218.07523400035527,219.34570882983752,44944500
2024-11-05,221.7874298095703,222.28370958768312,219.49461965793012,220.14971259990077,28111300
2024-11-06,221.06285095214844,224.387931303672,219.54423614319148,220.95366880237512,54561100
2024-11-07,225.78744506835935,226.18447798056903,222.89910825147632,222.95865940199351,42137700
2024-11-08,225.51914978027344,227.20835428792037,224.9726384261151,225.72780810336752,38328800
2024-11-11,222.8064727783203,224.26714170400084,220.0938084143074,223.57158868270503,42005600
2024-11-12,222.8064727783203,224.15783943194583,221.9420008205612,223.12444853772337,40398300
2024-11-13,223.6908264160156,225.2111120360391,221.34580821096,222.5878726169869,48566200
2024-11-14,226.7711334228516,227.41700079571672,223.5715745650122,223.5914518391994,44923900
2024-11-15,223.5715789794922,225.4793879673537,222.84621765747357,224.96268496170848,47923700
2024-11-18,226.57241821289065,228.28149999782983,223.74050538640265,223.8199993254601,44633700
2024-11-19,226.8307647705078,228.6988344551977,225.22105418122663,225.5390147792205,36211800
2024-11-20,227.5461883544922,228.4702769508748,224.45593165289552,226.61215353970655,35169600
2024-11-21,227.06922912597656,228.69881686539628,224.27707103239013,227.4269442474061,42108300
2024-11-22,228.41065979003903,229.25526960886552,226.6121530455377,226.6121530455377,38168300
2024-11-25,231.39163208007807,231.7692245216812,228.2815130321861,229.99059491471,90152800
2024-11-26,233.56771850585935,234.07449047305911,231.84870566104107,231.84870566104107,45986200
2024-11-27,233.4385528564453,234.19373774290256,232.32566796514345,232.98148163119757,33498400
2024-11-29,235.8233184814453,236.3002669685808,232.48464874765904,233.31931239062584,28481400
2024-12-02,238.06895446777344,239.26133321145704,235.654388648958,235.76369091824088,48137100
2024-12-03,241.10952758789065,241.21882985808796,237.3833345065081,238.28756099978403,38861000
2024-12-04,241.4672393798828,242.5602620666903,239.71841824290905,241.32812877991805,44383900
2024-12-05,241.4970550537109,242.98753231090083,240.59284370740727,242.4410361127995,40033900
2024-12-06,241.2983245849609,243.0769692456264,240.5431549096241,241.36788746709487,36870600
2024-12-09,245.1835021972656,245.6703968797777,240.2152448072501,240.29473874492052,44649200
2024-12-10,246.1970367431641,246.63424582967983,243.7824557106041,245.32261857013248,36914800
2024-12-11,244.92515563964844,249.2077910379196,244.69660488558225,246.38582450957213,45205800
2024-12-12,246.3858337402344,247.1608807008323,244.12029436088807,245.3226193526416,32777500
2024-12-13,246.55474853515625,247.7073727380188,244.67674782957272,246.24671899982584,33155300
2024-12-16,249.4462738037109,249.7841268474892,246.07779571830557,246.4156487620838,51694800
2024-12-17,251.87075805664065,252.2185421189052,248.19425082976372,248.49234928857376,51356400
2024-12-18,246.47525024414065,252.66569465886903,246.1672207142497,250.559158393614,56774100
2024-12-19,248.20420837402344,250.4001849209636,245.52135228225407,245.92875304737493,60882300
2024-12-20,252.8743896484375,253.3811464831127,244.13025293349912,246.4653249902114,147495300
2024-12-23,253.64944458007807,254.0270218726176,251.840991416004,253.1526187871241,40858800
2024-12-24,256.5608215332031,256.5707374276886,253.66927695641888,253.868019379837,23234700
2024-12-26,257.37554931640625,258.44870970386563,255.9943897750778,256.55083207826743,27237100
2024-12-27,253.96739196777344,257.0576640072936,251.4534547993944,256.19316170058187,42355300
2024-12-30,250.59890747070312,251.890657464443,249.15811581542044,250.6287158030117,35557500
2024-12-31,248.83023071289065,251.67207488235132,247.84651017510487,250.8374111810351,39480700
