ds,trend,yhat_lower,yhat_upper,trend_lower,trend_upper,additive_terms,additive_terms_lower,additive_terms_upper,weekly,weekly_lower,weekly_upper,yearly,yearly_lower,yearly_upper,multiplicative_terms,multiplicative_terms_lower,multiplicative_terms_upper,yhat
2020-01-02,65.3704091175061,64.74289250778817,81.35551601672553,65.3704091175061,65.3704091175061,7.397661448294662,7.397661448294662,7.397661448294662,-1.3636887768308956,-1.3636887768308956,-1.3636887768308956,8.761350225125558,8.761350225125558,8.761350225125558,0.0,0.0,0.0,72.76807056580076
2020-01-03,65.52757839481536,64.98579726971941,80.86728114314234,65.52757839481536,65.52757839481536,7.206141876726568,7.206141876726568,7.206141876726568,-1.2444231541302333,-1.2444231541302333,-1.2444231541302333,8.4505650308568,8.4505650308568,8.4505650308568,0.0,0.0,0.0,72.73372027154193
2020-01-06,65.99908622674315,63.61246812870122,80.85468496079132,65.99908622674315,65.99908622674315,6.4515408093497175,6.4515408093497175,6.4515408093497175,-1.1144795683824604,-1.1144795683824604,-1.1144795683824604,7.566020377732178,7.566020377732178,7.566020377732178,0.0,0.0,0.0,72.45062703609287
2020-01-07,66.15625550405241,64.15965885693743,80.26247674854784,66.15625550405241,66.15625550405241,6.132083971669289,6.132083971669289,6.132083971669289,-1.1667503843726164,-1.1667503843726164,-1.1667503843726164,7.298834356041905,7.298834356041905,7.298834356041905,0.0,0.0,0.0,72.2883394757217
2020-01-08,66.31342478136168,63.9179920212133,80.18378182271437,66.31342478136168,66.31342478136168,5.78532163057689,5.78532163057689,5.78532163057689,-1.2655538951696248,-1.2655538951696248,-1.2655538951696248,7.050875525746515,7.050875525746515,7.050875525746515,0.0,0.0,0.0,72.09874641193856
2020-01-09,66.47059405867094,64.21214902279083,80.10888191861027,66.47059405867094,66.47059405867094,5.461304732688678,5.461304732688678,5.461304732688678,-1.3636887768320607,-1.3636887768320607,-1.3636887768320607,6.8249935095207395,6.8249935095207395,6.8249935095207395,0.0,0.0,0.0,71.93189879135961
2020-01-10,66.6277633359802,63.73789778556126,80.40850432068964,66.6277633359802,66.6277633359802,5.3792885255560465,5.3792885255560465,5.3792885255560465,-1.2444231541431754,-1.2444231541431754,-1.2444231541431754,6.623711679699222,6.623711679699222,6.623711679699222,0.0,0.0,0.0,72.00705186153625
2020-01-13,67.09927116790799,64.29128968553486,80.0644196655523,67.09927116790799,67.09927116790799,5.0724417930219134,5.0724417930219134,5.0724417930219134,-1.1144795683824023,-1.1144795683824023,-1.1144795683824023,6.186921361404315,6.186921361404315,6.186921361404315,0.0,0.0,0.0,72.1717129609299
2020-01-14,67.25644044521725,64.07506890417213,80.97035116351618,67.25644044521725,67.25644044521725,4.934566528440455,4.934566528440455,4.934566528440455,-1.1667503843731577,-1.1667503843731577,-1.1667503843731577,6.101316912813613,6.101316912813613,6.101316912813613,0.0,0.0,0.0,72.19100697365771
2020-01-15,67.41360972252652,63.75372749972822,80.79181032531913,67.41360972252652,67.41360972252652,4.781120195548411,4.781120195548411,4.781120195548411,-1.2655538951691627,-1.2655538951691627,-1.2655538951691627,6.046674090717573,6.046674090717573,6.046674090717573,0.0,0.0,0.0,72.19472991807493
2020-01-16,67.57077899983578,63.871381298746215,80.7804775862579,67.57077899983578,67.57077899983578,4.659128326323576,4.659128326323576,4.659128326323576,-1.3636887768332258,-1.3636887768332258,-1.3636887768332258,6.022817103156802,6.022817103156802,6.022817103156802,0.0,0.0,0.0,72.22990732615936
2020-01-17,67.72794827714505,63.85568967814082,81.23428505625965,67.72794827714505,67.72794827714505,4.784628221591195,4.784628221591195,4.784628221591195,-1.2444231541342443,-1.2444231541342443,-1.2444231541342443,6.029051375725439,6.029051375725439,6.029051375725439,0.0,0.0,0.0,72.51257649873624
2020-01-21,68.35662538638209,65.84404380079457,82.22253514923688,68.35662538638209,68.35662538638209,5.156234814230158,5.156234814230158,5.156234814230158,-1.1667503843736993,-1.1667503843736993,-1.1667503843736993,6.322985198603857,6.322985198603857,6.322985198603857,0.0,0.0,0.0,73.51286020061225
2020-01-22,68.51379466369136,65.60640426670243,82.12152112842614,68.51379466369136,68.51379466369136,5.185869766787701,5.185869766787701,5.185869766787701,-1.265553895169241,-1.265553895169241,-1.265553895169241,6.451423661956942,6.451423661956942,6.451423661956942,0.0,0.0,0.0,73.69966443047906
2020-01-23,68.67096394100062,65.55667321452178,81.74519373239025,68.67096394100062,68.67096394100062,5.2316504389957075,5.2316504389957075,5.2316504389957075,-1.363688776834391,-1.363688776834391,-1.363688776834391,6.595339215830099,6.595339215830099,6.595339215830099,0.0,0.0,0.0,73.90261437999632
2020-01-24,68.82813321830987,66.49255409606573,82.36908486637763,68.82813321830987,68.82813321830987,5.506362124984269,5.506362124984269,5.506362124984269,-1.2444231541341537,-1.2444231541341537,-1.2444231541341537,6.750785279118423,6.750785279118423,6.750785279118423,0.0,0.0,0.0,74.33449534329414
2020-01-27,69.29964105023767,66.94119621943952,83.39394590892319,69.29964105023767,69.29964105023767,6.127836746276926,6.127836746276926,6.127836746276926,-1.1144795683882642,-1.1144795683882642,-1.1144795683882642,7.2423163146651905,7.2423163146651905,7.2423163146651905,0.0,0.0,0.0,75.4274777965146
2020-01-28,69.45681032754693,67.60838188578688,83.60845859970856,69.45681032754693,69.45681032754693,6.232040306620083,6.232040306620083,6.232040306620083,-1.1667503843708864,-1.1667503843708864,-1.1667503843708864,7.398790690990968,7.398790690990968,7.398790690990968,0.0,0.0,0.0,75.68885063416701
2020-01-29,69.6139796048562,68.010629443352,84.11367824487316,69.6139796048562,69.6139796048562,6.277814300997588,6.277814300997588,6.277814300997588,-1.2655538951693863,-1.2655538951693863,-1.2655538951693863,7.543368196166974,7.543368196166974,7.543368196166974,0.0,0.0,0.0,75.89179390585379
2020-01-30,69.77114888216546,68.15535943071518,83.30029251554727,69.77114888216546,69.77114888216546,6.307378688710495,6.307378688710495,6.307378688710495,-1.3636887768339392,-1.3636887768339392,-1.3636887768339392,7.671067465544434,7.671067465544434,7.671067465544434,0.0,0.0,0.0,76.07852757087596
2020-01-31,69.92831815947471,68.03702187227364,85.13966114619537,69.92831815947471,69.92831815947471,6.532547519570636,6.532547519570636,6.532547519570636,-1.2444231541441495,-1.2444231541441495,-1.2444231541441495,7.776970673714786,7.776970673714786,7.776970673714786,0.0,0.0,0.0,76.46086567904536
2020-02-03,70.39982599140251,68.28347450945628,85.12346621872797,70.39982599140251,70.39982599140251,6.802713873839291,6.802713873839291,6.802713873839291,-1.1144795683788005,-1.1144795683788005,-1.1144795683788005,7.9171934422180925,7.9171934422180925,7.9171934422180925,0.0,0.0,0.0,77.2025398652418
2020-02-04,70.55699526871177,68.99980746767145,85.51639335720776,70.55699526871177,70.55699526871177,6.723769135087007,6.723769135087007,6.723769135087007,-1.1667503843714282,-1.1667503843714282,-1.1667503843714282,7.890519519458435,7.890519519458435,7.890519519458435,0.0,0.0,0.0,77.28076440379878
2020-02-05,70.71416454602104,69.13561549851877,85.27357031471158,70.71416454602104,70.71416454602104,6.555352859279359,6.555352859279359,6.555352859279359,-1.2655538951694645,-1.2655538951694645,-1.2655538951694645,7.820906754448824,7.820906754448824,7.820906754448824,0.0,0.0,0.0,77.26951740530039
2020-02-06,70.87133382333029,69.03445429373795,85.48858519897412,70.87133382333029,70.87133382333029,6.341595326997581,6.341595326997581,6.341595326997581,-1.3636887768307144,-1.3636887768307144,-1.3636887768307144,7.705284103828295,7.705284103828295,7.705284103828295,0.0,0.0,0.0,77.21292915032787
2020-02-07,71.02850310063955,68.85645149181094,85.24157141121108,71.02850310063955,71.02850310063955,6.296680173996187,6.296680173996187,6.296680173996187,-1.2444231541440591,-1.2444231541440591,-1.2444231541440591,7.541103328140246,7.541103328140246,7.541103328140246,0.0,0.0,0.0,77.32518327463575
2020-02-10,71.50001093256735,69.20069482398439,84.98115004582588,71.50001093256735,71.50001093256735,5.626022227625835,5.626022227625835,5.626022227625835,-1.1144795683817315,-1.1144795683817315,-1.1144795683817315,6.740501796007567,6.740501796007567,6.740501796007567,0.0,0.0,0.0,77.12603316019319
2020-02-11,71.65718020987661,68.61894072458632,85.50872819418682,71.65718020987661,71.65718020987661,5.2017868172493635,5.2017868172493635,5.2017868172493635,-1.1667503843744442,-1.1667503843744442,-1.1667503843744442,6.368537201623808,6.368537201623808,6.368537201623808,0.0,0.0,0.0,76.85896702712597
2020-02-12,71.81434948718586,68.84590663740708,84.71568372781265,71.81434948718586,71.81434948718586,4.678920105737906,4.678920105737906,4.678920105737906,-1.265553895169543,-1.265553895169543,-1.265553895169543,5.944474000907449,5.944474000907449,5.944474000907449,0.0,0.0,0.0,76.49326959292377
2020-02-13,71.97151876449513,68.33057594646185,84.56160708448414,71.97151876449513,71.97151876449513,4.10590563396177,4.10590563396177,4.10590563396177,-1.363688776830263,-1.363688776830263,-1.363688776830263,5.469594410792033,5.469594410792033,5.469594410792033,0.0,0.0,0.0,76.0774243984569
2020-02-14,72.1286880418044,67.67038933291866,84.0316880661669,72.1286880418044,72.1286880418044,3.701426053516126,3.701426053516126,3.701426053516126,-1.244423154141022,-1.244423154141022,-1.244423154141022,4.945849207657147,4.945849207657147,4.945849207657147,0.0,0.0,0.0,75.83011409532052
2020-02-18,72.75736515104144,66.33176208496693,81.82220479960708,72.75736515104144,72.75736515104144,1.2565814331470104,1.2565814331470104,1.2565814331470104,-1.1667503843749862,-1.1667503843749862,-1.1667503843749862,2.4233318175219964,2.4233318175219964,2.4233318175219964,0.0,0.0,0.0,74.01394658418845
2020-02-19,72.9145344283507,65.29518360323104,81.74279568143314,72.9145344283507,72.9145344283507,0.4405388137749381,0.4405388137749381,0.4405388137749381,-1.265553895169688,-1.265553895169688,-1.265553895169688,1.7060927089446263,1.7060927089446263,1.7060927089446263,0.0,0.0,0.0,73.35507324212564
2020-02-20,73.07170370565997,64.24790256356107,80.82218602234114,73.07170370565997,73.07170370565997,-0.3996616054113033,-0.3996616054113033,-0.3996616054113033,-1.3636887768346617,-1.3636887768346617,-1.3636887768346617,0.9640271714233583,0.9640271714233583,0.9640271714233583,0.0,0.0,0.0,72.67204210024867
2020-02-21,73.22887298296924,63.94889791420535,81.06640077222379,73.22887298296924,73.22887298296924,-1.0417049320066007,-1.0417049320066007,-1.0417049320066007,-1.2444231541379847,-1.2444231541379847,-1.2444231541379847,0.20271822213138385,0.20271822213138385,0.20271822213138385,0.0,0.0,0.0,72.18716805096264
2020-02-24,73.70038081489703,61.360115475263406,79.04634415374251,73.70038081489703,73.70038081489703,-3.2518254286361845,-3.2518254286361845,-3.2518254286361845,-1.1144795683846045,-1.1144795683846045,-1.1144795683846045,-2.13734586025158,-2.13734586025158,-2.13734586025158,0.0,0.0,0.0,70.44855538626085
2020-02-25,73.85755009220628,61.74219797324033,77.74437641613534,73.85755009220628,73.85755009220628,-4.082483446394323,-4.082483446394323,-4.082483446394323,-1.1667503843738503,-1.1667503843738503,-1.1667503843738503,-2.9157330620204727,-2.9157330620204727,-2.9157330620204727,0.0,0.0,0.0,69.77506664581196
2020-02-26,74.01471936951555,61.204293400893995,77.51769034378574,74.01471936951555,74.01471936951555,-4.948704341704249,-4.948704341704249,-4.948704341704249,-1.2655538951697667,-1.2655538951697667,-1.2655538951697667,-3.6831504465344818,-3.6831504465344818,-3.6831504465344818,0.0,0.0,0.0,69.0660150278113
2020-02-27,74.17188864682481,59.89187435022025,76.46914616367978,74.17188864682481,74.17188864682481,-5.797392478096775,-5.797392478096775,-5.797392478096775,-1.36368877682982,-1.36368877682982,-1.36368877682982,-4.433703701266954,-4.433703701266954,-4.433703701266954,0.0,0.0,0.0,68.37449616872803
2020-02-28,74.32905792413408,59.78320338238851,76.66167976465712,74.32905792413408,74.32905792413408,-6.406173614761698,-6.406173614761698,-6.406173614761698,-1.2444231541349475,-1.2444231541349475,-1.2444231541349475,-5.161750460626751,-5.161750460626751,-5.161750460626751,0.0,0.0,0.0,67.92288430937238
2020-03-02,74.80056575606186,58.08705446975167,75.32134311033941,74.80056575606186,74.80056575606186,-8.274355342274252,-8.274355342274252,-8.274355342274252,-1.114479568390524,-1.114479568390524,-1.114479568390524,-7.159875773883727,-7.159875773883727,-7.159875773883727,0.0,0.0,0.0,66.52621041378761
2020-03-03,74.95773514994966,57.70248793750538,74.39374257041017,74.95773514994966,74.95773514994966,-8.915985530161601,-8.915985530161601,-8.915985530161601,-1.166750384372715,-1.166750384372715,-1.166750384372715,-7.749235145788887,-7.749235145788887,-7.749235145788887,0.0,0.0,0.0,66.04174961978805
2020-03-04,75.11490454383745,57.16006531048617,74.09661564901741,75.11490454383745,75.11490454383745,-9.559838761359305,-9.559838761359305,-9.559838761359305,-1.2655538951693048,-1.2655538951693048,-1.2655538951693048,-8.29428486619,-8.29428486619,-8.29428486619,0.0,0.0,0.0,65.55506578247815
2020-03-05,75.27207393772525,56.998513137937266,73.2278507534451,75.27207393772525,75.27207393772525,-10.156056741867717,-10.156056741867717,-10.156056741867717,-1.363688776830985,-1.363688776830985,-1.363688776830985,-8.792367965036732,-8.792367965036732,-8.792367965036732,0.0,0.0,0.0,65.11601719585754
2020-03-06,75.42924333161304,57.00328178081288,73.06834064689379,75.42924333161304,75.42924333161304,-10.485915272171694,-10.485915272171694,-10.485915272171694,-1.244423154134857,-1.244423154134857,-1.244423154134857,-9.241492118036836,-9.241492118036836,-9.241492118036836,0.0,0.0,0.0,64.94332805944134
2020-03-09,75.90075151327645,56.02571630959151,72.63863822857567,75.90075151327645,75.90075151327645,-11.399968342784977,-11.399968342784977,-11.399968342784977,-1.1144795683780715,-1.1144795683780715,-1.1144795683780715,-10.285488774406906,-10.285488774406906,-10.285488774406906,0.0,0.0,0.0,64.50078317049147
2020-03-10,76.05792090716423,55.582905262041926,72.72849968412422,76.05792090716423,76.05792090716423,-11.699339400836564,-11.699339400836564,-11.699339400836564,-1.166750384371579,-1.166750384371579,-1.166750384371579,-10.532589016464984,-10.532589016464984,-10.532589016464984,0.0,0.0,0.0,64.35858150632767
2020-03-11,76.21509030105203,56.59148147984253,72.34967120183244,76.21509030105203,76.21509030105203,-11.996569520232134,-11.996569520232134,-11.996569520232134,-1.265553895169383,-1.265553895169383,-1.265553895169383,-10.731015625062751,-10.731015625062751,-10.731015625062751,0.0,0.0,0.0,64.2185207808199
2020-03-12,76.37225969493983,55.146279150055165,72.57244927034394,76.37225969493983,76.37225969493983,-12.246455813637104,-12.246455813637104,-12.246455813637104,-1.3636887768305335,-1.3636887768305335,-1.3636887768305335,-10.88276703680657,-10.88276703680657,-10.88276703680657,0.0,0.0,0.0,64.12580388130273
2020-03-13,76.52942908882763,55.996894866691015,72.37866835413423,76.52942908882763,76.52942908882763,-12.23482433931814,-12.23482433931814,-12.23482433931814,-1.2444231541288726,-1.2444231541288726,-1.2444231541288726,-10.990401185189265,-10.990401185189265,-10.990401185189265,0.0,0.0,0.0,64.29460474950949
2020-03-16,77.00093727049101,56.58719930099256,73.08805621475214,77.00093727049101,77.00093727049101,-12.19579802295381,-12.19579802295381,-12.19579802295381,-1.1144795683810025,-1.1144795683810025,-1.1144795683810025,-11.081318454572807,-11.081318454572807,-11.081318454572807,0.0,0.0,0.0,64.8051392475372
2020-03-17,77.1581066643788,56.91523609901254,72.3906396664863,77.1581066643788,77.1581066643788,-12.213847828123946,-12.213847828123946,-12.213847828123946,-1.1667503843721203,-1.1667503843721203,-1.1667503843721203,-11.047097443751824,-11.047097443751824,-11.047097443751824,0.0,0.0,0.0,64.94425883625486
2020-03-18,77.31527605826662,56.9081921113834,73.09344740113954,77.31527605826662,77.31527605826662,-12.253248774063113,-12.253248774063113,-12.253248774063113,-1.2655538951695282,-1.2655538951695282,-1.2655538951695282,-10.987694878893585,-10.987694878893585,-10.987694878893585,0.0,0.0,0.0,65.06202728420351
2020-03-19,77.47244545215442,57.19089892317627,73.40159309903228,77.47244545215442,77.47244545215442,-12.271288038671507,-12.271288038671507,-12.271288038671507,-1.3636887768300816,-1.3636887768300816,-1.3636887768300816,-10.907599261841424,-10.907599261841424,-10.907599261841424,0.0,0.0,0.0,65.20115741348292
2020-03-20,77.6296148460422,57.18828583848833,73.73676114399623,77.6296148460422,77.6296148460422,-12.055766856119748,-12.055766856119748,-12.055766856119748,-1.2444231541418154,-1.2444231541418154,-1.2444231541418154,-10.811343701977933,-10.811343701977933,-10.811343701977933,0.0,0.0,0.0,65.57384798992246
2020-03-23,78.1011230277056,58.91209510240194,74.97755402324636,78.1011230277056,78.1011230277056,-11.584421799614526,-11.584421799614526,-11.584421799614526,-1.1144795683809445,-1.1144795683809445,-1.1144795683809445,-10.469942231233583,-10.469942231233583,-10.469942231233583,0.0,0.0,0.0,66.51670122809107
2020-03-24,78.2582924215934,58.1299213018332,74.70166650881218,78.2582924215934,78.2582924215934,-11.51926474317494,-11.51926474317494,-11.51926474317494,-1.166750384369307,-1.166750384369307,-1.166750384369307,-10.352514358805633,-10.352514358805633,-10.352514358805633,0.0,0.0,0.0,66.73902767841845
2020-03-25,78.4154618154812,58.625480178073765,75.171660029471,78.4154618154812,78.4154618154812,-11.505122638357822,-11.505122638357822,-11.505122638357822,-1.2655538951690661,-1.2655538951690661,-1.2655538951690661,-10.239568743188757,-10.239568743188757,-10.239568743188757,0.0,0.0,0.0,66.91033917712338
2020-03-26,78.57263120936898,58.41454184618163,75.4717763112189,78.57263120936898,78.57263120936898,-11.498054239351172,-11.498054239351172,-11.498054239351172,-1.3636887768328638,-1.3636887768328638,-1.3636887768328638,-10.134365462518307,-10.134365462518307,-10.134365462518307,0.0,0.0,0.0,67.0745769700178
2020-03-27,78.72980060325678,59.048691966275236,75.86254201822773,78.72980060325678,78.72980060325678,-11.284179183849465,-11.284179183849465,-11.284179183849465,-1.2444231541387782,-1.2444231541387782,-1.2444231541387782,-10.039756029710688,-10.039756029710688,-10.039756029710688,0.0,0.0,0.0,67.44562141940732
2020-03-30,79.20130878492017,60.624832192143764,76.43892921870865,79.20130878492017,79.20130878492017,-10.955749119123707,-10.955749119123707,-10.955749119123707,-1.1144795683808866,-1.1144795683808866,-1.1144795683808866,-9.841269550742823,-9.841269550742823,-9.841269550742823,0.0,0.0,0.0,68.24555966579646
2020-03-31,79.35847817880797,60.188337491458356,76.43694686726835,79.35847817880797,79.35847817880797,-10.975214317300408,-10.975214317300408,-10.975214317300408,-1.1667503843740006,-1.1667503843740006,-1.1667503843740006,-9.808463932926408,-9.808463932926408,-9.808463932926408,0.0,0.0,0.0,68.38326386150756
2020-04-01,79.51564757269577,59.873428093087895,76.6273087712272,79.51564757269577,79.51564757269577,-11.059166552865,-11.059166552865,-11.059166552865,-1.2655538951691783,-1.2655538951691783,-1.2655538951691783,-9.793612657695821,-9.793612657695821,-9.793612657695821,0.0,0.0,0.0,68.45648101983078
2020-04-02,79.67281696658355,60.3384536006242,76.93878668143164,79.67281696658355,79.67281696658355,-11.16048934964696,-11.16048934964696,-11.16048934964696,-1.3636887768324122,-1.3636887768324122,-1.3636887768324122,-9.796800572814547,-9.796800572814547,-9.796800572814547,0.0,0.0,0.0,68.51232761693659
2020-04-03,79.82998636047137,61.22297361191839,77.38643928807974,79.82998636047137,79.82998636047137,-11.06211692838237,-11.06211692838237,-11.06211692838237,-1.2444231541386879,-1.2444231541386879,-1.2444231541386879,-9.817693774243681,-9.817693774243681,-9.817693774243681,0.0,0.0,0.0,68.767869432089
2020-04-06,80.30149454213475,61.51730923569691,77.7045064255145,80.30149454213475,80.30149454213475,-11.09227146634225,-11.09227146634225,-11.09227146634225,-1.1144795683868063,-1.1144795683868063,-1.1144795683868063,-9.977791897955443,-9.977791897955443,-9.977791897955443,0.0,0.0,0.0,69.2092230757925
2020-04-07,80.45866393602255,61.41647451237985,77.82514750454509,80.45866393602255,80.45866393602255,-11.225945759903306,-11.225945759903306,-11.225945759903306,-1.1667503843728653,-1.1667503843728653,-1.1667503843728653,-10.059195375530441,-10.059195375530441,-10.059195375530441,0.0,0.0,0.0,69.23271817611923
2020-04-08,80.61583332991033,60.697862833798354,77.2108056178369,80.61583332991033,80.61583332991033,-11.417389422594063,-11.417389422594063,-11.417389422594063,-1.2655538951692564,-1.2655538951692564,-1.2655538951692564,-10.151835527424808,-10.151835527424808,-10.151835527424808,0.0,0.0,0.0,69.19844390731626
2020-04-09,80.77300272379814,61.07491414193632,77.08506357485896,80.77300272379814,80.77300272379814,-11.617511390952163,-11.617511390952163,-11.617511390952163,-1.3636887768335775,-1.3636887768335775,-1.3636887768335775,-10.253822614118585,-10.253822614118585,-10.253822614118585,0.0,0.0,0.0,69.15549133284598
2020-04-13,81.40168029934932,61.654391636185586,78.14883273445737,81.40168029934932,81.40168029934932,-11.830730144834874,-11.830730144834874,-11.830730144834874,-1.1144795683867486,-1.1144795683867486,-1.1144795683867486,-10.716250576448125,-10.716250576448125,-10.716250576448125,0.0,0.0,0.0,69.57095015451445
2020-04-14,81.55884969323714,60.71802045963115,77.38442989062843,81.55884969323714,81.55884969323714,-12.00291210642007,-12.00291210642007,-12.00291210642007,-1.166750384371729,-1.166750384371729,-1.166750384371729,-10.83616172204834,-10.83616172204834,-10.83616172204834,0.0,0.0,0.0,69.55593758681707
2020-04-15,81.71601908712492,61.59148184753083,78.2185940362778,81.71601908712492,81.71601908712492,-12.220049149661257,-12.220049149661257,-12.220049149661257,-1.2655538951693681,-1.2655538951693681,-1.2655538951693681,-10.95449525449189,-10.95449525449189,-10.95449525449189,0.0,0.0,0.0,69.49596993746366
2020-04-16,81.87318848101272,61.237144424244676,77.851674037893,81.87318848101272,81.87318848101272,-12.433605847692954,-12.433605847692954,-12.433605847692954,-1.3636887768303527,-1.3636887768303527,-1.3636887768303527,-11.069917070862603,-11.069917070862603,-11.069917070862603,0.0,0.0,0.0,69.43958263331976
2020-04-17,82.03035787490052,61.28369401750561,77.84024119507265,82.03035787490052,82.03035787490052,-12.425737744561761,-12.425737744561761,-12.425737744561761,-1.2444231541326136,-1.2444231541326136,-1.2444231541326136,-11.181314590429148,-11.181314590429148,-11.181314590429148,0.0,0.0,0.0,69.60462013033876
2020-04-20,82.50186605656391,61.66994938191635,77.78214892607471,82.50186605656391,82.50186605656391,-12.598275298295386,-12.598275298295386,-12.598275298295386,-1.1144795683896795,-1.1144795683896795,-1.1144795683896795,-11.483795729905706,-11.483795729905706,-11.483795729905706,0.0,0.0,0.0,69.90359075826852
2020-04-21,82.65903545045171,61.977105878071896,77.92201054441189,82.65903545045171,82.65903545045171,-12.739471695565053,-12.739471695565053,-12.739471695565053,-1.1667503843747455,-1.1667503843747455,-1.1667503843747455,-11.572721311190307,-11.572721311190307,-11.572721311190307,0.0,0.0,0.0,69.91956375488665
2020-04-22,82.8162048443395,61.49156078410629,78.41342713054608,82.8162048443395,82.8162048443395,-12.92114629973655,-12.92114629973655,-12.92114629973655,-1.2655538951694465,-1.2655538951694465,-1.2655538951694465,-11.655592404567104,-11.655592404567104,-11.655592404567104,0.0,0.0,0.0,69.89505854460295
2020-04-23,82.9733742382273,61.18204695407616,77.49563421833226,82.9733742382273,82.9733742382273,-13.096332846520845,-13.096332846520845,-13.096332846520845,-1.3636887768315176,-1.3636887768315176,-1.3636887768315176,-11.732644069689329,-11.732644069689329,-11.732644069689329,0.0,0.0,0.0,69.87704139170646
2020-04-24,83.1305436321151,61.560781167210635,77.97306636220829,83.1305436321151,83.1305436321151,-13.048695108785868,-13.048695108785868,-13.048695108785868,-1.2444231541325232,-1.2444231541325232,-1.2444231541325232,-11.804271954653345,-11.804271954653345,-11.804271954653345,0.0,0.0,0.0,70.08184852332924
2020-04-27,83.60205181377849,61.76149095010551,79.46670088919771,83.60205181377849,83.60205181377849,-13.106740353085208,-13.106740353085208,-13.106740353085208,-1.1144795683802156,-1.1144795683802156,-1.1144795683802156,-11.99226078470499,-11.99226078470499,-11.99226078470499,0.0,0.0,0.0,70.49531146069327
2020-04-28,83.75922120766627,62.83385076649639,79.25150797931737,83.75922120766627,83.75922120766627,-13.21489281182487,-13.21489281182487,-13.21489281182487,-1.1667503843736098,-1.1667503843736098,-1.1667503843736098,-12.048142427451259,-12.048142427451259,-12.048142427451259,0.0,0.0,0.0,70.5443283958414
2020-04-29,83.91639073304886,61.49546992158414,78.99161728994292,83.91639073304886,83.91639073304886,-13.367294029619188,-13.367294029619188,-13.367294029619188,-1.2655538951695917,-1.2655538951695917,-1.2655538951695917,-12.101740134449598,-12.101740134449598,-12.101740134449598,0.0,0.0,0.0,70.54909670342967
2020-04-30,84.07356025843143,62.82479213120312,79.76268405202154,84.07356025843143,84.07356025843143,-13.517336311037225,-13.517336311037225,-13.517336311037225,-1.363688776831066,-1.363688776831066,-1.363688776831066,-12.153647534206158,-12.153647534206158,-12.153647534206158,0.0,0.0,0.0,70.5562239473942
2020-05-01,84.23072978381398,61.853526316744336,79.8930516174471,84.23072978381398,84.23072978381398,-13.448785871146322,-13.448785871146322,-13.448785871146322,-1.2444231541395714,-1.2444231541395714,-1.2444231541395714,-12.204362717006749,-12.204362717006749,-12.204362717006749,0.0,0.0,0.0,70.78194391266766
2020-05-04,84.7022383599617,63.157215451628886,79.39904072057578,84.7022383599617,84.7022383599617,-13.46679339216468,-13.46679339216468,-13.46679339216468,-1.1144795683831468,-1.1144795683831468,-1.1144795683831468,-12.352313823781534,-12.352313823781534,-12.352313823781534,0.0,0.0,0.0,71.23544496779702
2020-05-05,84.85940788534427,62.49099466596811,79.68119345440557,84.85940788534427,84.85940788534427,-13.56714936167267,-13.56714936167267,-13.56714936167267,-1.1667503843724742,-1.1667503843724742,-1.1667503843724742,-12.400398977300195,-12.400398977300195,-12.400398977300195,0.0,0.0,0.0,71.29225852367159
2020-05-06,85.01657741072684,62.885216473750695,79.46191108600179,85.01657741072684,85.01657741072684,-13.713051111181036,-13.713051111181036,-13.713051111181036,-1.2655538951696703,-1.2655538951696703,-1.2655538951696703,-12.447497216011367,-12.447497216011367,-12.447497216011367,0.0,0.0,0.0,71.30352629954581
2020-05-07,85.1737469361094,62.367826926044884,79.25320766147628,85.1737469361094,85.1737469361094,-13.856794510035726,-13.856794510035726,-13.856794510035726,-1.363688776832231,-1.363688776832231,-1.363688776832231,-12.493105733203494,-12.493105733203494,-12.493105733203494,0.0,0.0,0.0,71.31695242607367
2020-05-08,85.33091646149198,63.34894346496921,79.95034423631131,85.33091646149198,85.33091646149198,-13.780965620850818,-13.780965620850818,-13.780965620850818,-1.2444231541394812,-1.2444231541394812,-1.2444231541394812,-12.536542466711337,-12.536542466711337,-12.536542466711337,0.0,0.0,0.0,71.54995084064116
2020-05-11,85.80242503763968,63.32825177550193,80.07693959472383,85.80242503763968,85.80242503763968,-13.759132569906491,-13.759132569906491,-13.759132569906491,-1.1144795683830888,-1.1144795683830888,-1.1144795683830888,-12.644653001523404,-12.644653001523404,-12.644653001523404,0.0,0.0,0.0,72.04329246773318
2020-05-12,85.95959456302224,64.86972077586026,80.18051542580817,85.95959456302224,85.95959456302224,-13.83636769140331,-13.83636769140331,-13.83636769140331,-1.1667503843730158,-1.1667503843730158,-1.1667503843730158,-12.669617307030295,-12.669617307030295,-12.669617307030295,0.0,0.0,0.0,72.12322687161893
2020-05-13,86.11676408840482,63.81127760674361,80.74080680805584,86.11676408840482,86.11676408840482,-13.952559697590182,-13.952559697590182,-13.952559697590182,-1.2655538951692085,-1.2655538951692085,-1.2655538951692085,-12.687005802420973,-12.687005802420973,-12.687005802420973,0.0,0.0,0.0,72.16420439081463
2020-05-14,86.27393361378738,63.54065497027896,80.65579939401681,86.27393361378738,86.27393361378738,-14.059234094046309,-14.059234094046309,-14.059234094046309,-1.3636887768317794,-1.3636887768317794,-1.3636887768317794,-12.69554531721453,-12.69554531721453,-12.69554531721453,0.0,0.0,0.0,72.21469951974107
2020-05-15,86.43110313916995,64.24284168361804,80.63700639634925,86.43110313916995,86.43110313916995,-13.938404848759376,-13.938404848759376,-13.938404848759376,-1.2444231541364443,-1.2444231541364443,-1.2444231541364443,-12.69398169462293,-12.69398169462293,-12.69398169462293,0.0,0.0,0.0,72.49269829041057
2020-05-18,86.90261171531766,64.2142453968016,81.86081726581051,86.90261171531766,86.90261171531766,-13.73167667562376,-13.73167667562376,-13.73167667562376,-1.1144795683766138,-1.1144795683766138,-1.1144795683766138,-12.617197107247145,-12.617197107247145,-12.617197107247145,0.0,0.0,0.0,73.1709350396939
2020-05-19,87.05978124070023,64.76151175295921,82.11016339371167,87.05978124070023,87.05978124070023,-13.731094943288804,-13.731094943288804,-13.731094943288804,-1.1667503843735578,-1.1667503843735578,-1.1667503843735578,-12.564344558915247,-12.564344558915247,-12.564344558915247,0.0,0.0,0.0,73.32868629741142
2020-05-20,87.21695076608279,65.02170808692325,81.22441025604199,87.21695076608279,87.21695076608279,-13.76220885739218,-13.76220885739218,-13.76220885739218,-1.2655538951693197,-1.2655538951693197,-1.2655538951693197,-12.496654962222859,-12.496654962222859,-12.496654962222859,0.0,0.0,0.0,73.45474190869061
2020-05-21,87.37412029146536,64.90293611450414,81.93481773403953,87.37412029146536,87.37412029146536,-13.777385468007063,-13.777385468007063,-13.777385468007063,-1.3636887768345614,-1.3636887768345614,-1.3636887768345614,-12.4136966911725,-12.4136966911725,-12.4136966911725,0.0,0.0,0.0,73.59673482345829
2020-05-22,87.53128981684794,66.11665133901458,82.36038761451202,87.53128981684794,87.53128981684794,-13.559679476547522,-13.559679476547522,-13.559679476547522,-1.2444231541334068,-1.2444231541334068,-1.2444231541334068,-12.315256322414115,-12.315256322414115,-12.315256322414115,0.0,0.0,0.0,73.97161034030043
2020-05-26,88.1599679183782,66.36325544666272,83.78208757407751,88.1599679183782,88.1599679183782,-12.9370022055461,-12.9370022055461,-12.9370022055461,-1.166750384372422,-1.166750384372422,-1.166750384372422,-11.77025182117368,-11.77025182117368,-11.77025182117368,0.0,0.0,0.0,75.22296571283209
2020-05-27,88.31713744376079,67.6280275730953,83.47029218132593,88.31713744376079,88.31713744376079,-12.864501286754672,-12.864501286754672,-12.864501286754672,-1.2655538951694318,-1.2655538951694318,-1.2655538951694318,-11.598947391585241,-11.598947391585241,-11.598947391585241,0.0,0.0,0.0,75.45263615700611
2020-05-28,88.47430696914334,67.73222313167207,83.89376065429667,88.47430696914334,88.47430696914334,-12.779060366328272,-12.779060366328272,-12.779060366328272,-1.3636887768313366,-1.3636887768313366,-1.3636887768313366,-11.415371589496935,-11.415371589496935,-11.415371589496935,0.0,0.0,0.0,75.69524660281508
2020-05-29,88.63147649452591,68.71087024569546,84.71509651427688,88.63147649452591,88.63147649452591,-12.465070209113302,-12.465070209113302,-12.465070209113302,-1.2444231541434023,-1.2444231541434023,-1.2444231541434023,-11.220647054969898,-11.220647054969898,-11.220647054969898,0.0,0.0,0.0,76.1664062854126
2020-06-01,89.10298507067363,69.3229310862191,85.75957343370138,89.10298507067363,89.10298507067363,-11.696321474045265,-11.696321474045265,-11.696321474045265,-1.1144795683824755,-1.1144795683824755,-1.1144795683824755,-10.581841905662788,-10.581841905662788,-10.581841905662788,0.0,0.0,0.0,77.40666359662836
2020-06-02,89.26015459605618,69.668581251729,85.91649593397892,89.26015459605618,89.26015459605618,-11.521583558071999,-11.521583558071999,-11.521583558071999,-1.1667503843712865,-1.1667503843712865,-1.1667503843712865,-10.354833173700714,-10.354833173700714,-10.354833173700714,0.0,0.0,0.0,77.73857103798419
2020-06-03,89.41732412143875,69.50589132347619,85.64406181478404,89.41732412143875,89.41732412143875,-11.388282687873714,-11.388282687873714,-11.388282687873714,-1.2655538951695104,-1.2655538951695104,-1.2655538951695104,-10.122728792704203,-10.122728792704203,-10.122728792704203,0.0,0.0,0.0,78.02904143356504
2020-06-04,89.57449364682132,70.4830882082415,86.53230918602148,89.57449364682132,89.57449364682132,-11.250216817435447,-11.250216817435447,-11.250216817435447,-1.363688776832502,-1.363688776832502,-1.363688776832502,-9.886528040602947,-9.886528040602947,-9.886528040602947,0.0,0.0,0.0,78.32427682938588
2020-06-05,89.7316631722039,70.15942349788484,88.04829135647158,89.7316631722039,89.7316631722039,-10.891488496095127,-10.891488496095127,-10.891488496095127,-1.244423154143312,-1.244423154143312,-1.244423154143312,-9.647065341951814,-9.647065341951814,-9.647065341951814,0.0,0.0,0.0,78.84017467610877
2020-06-08,90.2031717483516,71.75459970067503,88.60967754953825,90.2031717483516,90.2031717483516,-10.028802044903946,-10.028802044903946,-10.028802044903946,-1.1144795683824178,-1.1144795683824178,-1.1144795683824178,-8.914322476521528,-8.914322476521528,-8.914322476521528,0.0,0.0,0.0,80.17436970344765
2020-06-09,90.36034127373416,72.15040285998502,88.99768507903578,90.36034127373416,90.36034127373416,-9.832579442789589,-9.832579442789589,-9.832579442789589,-1.1667503843743021,-1.1667503843743021,-1.1667503843743021,-8.665829058415286,-8.665829058415286,-8.665829058415286,0.0,0.0,0.0,80.52776183094457
2020-06-10,90.51751079911674,72.14816892739297,88.99715042525456,90.51751079911674,90.51751079911674,-9.680393472741564,-9.680393472741564,-9.680393472741564,-1.2655538951695886,-1.2655538951695886,-1.2655538951695886,-8.414839577571977,-8.414839577571977,-8.414839577571977,0.0,0.0,0.0,80.83711732637516
2020-06-11,90.6746803244993,72.92578399902477,89.41931986058593,90.6746803244993,90.6746803244993,-9.524431478150841,-9.524431478150841,-9.524431478150841,-1.3636887768320503,-1.3636887768320503,-1.3636887768320503,-8.16074270131879,-8.16074270131879,-8.16074270131879,0.0,0.0,0.0,81.15024884634846
2020-06-12,90.83184984988188,73.24617472967797,89.96325196702392,90.83184984988188,90.83184984988188,-9.147107532793425,-9.147107532793425,-9.147107532793425,-1.2444231541373278,-1.2444231541373278,-1.2444231541373278,-7.902684378656097,-7.902684378656097,-7.902684378656097,0.0,0.0,0.0,81.68474231708845
2020-06-15,91.30335842602958,74.88527315978693,91.31312018160237,91.30335842602958,91.30335842602958,-8.20758465743032,-8.20758465743032,-8.20758465743032,-1.1144795683853488,-1.1144795683853488,-1.1144795683853488,-7.093105089044972,-7.093105089044972,-7.093105089044972,0.0,0.0,0.0,83.09577376859926
2020-06-16,91.46052795141215,75.5715570412734,91.20067247174433,91.46052795141215,91.46052795141215,-7.973542545754019,-7.973542545754019,-7.973542545754019,-1.1667503843748441,-1.1667503843748441,-1.1667503843748441,-6.806792161379175,-6.806792161379175,-6.806792161379175,0.0,0.0,0.0,83.48698540565813
2020-06-17,91.61769747679472,75.14924578328116,92.25531320304316,91.61769747679472,91.61769747679472,-7.775256650447525,-7.775256650447525,-7.775256650447525,-1.2655538951697,-1.2655538951697,-1.2655538951697,-6.509702755277825,-6.509702755277825,-6.509702755277825,0.0,0.0,0.0,83.84244082634719
2020-06-18,91.77486700217727,75.26206855997462,92.7629700818801,91.77486700217727,91.77486700217727,-7.563974699619299,-7.563974699619299,-7.563974699619299,-1.363688776833215,-1.363688776833215,-1.363688776833215,-6.200285922786084,-6.200285922786084,-6.200285922786084,0.0,0.0,0.0,84.21089230255798
2020-06-19,91.93203652755986,76.74846125542219,92.82147330789743,91.93203652755986,91.93203652755986,-7.121482711322866,-7.121482711322866,-7.121482711322866,-1.2444231541372375,-1.2444231541372375,-1.2444231541372375,-5.8770595571856274,-5.8770595571856274,-5.8770595571856274,0.0,0.0,0.0,84.81055381623699
2020-06-22,92.40354510370756,77.69944731245383,94.14864666716376,92.40354510370756,92.40354510370756,-5.926503559356459,-5.926503559356459,-5.926503559356459,-1.1144795683852904,-1.1144795683852904,-1.1144795683852904,-4.812023990971168,-4.812023990971168,-4.812023990971168,0.0,0.0,0.0,86.4770415443511
2020-06-23,92.56071462909013,78.84340889869392,95.48865188963748,92.56071462909013,92.56071462909013,-5.589000807798573,-5.589000807798573,-5.589000807798573,-1.166750384372031,-1.166750384372031,-1.166750384372031,-4.422250423426544,-4.422250423426544,-4.422250423426544,0.0,0.0,0.0,86.97171382129156
2020-06-24,92.7178841544727,79.38105928969242,95.9368714969718,92.7178841544727,92.7178841544727,-5.279947505618066,-5.279947505618066,-5.279947505618066,-1.2655538951698122,-1.2655538951698122,-1.2655538951698122,-4.014393610448253,-4.014393610448253,-4.014393610448253,0.0,0.0,0.0,87.43793664885463
2020-06-25,92.87505367985526,79.47268019725801,96.14959518571735,92.87505367985526,92.87505367985526,-4.9522899414520785,-4.9522899414520785,-4.9522899414520785,-1.3636887768299903,-1.3636887768299903,-1.3636887768299903,-3.5886011646220877,-3.5886011646220877,-3.5886011646220877,0.0,0.0,0.0,87.92276373840318
2020-06-26,93.03222320657186,79.82877803809423,96.73976977854954,93.03222320657186,93.03222320657186,-4.389873281100792,-4.389873281100792,-4.389873281100792,-1.2444231541342003,-1.2444231541342003,-1.2444231541342003,-3.145450126966593,-3.145450126966593,-3.145450126966593,0.0,0.0,0.0,88.64234992547107
2020-06-29,93.50373178672163,81.77594617964832,99.3458824492817,93.50373178672163,93.50373178672163,-2.8389330793171985,-2.8389330793171985,-2.8389330793171985,-1.1144795683882218,-1.1144795683882218,-1.1144795683882218,-1.724453510928977,-1.724453510928977,-1.724453510928977,0.0,0.0,0.0,90.66479870740443
2020-06-30,93.6609013134382,82.9126274550342,99.64582324641773,93.6609013134382,93.6609013134382,-2.3935288994473063,-2.3935288994473063,-2.3935288994473063,-1.1667503843725724,-1.1667503843725724,-1.1667503843725724,-1.2267785150747343,-1.2267785150747343,-1.2267785150747343,0.0,0.0,0.0,91.2673724139909
2020-07-01,93.81807084015479,83.42146633270956,99.86641137422806,93.81807084015479,93.81807084015479,-1.9870102159432192,-1.9870102159432192,-1.9870102159432192,-1.265553895169384,-1.265553895169384,-1.265553895169384,-0.7214563207738353,-0.7214563207738353,-0.7214563207738353,0.0,0.0,0.0,91.83106062421157
2020-07-02,93.97524036687139,84.27014150140964,101.07521865848618,93.97524036687139,93.97524036687139,-1.5753903450248712,-1.5753903450248712,-1.5753903450248712,-1.3636887768311556,-1.3636887768311556,-1.3636887768311556,-0.21170156819371555,-0.21170156819371555,-0.21170156819371555,0.0,0.0,0.0,92.39985002184652
2020-07-06,94.60391847373775,87.15832578066107,103.80959776680389,94.60391847373775,94.60391847373775,0.682488977944947,0.682488977944947,0.682488977944947,-1.114479568378758,-1.114479568378758,-1.114479568378758,1.796968546323705,1.796968546323705,1.796968546323705,0.0,0.0,0.0,95.28640745168269
2020-07-07,94.76108800045434,87.48931416205703,103.99579076423137,94.76108800045434,94.76108800045434,1.1045226671686765,1.1045226671686765,1.1045226671686765,-1.1667503843714369,-1.1667503843714369,-1.1667503843714369,2.2712730515401134,2.2712730515401134,2.2712730515401134,0.0,0.0,0.0,95.86561066762302
2020-07-08,94.91825752717094,88.25500242679405,104.26835029822637,94.91825752717094,94.91825752717094,1.460586449106906,1.460586449106906,1.460586449106906,-1.2655538951694618,-1.2655538951694618,-1.2655538951694618,2.726140344276368,2.726140344276368,2.726140344276368,0.0,0.0,0.0,96.37884397627785
2020-07-09,95.07542705388752,87.75879575573285,104.66446610710466,95.07542705388752,95.07542705388752,1.79389729860844,1.79389729860844,1.79389729860844,-1.3636887768307038,-1.3636887768307038,-1.3636887768307038,3.157586075439144,3.157586075439144,3.157586075439144,0.0,0.0,0.0,96.86932435249597
2020-07-10,95.23259658060411,89.44521978110083,105.78456482765708,95.23259658060411,95.23259658060411,2.3174446902420214,2.3174446902420214,2.3174446902420214,-1.2444231541310726,-1.2444231541310726,-1.2444231541310726,3.561867844373094,3.561867844373094,3.561867844373094,0.0,0.0,0.0,97.55004127084614
2020-07-13,95.70410516075387,91.05145811475431,107.39805253333421,95.70410516075387,95.70410516075387,3.465351980050929,3.465351980050929,3.465351980050929,-1.1144795683816886,-1.1144795683816886,-1.1144795683816886,4.579831548432618,4.579831548432618,4.579831548432618,0.0,0.0,0.0,99.1694571408048
2020-07-14,95.86127468747047,91.49162057188254,107.89897263323152,95.86127468747047,95.86127468747047,3.679230295802713,3.679230295802713,3.679230295802713,-1.1667503843719789,-1.1667503843719789,-1.1667503843719789,4.845980680174692,4.845980680174692,4.845980680174692,0.0,0.0,0.0,99.54050498327318
2020-07-15,96.01844421418706,91.49234008332587,108.01179310845227,96.01844421418706,96.01844421418706,3.8073441106883754,3.8073441106883754,3.8073441106883754,-1.2655538951695735,-1.2655538951695735,-1.2655538951695735,5.072898005857949,5.072898005857949,5.072898005857949,0.0,0.0,0.0,99.82578832487543
2020-07-16,96.17561374090364,91.28161277018118,108.38526480496402,96.17561374090364,96.17561374090364,3.8963017615158075,3.8963017615158075,3.8963017615158075,-1.3636887768334858,-1.3636887768334858,-1.3636887768334858,5.259990538349293,5.259990538349293,5.259990538349293,0.0,0.0,0.0,100.07191550241944
2020-07-17,96.33278326762024,92.38211335458136,109.09633416206994,96.33278326762024,96.33278326762024,4.1629590756548245,4.1629590756548245,4.1629590756548245,-1.2444231541410682,-1.2444231541410682,-1.2444231541410682,5.407382229795892,5.407382229795892,5.407382229795892,0.0,0.0,0.0,100.49574234327507
2020-07-20,96.80429184777002,92.66154915185487,109.58513819018988,96.80429184777002,96.80429184777002,4.509135918784053,4.509135918784053,4.509135918784053,-1.1144795683816306,-1.1144795683816306,-1.1144795683816306,5.623615487165684,5.623615487165684,5.623615487165684,0.0,0.0,0.0,101.31342776655407
2020-07-21,96.9614613744866,93.00873892610804,110.1413227281517,96.9614613744866,96.9614613744866,4.461325939711816,4.461325939711816,4.461325939711816,-1.1667503843708429,-1.1667503843708429,-1.1667503843708429,5.6280763240826595,5.6280763240826595,5.6280763240826595,0.0,0.0,0.0,101.42278731419842
2020-07-22,97.11863090120319,93.35300862654424,109.69825742572598,97.11863090120319,97.11863090120319,4.338716651447228,4.338716651447228,4.338716651447228,-1.2655538951690781,-1.2655538951690781,-1.2655538951690781,5.6042705466163065,5.6042705466163065,5.6042705466163065,0.0,0.0,0.0,101.45734755265042
2020-07-23,97.27580042791979,93.30905009511852,109.8572985775509,97.27580042791979,97.27580042791979,4.192737686887804,4.192737686887804,4.192737686887804,-1.3636887768330344,-1.3636887768330344,-1.3636887768330344,5.556426463720839,5.556426463720839,5.556426463720839,0.0,0.0,0.0,101.4685381148076
2020-07-24,97.43296995463638,93.17141107016359,110.0839670581742,97.43296995463638,97.43296995463638,4.244847507231333,4.244847507231333,4.244847507231333,-1.244423154138031,-1.244423154138031,-1.244423154138031,5.489270661369365,5.489270661369365,5.489270661369365,0.0,0.0,0.0,101.6778174618677
2020-07-27,97.90447853478614,93.59799510855005,110.37582126266054,97.90447853478614,97.90447853478614,4.110176019610021,4.110176019610021,4.110176019610021,-1.1144795683875506,-1.1144795683875506,-1.1144795683875506,5.224655587997572,5.224655587997572,5.224655587997572,0.0,0.0,0.0,102.01465455439616
2020-07-28,98.06164806150272,93.75410586998676,110.7758927089472,98.06164806150272,98.06164806150272,3.967277440154676,3.967277440154676,3.967277440154676,-1.1667503843721814,-1.1667503843721814,-1.1667503843721814,5.134027824526857,5.134027824526857,5.134027824526857,0.0,0.0,0.0,102.0289255016574
2020-07-29,98.21881758821932,93.97009609949689,110.5862898673273,98.21881758821932,98.21881758821932,3.7860578675780197,3.7860578675780197,3.7860578675780197,-1.2655538951692238,-1.2655538951692238,-1.2655538951692238,5.051611762747243,5.051611762747243,5.051611762747243,0.0,0.0,0.0,102.00487545579735
2020-07-30,98.37598711493591,93.6925363247874,110.3636229982257,98.37598711493591,98.37598711493591,3.619178214480831,3.619178214480831,3.619178214480831,-1.3636887768325825,-1.3636887768325825,-1.3636887768325825,4.982866991313413,4.982866991313413,4.982866991313413,0.0,0.0,0.0,101.99516532941674
2020-07-31,98.5331566416525,94.54241023373005,110.64541863765078,98.5331566416525,98.5331566416525,3.688526769331008,3.688526769331008,3.688526769331008,-1.244423154137941,-1.244423154137941,-1.244423154137941,4.932949923468949,4.932949923468949,4.932949923468949,0.0,0.0,0.0,102.2216834109835
2020-08-03,99.00466522180227,94.32726396997523,110.80469258159334,99.00466522180227,99.00466522180227,3.826248424674464,3.826248424674464,3.826248424674464,-1.1144795683874924,-1.1144795683874924,-1.1144795683874924,4.940727993061956,4.940727993061956,4.940727993061956,0.0,0.0,0.0,102.83091364647673
2020-08-04,99.16183474851887,94.9027626568943,110.9528776204033,99.16183474851887,99.16183474851887,3.8408636383774257,3.8408636383774257,3.8408636383774257,-1.166750384371046,-1.166750384371046,-1.166750384371046,5.007614022748472,5.007614022748472,5.007614022748472,0.0,0.0,0.0,103.0026983868963
2020-08-05,99.31900427523546,95.07486906992467,111.73827134285814,99.31900427523546,99.31900427523546,3.8451361451639645,3.8451361451639645,3.8451361451639645,-1.265553895169302,-1.265553895169302,-1.265553895169302,5.110690040333266,5.110690040333266,5.110690040333266,0.0,0.0,0.0,103.16414042039942
2020-08-06,99.47617380195204,94.55499509196562,111.76831186877556,99.47617380195204,99.47617380195204,3.8874375269871897,3.8874375269871897,3.8874375269871897,-1.3636887768337478,-1.3636887768337478,-1.3636887768337478,5.2511263038209375,5.2511263038209375,5.2511263038209375,0.0,0.0,0.0,103.36361132893923
2020-08-07,99.63334332866863,95.19662350478899,112.38354650739656,99.63334332866863,99.63334332866863,4.18476681277116,4.18476681277116,4.18476681277116,-1.2444231541319568,-1.2444231541319568,-1.2444231541319568,5.429189966903117,5.429189966903117,5.429189966903117,0.0,0.0,0.0,103.81811014143979
2020-08-10,100.1048519088184,97.24069753095253,113.37272783044382,100.1048519088184,100.1048519088184,5.063466456434923,5.063466456434923,5.063466456434923,-1.114479568387435,-1.114479568387435,-1.114479568387435,6.177946024822358,6.177946024822358,6.177946024822358,0.0,0.0,0.0,105.16831836525333
2020-08-11,100.26202143553499,97.34886805819342,113.30915185321247,100.26202143553499,100.26202143553499,5.324024043162551,5.324024043162551,5.324024043162551,-1.1667503843715874,-1.1667503843715874,-1.1667503843715874,6.49077442753414,6.49077442753414,6.49077442753414,0.0,0.0,0.0,105.58604547869754
2020-08-12,100.41919096225158,97.4350137046025,114.86498056274135,100.41919096225158,100.41919096225158,5.563390087889124,5.563390087889124,5.563390087889124,-1.2655538951694134,-1.2655538951694134,-1.2655538951694134,6.8289439830585374,6.8289439830585374,6.8289439830585374,0.0,0.0,0.0,105.9825810501407
2020-08-13,100.57636048896818,98.2194811223232,114.91710851221423,100.57636048896818,100.57636048896818,5.823845379795042,5.823845379795042,5.823845379795042,-1.363688776828906,-1.363688776828906,-1.363688776828906,7.187534156623949,7.187534156623949,7.187534156623949,0.0,0.0,0.0,106.40020586876322
2020-08-14,100.73353001568476,99.19401735449125,115.42765659871012,100.73353001568476,100.73353001568476,6.316553934724458,6.316553934724458,6.316553934724458,-1.2444231541448985,-1.2444231541448985,-1.2444231541448985,7.560977088869356,7.560977088869356,7.560977088869356,0.0,0.0,0.0,107.05008395040922
2020-08-17,101.20503859583454,100.43133470238513,117.09526349763226,101.20503859583454,101.20503859583454,7.592881623014167,7.592881623014167,7.592881623014167,-1.1144795683903657,-1.1144795683903657,-1.1144795683903657,8.707361191404532,8.707361191404532,8.707361191404532,0.0,0.0,0.0,108.7979202188487
2020-08-18,101.36220812255112,100.71189418898298,117.43754182133539,101.36220812255112,101.36220812255112,7.9088216250386045,7.9088216250386045,7.9088216250386045,-1.1667503843746039,-1.1667503843746039,-1.1667503843746039,9.075572009413209,9.075572009413209,9.075572009413209,0.0,0.0,0.0,109.27102974758972
2020-08-19,101.51937764926772,101.3155589009586,117.83823244209567,101.51937764926772,101.51937764926772,8.159653092611538,8.159653092611538,8.159653092611538,-1.2655538951695255,-1.2655538951695255,-1.2655538951695255,9.425206987781063,9.425206987781063,9.425206987781063,0.0,0.0,0.0,109.67903074187926
2020-08-20,101.6765471759843,101.65790499426014,118.70057677240186,101.6765471759843,101.6765471759843,8.385712986968105,8.385712986968105,8.385712986968105,-1.363688776831688,-1.363688776831688,-1.363688776831688,9.749401763799794,9.749401763799794,9.749401763799794,0.0,0.0,0.0,110.0622601629524
2020-08-21,101.8337167027009,102.16503662208972,119.36262862657378,101.8337167027009,101.8337167027009,8.797136367557705,8.797136367557705,8.797136367557705,-1.2444231541389148,-1.2444231541389148,-1.2444231541389148,10.041559521696621,10.041559521696621,10.041559521696621,0.0,0.0,0.0,110.63085307025861
2020-08-24,102.30429663576565,104.10363591183533,120.07869361856847,102.30429663576565,102.30429663576565,9.552159162752076,9.552159162752076,9.552159162752076,-1.1144795683779134,-1.1144795683779134,-1.1144795683779134,10.666638731129991,10.666638731129991,10.666638731129991,0.0,0.0,0.0,111.85645579851773
2020-08-25,102.4611566134539,103.66078749336354,120.31997415325769,102.4611566134539,102.4611566134539,9.607831535861582,9.607831535861582,9.607831535861582,-1.1667503843751452,-1.1667503843751452,-1.1667503843751452,10.774581920236725,10.774581920236725,10.774581920236725,0.0,0.0,0.0,112.06898814931547
2020-08-26,102.61801659114214,103.91840709209463,119.79104813349196,102.61801659114214,102.61801659114214,9.560367220965722,9.560367220965722,9.560367220965722,-1.2655538951696372,-1.2655538951696372,-1.2655538951696372,10.82592111613536,10.82592111613536,10.82592111613536,0.0,0.0,0.0,112.17838381210785
2020-08-27,102.7748765688304,104.77382947953357,120.98260151470566,102.7748765688304,102.7748765688304,9.454451251950804,9.454451251950804,9.454451251950804,-1.3636887768312365,-1.3636887768312365,-1.3636887768312365,10.818140028782041,10.818140028782041,10.818140028782041,0.0,0.0,0.0,112.2293278207812
2020-08-28,102.93173654651865,104.3923318705647,120.63806194532756,102.93173654651865,102.93173654651865,9.505262093357253,9.505262093357253,9.505262093357253,-1.2444231541388244,-1.2444231541388244,-1.2444231541388244,10.749685247496076,10.749685247496076,10.749685247496076,0.0,0.0,0.0,112.4369986398759
2020-08-31,103.40231647958339,104.18697924323492,120.54982127617333,103.40231647958339,103.40231647958339,9.065253231352335,9.065253231352335,9.065253231352335,-1.1144795683868214,-1.1144795683868214,-1.1144795683868214,10.179732799739158,10.179732799739158,10.179732799739158,0.0,0.0,0.0,112.46756971093572
2020-09-01,103.55917645727163,104.38906103270301,120.38847176154768,103.55917645727163,103.55917645727163,8.706274147466868,8.706274147466868,8.706274147466868,-1.1667503843723326,-1.1667503843723326,-1.1667503843723326,9.873024531839201,9.873024531839201,9.873024531839201,0.0,0.0,0.0,112.2654506047385
2020-09-02,103.71603643495989,103.30990930207543,119.75045860131854,103.71603643495989,103.71603643495989,8.247197972666207,8.247197972666207,8.247197972666207,-1.2655538951697154,-1.2655538951697154,-1.2655538951697154,9.512751867835922,9.512751867835922,9.512751867835922,0.0,0.0,0.0,111.96323440762609
2020-09-03,103.87289641264813,103.14340553423682,120.06005087322231,103.87289641264813,103.87289641264813,7.739428659828047,7.739428659828047,7.739428659828047,-1.3636887768324015,-1.3636887768324015,-1.3636887768324015,9.103117436660447,9.103117436660447,9.103117436660447,0.0,0.0,0.0,111.61232507247618
2020-09-04,104.0297563903364,103.39367742965916,119.55055322780446,104.0297563903364,104.0297563903364,7.404675203626504,7.404675203626504,7.404675203626504,-1.2444231541387343,-1.2444231541387343,-1.2444231541387343,8.649098357765238,8.649098357765238,8.649098357765238,0.0,0.0,0.0,111.43443159396291
2020-09-08,104.65719630108937,101.04966985059784,118.07659654004203,104.65719630108937,104.65719630108937,5.343266049797941,5.343266049797941,5.343266049797941,-1.166750384372874,-1.166750384372874,-1.166750384372874,6.510016434170814,6.510016434170814,6.510016434170814,0.0,0.0,0.0,110.00046235088732
2020-09-09,104.81405627877764,101.38615494593986,117.39762744613512,104.81405627877764,104.81405627877764,4.662804492877237,4.662804492877237,4.662804492877237,-1.2655538951692538,-1.2655538951692538,-1.2655538951692538,5.92835838804649,5.92835838804649,5.92835838804649,0.0,0.0,0.0,109.47686077165488
2020-09-10,104.97091625646587,100.19841638413092,117.52515401745829,104.97091625646587,104.97091625646587,3.97853963188226,3.97853963188226,3.97853963188226,-1.3636887768291768,-1.3636887768291768,-1.3636887768291768,5.342228408711437,5.342228408711437,5.342228408711437,0.0,0.0,0.0,108.94945588834813
2020-09-11,105.12777623415413,100.51647166444197,116.22867344011685,105.12777623415413,105.12777623415413,3.514340894616996,3.514340894616996,3.514340894616996,-1.2444231541327502,-1.2444231541327502,-1.2444231541327502,4.758764048749746,4.758764048749746,4.758764048749746,0.0,0.0,0.0,108.64211712877112
2020-09-14,105.59835616721888,100.10251444569994,116.02336210853917,105.59835616721888,105.59835616721888,1.977357424602483,1.977357424602483,1.977357424602483,-1.1144795683773001,-1.1144795683773001,-1.1144795683773001,3.091836992979783,3.091836992979783,3.091836992979783,0.0,0.0,0.0,107.57571359182137
2020-09-15,105.75521614490711,99.01804440594063,115.1041792362587,105.75521614490711,105.75521614490711,1.417641270972027,1.417641270972027,1.417641270972027,-1.166750384373416,-1.166750384373416,-1.166750384373416,2.584391655345443,2.584391655345443,2.584391655345443,0.0,0.0,0.0,107.17285741587914
2020-09-16,105.91207612259538,97.66166075503442,114.91812419458415,105.91207612259538,105.91207612259538,0.8442642264336119,0.8442642264336119,0.8442642264336119,-1.2655538951693317,-1.2655538951693317,-1.2655538951693317,2.109818121602944,2.109818121602944,2.109818121602944,0.0,0.0,0.0,106.75634034902899
2020-09-17,106.06893610028362,97.89959560860314,114.33607217116618,106.06893610028362,106.06893610028362,0.3086668694809156,0.3086668694809156,0.3086668694809156,-1.363688776830342,-1.363688776830342,-1.363688776830342,1.6723556463112577,1.6723556463112577,1.6723556463112577,0.0,0.0,0.0,106.37760296976454
2020-09-18,106.22579607797186,96.97525365567553,114.63165148319678,106.22579607797186,106.22579607797186,0.03104843706975445,0.03104843706975445,0.03104843706975445,-1.2444231541326598,-1.2444231541326598,-1.2444231541326598,1.2754715912024144,1.2754715912024144,1.2754715912024144,0.0,0.0,0.0,106.25684451504162
2020-09-21,106.69637601103662,97.47518444947912,114.76673659734391,106.69637601103662,106.69637601103662,-0.7638338083461129,-0.7638338083461129,-0.7638338083461129,-1.1144795683772422,-1.1144795683772422,-1.1144795683772422,0.35064576003112924,0.35064576003112924,0.35064576003112924,0.0,0.0,0.0,105.93254220269051
2020-09-22,106.85323598872486,98.01149582000279,114.43851923270122,106.85323598872486,106.85323598872486,-1.0325082386904296,-1.0325082386904296,-1.0325082386904296,-1.1667503843706026,-1.1667503843706026,-1.1667503843706026,0.13424214568017315,0.13424214568017315,0.13424214568017315,0.0,0.0,0.0,105.82072775003444
2020-09-23,107.0100959664131,97.36466626158811,114.35546490744903,107.0100959664131,107.0100959664131,-1.3022037726122269,-1.3022037726122269,-1.3022037726122269,-1.2655538951694771,-1.2655538951694771,-1.2655538951694771,-0.03664987744274962,-0.03664987744274962,-0.03664987744274962,0.0,0.0,0.0,105.70789219380087
2020-09-24,107.16695594410136,97.30702180422436,114.7147117691969,107.16695594410136,107.16695594410136,-1.5271379494118196,-1.5271379494118196,-1.5271379494118196,-1.3636887768315071,-1.3636887768315071,-1.3636887768315071,-0.16344917258031252,-0.16344917258031252,-0.16344917258031252,0.0,0.0,0.0,105.63981799468954
2020-09-25,107.3238159217896,98.02399116235739,113.97487664769056,107.3238159217896,107.3238159217896,-1.4927000663869772,-1.4927000663869772,-1.4927000663869772,-1.244423154142655,-1.244423154142655,-1.244423154142655,-0.2482769122443222,-0.2482769122443222,-0.2482769122443222,0.0,0.0,0.0,105.83111585540263
2020-09-28,107.79439585485436,98.90028128057183,114.55484177586891,107.79439585485436,107.79439585485436,-1.395611981290475,-1.395611981290475,-1.395611981290475,-1.114479568380173,-1.114479568380173,-1.114479568380173,-0.28113241291030205,-0.28113241291030205,-0.28113241291030205,0.0,0.0,0.0,106.39878387356389
2020-09-29,107.9512558325426,98.36988938140207,114.85274352516959,107.9512558325426,107.9512558325426,-1.3974193632941623,-1.3974193632941623,-1.3974193632941623,-1.1667503843711442,-1.1667503843711442,-1.1667503843711442,-0.23066897892301805,-0.23066897892301805,-0.23066897892301805,0.0,0.0,0.0,106.55383646924844
2020-09-30,108.10811581023086,98.18564774249262,115.12450742771775,108.10811581023086,108.10811581023086,-1.4221460313301955,-1.4221460313301955,-1.4221460313301955,-1.2655538951695555,-1.2655538951695555,-1.2655538951695555,-0.15659213616064002,-0.15659213616064002,-0.15659213616064002,0.0,0.0,0.0,106.68596977890066
2020-10-01,108.2649757879191,98.49904042254668,114.91003460756178,108.2649757879191,108.2649757879191,-1.427155260324644,-1.427155260324644,-1.427155260324644,-1.3636887768326722,-1.3636887768326722,-1.3636887768326722,-0.06346648349197197,-0.06346648349197197,-0.06346648349197197,0.0,0.0,0.0,106.83782052759446
2020-10-02,108.42183576560736,99.50660546396648,115.12636931231235,108.42183576560736,108.42183576560736,-1.200343376245149,-1.200343376245149,-1.200343376245149,-1.2444231541425648,-1.2444231541425648,-1.2444231541425648,0.04407977789741575,0.04407977789741575,0.04407977789741575,0.0,0.0,0.0,107.22149238936221
2020-10-05,108.89241569867211,99.43184278032979,116.51817781674274,108.89241569867211,108.89241569867211,-0.7064375724937919,-0.7064375724937919,-0.7064375724937919,-1.114479568383104,-1.114479568383104,-1.114479568383104,0.40804199588931184,0.40804199588931184,0.40804199588931184,0.0,0.0,0.0,108.18597812617831
2020-10-06,109.04927567636034,100.59994597918657,116.93050161521352,109.04927567636034,109.04927567636034,-0.6376941818242634,-0.6376941818242634,-0.6376941818242634,-1.1667503843741607,-1.1667503843741607,-1.1667503843741607,0.529056202549897,0.529056202549897,0.529056202549897,0.0,0.0,0.0,108.41158149453608
2020-10-07,109.2061356540486,100.56767022059907,116.94096825538223,109.2061356540486,109.2061356540486,-0.6219088113311518,-0.6219088113311518,-0.6219088113311518,-1.2655538951696341,-1.2655538951696341,-1.2655538951696341,0.6436450838384822,0.6436450838384822,0.6436450838384822,0.0,0.0,0.0,108.58422684271744
2020-10-08,109.36299563173684,100.71188007807731,117.14079281160177,109.36299563173684,109.36299563173684,-0.6150442026933758,-0.6150442026933758,-0.6150442026933758,-1.3636887768322208,-1.3636887768322208,-1.3636887768322208,0.7486445741388449,0.7486445741388449,0.7486445741388449,0.0,0.0,0.0,108.74795142904347
2020-10-09,109.51985560942508,100.84293562812202,117.44836616221211,109.51985560942508,109.51985560942508,-0.4030617490028009,-0.4030617490028009,-0.4030617490028009,-1.2444231541395279,-1.2444231541395279,-1.2444231541395279,0.8413614051367269,0.8413614051367269,0.8413614051367269,0.0,0.0,0.0,109.11679386042228
2020-10-12,109.99043554248983,101.50278065821814,118.2649546123698,109.99043554248983,109.99043554248983,-0.08788677393261785,-0.08788677393261785,-0.08788677393261785,-1.114479568386035,-1.114479568386035,-1.114479568386035,1.026592794453417,1.026592794453417,1.026592794453417,0.0,0.0,0.0,109.90254876855721
2020-10-13,110.14729552017808,101.38593473834642,118.05766282720994,110.14729552017808,110.14729552017808,-0.11312409197733794,-0.11312409197733794,-0.11312409197733794,-1.166750384374702,-1.166750384374702,-1.166750384374702,1.053626292397364,1.053626292397364,1.053626292397364,0.0,0.0,0.0,110.03417142820074
2020-10-14,110.30415549786635,102.06644313199185,118.33204333860692,110.30415549786635,110.30415549786635,-0.2027884067525936,-0.2027884067525936,-0.2027884067525936,-1.2655538951692054,-1.2655538951692054,-1.2655538951692054,1.0627654884166118,1.0627654884166118,1.0627654884166118,0.0,0.0,0.0,110.10136709111376
2020-10-15,110.46101547555459,102.27085297339207,118.5078300228419,110.46101547555459,110.46101547555459,-0.30923913041277395,-0.30923913041277395,-0.30923913041277395,-1.3636887768350026,-1.3636887768350026,-1.3636887768350026,1.0544496464222286,1.0544496464222286,1.0544496464222286,0.0,0.0,0.0,110.15177634514181
2020-10-16,110.61787545324283,101.66352928298778,118.71087665129251,110.61787545324283,110.61787545324283,-0.2148387575134549,-0.2148387575134549,-0.2148387575134549,-1.2444231541364903,-1.2444231541364903,-1.2444231541364903,1.0295843966230354,1.0295843966230354,1.0295843966230354,0.0,0.0,0.0,110.40303669572938
2020-10-19,111.08845538630757,102.73444715593567,119.03790523403458,111.08845538630757,111.08845538630757,-0.24365628720984048,-0.24365628720984048,-0.24365628720984048,-1.1144795683859772,-1.1144795683859772,-1.1144795683859772,0.8708232811761366,0.8708232811761366,0.8708232811761366,0.0,0.0,0.0,110.84479909909773
2020-10-20,111.21497688053826,102.80014152718904,119.59160180679815,111.21497688053826,111.21497688053826,-0.3701975561577113,-0.3701975561577113,-0.3701975561577113,-1.1667503843735663,-1.1667503843735663,-1.1667503843735663,0.7965528282158548,0.7965528282158548,0.7965528282158548,0.0,0.0,0.0,110.84477932438055
2020-10-21,111.34149837476895,102.13038472279477,118.9883083618502,111.34149837476895,111.34149837476895,-0.549964464010841,-0.549964464010841,-0.549964464010841,-1.2655538951692835,-1.2655538951692835,-1.2655538951692835,0.7155894311584428,0.7155894311584428,0.7155894311584428,0.0,0.0,0.0,110.7915339107581
2020-10-22,111.46801986899963,101.64008167746276,119.32306830427186,111.46801986899963,111.46801986899963,-0.7331154109647032,-0.7331154109647032,-0.7331154109647032,-1.3636887768301609,-1.3636887768301609,-1.3636887768301609,0.6305733658654576,0.6305733658654576,0.6305733658654576,0.0,0.0,0.0,110.73490445803493
2020-10-23,111.59454136323032,102.81204795474001,119.0541863004776,111.59454136323032,111.59454136323032,-0.7001958332400731,-0.7001958332400731,-0.7001958332400731,-1.2444231541334534,-1.2444231541334534,-1.2444231541334534,0.5442273208933801,0.5442273208933801,0.5442273208933801,0.0,0.0,0.0,110.89434552999025
2020-10-26,111.97410584592237,102.79297277350234,118.94985176169907,111.97410584592237,111.97410584592237,-0.8100135589868641,-0.8100135589868641,-0.8100135589868641,-1.1144795683918964,-1.1144795683918964,-1.1144795683918964,0.30446600940503243,0.30446600940503243,0.30446600940503243,0.0,0.0,0.0,111.1640922869355
2020-10-27,112.10062734015305,103.1462409756292,119.0835214696135,112.10062734015305,112.10062734015305,-0.9270502368712588,-0.9270502368712588,-0.9270502368712588,-1.1667503843724307,-1.1667503843724307,-1.1667503843724307,0.23970014750117194,0.23970014750117194,0.23970014750117194,0.0,0.0,0.0,111.1735771032818
2020-10-28,112.22714883438373,102.35261095909328,119.51811913702751,112.22714883438373,112.22714883438373,-1.0790158653001753,-1.0790158653001753,-1.0790158653001753,-1.2655538951694292,-1.2655538951694292,-1.2655538951694292,0.1865380298692536,0.1865380298692536,0.1865380298692536,0.0,0.0,0.0,111.14813296908355
2020-10-29,112.35367032861443,102.63501682628021,119.43601741936592,112.35367032861443,112.35367032861443,-1.2165751560265177,-1.2165751560265177,-1.2165751560265177,-1.363688776831326,-1.363688776831326,-1.363688776831326,0.14711362080480844,0.14711362080480844,0.14711362080480844,0.0,0.0,0.0,111.1370951725879
2020-10-30,112.48019182284513,103.25909071838664,120.13723391738195,112.48019182284513,112.48019182284513,-1.1210906217991405,-1.1210906217991405,-1.1210906217991405,-1.2444231541333626,-1.2444231541333626,-1.2444231541333626,0.12333253233422213,0.12333253233422213,0.12333253233422213,0.0,0.0,0.0,111.35910120104599
2020-11-02,112.85975630553718,103.03222884499543,119.93059979528522,112.85975630553718,112.85975630553718,-0.9533648106444683,-0.9533648106444683,-0.9533648106444683,-1.1144795683794442,-1.1144795683794442,-1.1144795683794442,0.16111475773497583,0.16111475773497583,0.16111475773497583,0.0,0.0,0.0,111.9063914948927
2020-11-03,112.98627779976786,104.06950879817593,120.66617113077508,112.98627779976786,112.98627779976786,-0.9529004454938562,-0.9529004454938562,-0.9529004454938562,-1.1667503843712952,-1.1667503843712952,-1.1667503843712952,0.2138499388774389,0.2138499388774389,0.2138499388774389,0.0,0.0,0.0,112.03337735427401
2020-11-04,113.11279929399855,103.88975324271628,120.70076571506291,113.11279929399855,113.11279929399855,-0.9776769193971175,-0.9776769193971175,-0.9776769193971175,-1.2655538951695073,-1.2655538951695073,-1.2655538951695073,0.2878769757723898,0.2878769757723898,0.2878769757723898,0.0,0.0,0.0,112.13512237460144
2020-11-05,113.23932078822922,103.68954472397026,120.41671798918883,113.23932078822922,113.23932078822922,-0.9801418391706284,-0.9801418391706284,-0.9801418391706284,-1.3636887768308745,-1.3636887768308745,-1.3636887768308745,0.3835469376602462,0.3835469376602462,0.3835469376602462,0.0,0.0,0.0,112.2591789490586
2020-11-06,113.36584228245991,104.4976232968129,121.06952346433405,113.36584228245991,113.36584228245991,-0.7434478706093767,-0.7434478706093767,-0.7434478706093767,-1.2444231541273787,-1.2444231541273787,-1.2444231541273787,0.500975283518002,0.500975283518002,0.500975283518002,0.0,0.0,0.0,112.62239441185054
2020-11-09,113.74540676515198,105.40652165668381,121.90312372276105,113.74540676515198,113.74540676515198,-0.1326478469095141,-0.1326478469095141,-0.1326478469095141,-1.114479568382375,-1.114479568382375,-1.114479568382375,0.981831721472861,0.981831721472861,0.981831721472861,0.0,0.0,0.0,113.61275891824246
2020-11-10,113.87192825938267,105.12066420913051,122.29261008682006,113.87192825938267,113.87192825938267,0.016671901047020998,0.016671901047020998,0.016671901047020998,-1.1667503843743112,-1.1667503843743112,-1.1667503843743112,1.183422285421332,1.183422285421332,1.183422285421332,0.0,0.0,0.0,113.88860016042969
2020-11-11,113.99844975361336,105.5612953380811,122.36084017237528,113.99844975361336,113.99844975361336,0.1389693154029267,0.1389693154029267,0.1389693154029267,-1.2655538951696188,-1.2655538951696188,-1.2655538951696188,1.4045232105725456,1.4045232105725456,1.4045232105725456,0.0,0.0,0.0,114.13741906901629
2020-11-12,114.12497124784403,106.13697904897873,122.50471205229137,114.12497124784403,114.12497124784403,0.28058817132487773,0.28058817132487773,0.28058817132487773,-1.3636887768304229,-1.3636887768304229,-1.3636887768304229,1.6442769481553006,1.6442769481553006,1.6442769481553006,0.0,0.0,0.0,114.40555941916891
2020-11-13,114.25149274207472,106.75159618390293,123.5998295053643,114.25149274207472,114.25149274207472,0.6573174329283236,0.6573174329283236,0.6573174329283236,-1.244423154140321,-1.244423154140321,-1.244423154140321,1.9017405870686446,1.9017405870686446,1.9017405870686446,0.0,0.0,0.0,114.90881017500304
2020-11-16,114.63105722476676,107.61880998821918,124.17337904672779,114.63105722476676,114.63105722476676,1.6555698959652199,1.6555698959652199,1.6555698959652199,-1.1144795683823174,-1.1144795683823174,-1.1144795683823174,2.7700494643475375,2.7700494643475375,2.7700494643475375,0.0,0.0,0.0,116.28662712073198
2020-11-17,114.75757871899746,108.77534334311225,124.43814740444067,114.75757871899746,114.75757871899746,1.9210534615412802,1.9210534615412802,1.9210534615412802,-1.1667503843731752,-1.1667503843731752,-1.1667503843731752,3.0878038459144554,3.0878038459144554,3.0878038459144554,0.0,0.0,0.0,116.67863218053874
2020-11-18,114.88410021322817,108.65136109928466,125.03835584358825,114.88410021322817,114.88410021322817,2.152266306341702,2.152266306341702,2.152266306341702,-1.2655538951691572,-1.2655538951691572,-1.2655538951691572,3.417820201510859,3.417820201510859,3.417820201510859,0.0,0.0,0.0,117.03636651956987
2020-11-19,115.01062170745884,109.11694407702238,125.72136247018408,115.01062170745884,115.01062170745884,2.3952410713555192,2.3952410713555192,2.3952410713555192,-1.3636887768332047,-1.3636887768332047,-1.3636887768332047,3.7589298481887234,3.7589298481887234,3.7589298481887234,0.0,0.0,0.0,117.40586277881435
2020-11-20,115.13714320168953,109.57025285170448,126.09888451648078,115.13714320168953,115.13714320168953,2.865522543034784,2.865522543034784,2.865522543034784,-1.2444231541372839,-1.2444231541372839,-1.2444231541372839,4.109945697172067,4.109945697172067,4.109945697172067,0.0,0.0,0.0,118.00266574472431
2020-11-23,115.51670768438157,111.35324345655236,127.98523162515787,115.51670768438157,115.51670768438157,4.095739286666391,4.095739286666391,4.095739286666391,-1.114479568382259,-1.114479568382259,-1.114479568382259,5.21021885504865,5.21021885504865,5.21021885504865,0.0,0.0,0.0,119.61244697104796
2020-11-24,115.64322917861226,111.5964906294623,129.04396242847798,115.64322917861226,115.64322917861226,4.421743694711267,4.421743694711267,4.421743694711267,-1.1667503843737173,-1.1667503843737173,-1.1667503843737173,5.588494079084985,5.588494079084985,5.588494079084985,0.0,0.0,0.0,120.06497287332353
2020-11-25,115.76975067284295,112.00037624400368,129.42684714964201,115.76975067284295,115.76975067284295,4.704758739505959,4.704758739505959,4.704758739505959,-1.2655538951692689,-1.2655538951692689,-1.2655538951692689,5.970312634675228,5.970312634675228,5.970312634675228,0.0,0.0,0.0,120.47450941234891
2020-11-27,116.02279366130433,112.82820514237702,130.15325050876726,116.02279366130433,116.02279366130433,5.494458176463087,5.494458176463087,5.494458176463087,-1.2444231541342468,-1.2444231541342468,-1.2444231541342468,6.738881330597334,6.738881330597334,6.738881330597334,0.0,0.0,0.0,121.51725183776742
2020-11-30,116.40235814399638,114.89346993335126,131.24200102428924,116.40235814399638,116.40235814399638,6.766406672589198,6.766406672589198,6.766406672589198,-1.114479568388179,-1.114479568388179,-1.114479568388179,7.880886240977377,7.880886240977377,7.880886240977377,0.0,0.0,0.0,123.16876481658558
2020-12-01,116.52887963822707,115.03978677409508,131.9747889599481,116.52887963822707,116.52887963822707,7.085200397724474,7.085200397724474,7.085200397724474,-1.1667503843709042,-1.1667503843709042,-1.1667503843709042,8.251950782095378,8.251950782095378,8.251950782095378,0.0,0.0,0.0,123.61408003595155
2020-12-02,116.65540113245775,115.41493726338285,132.31762153007654,116.65540113245775,116.65540113245775,7.349639413221167,7.349639413221167,7.349639413221167,-1.2655538951693475,-1.2655538951693475,-1.2655538951693475,8.615193308390515,8.615193308390515,8.615193308390515,0.0,0.0,0.0,124.00504054567892
2020-12-03,116.78192262668844,116.38124343486571,132.21236228308004,116.78192262668844,116.78192262668844,7.605007148409325,7.605007148409325,7.605007148409325,-1.3636887768339183,-1.3636887768339183,-1.3636887768339183,8.968695925243244,8.968695925243244,8.968695925243244,0.0,0.0,0.0,124.38692977509777
2020-12-04,116.90844412091913,116.81210665361323,132.74597541620724,116.90844412091913,116.90844412091913,8.06605961375438,8.06605961375438,8.06605961375438,-1.2444231541442419,-1.2444231541442419,-1.2444231541442419,9.310482767898622,9.310482767898622,9.310482767898622,0.0,0.0,0.0,124.9745037346735
2020-12-07,117.28800860361119,118.02003165695854,134.9239168124097,117.28800860361119,117.28800860361119,9.13075384448692,9.13075384448692,9.13075384448692,-1.1144795683817044,-1.1144795683817044,-1.1144795683817044,10.245233412868625,10.245233412868625,10.245233412868625,0.0,0.0,0.0,126.41876244809811
2020-12-08,117.41453009784188,119.07062084571466,135.110488064256,117.41453009784188,117.41453009784188,9.353042223298786,9.353042223298786,9.353042223298786,-1.1667503843714462,-1.1667503843714462,-1.1667503843714462,10.519792607670233,10.519792607670233,10.519792607670233,0.0,0.0,0.0,126.76757232114066
2020-12-09,117.54105159207256,118.44422209765203,135.23646614544077,117.54105159207256,117.54105159207256,9.506933096182681,9.506933096182681,9.506933096182681,-1.265553895169459,-1.265553895169459,-1.265553895169459,10.77248699135214,10.77248699135214,10.77248699135214,0.0,0.0,0.0,127.04798468825524
2020-12-10,117.66757308630325,118.44845858416055,135.29838738372774,117.66757308630325,117.66757308630325,9.63770778105356,9.63770778105356,9.63770778105356,-1.3636887768306933,-1.3636887768306933,-1.3636887768306933,11.001396557884252,11.001396557884252,11.001396557884252,0.0,0.0,0.0,127.30528086735681
2020-12-11,117.79409458053392,118.93217515651915,136.68069992042112,117.79409458053392,117.79409458053392,9.9602807822204,9.9602807822204,9.9602807822204,-1.2444231541412045,-1.2444231541412045,-1.2444231541412045,11.204703936361605,11.204703936361605,11.204703936361605,0.0,0.0,0.0,127.75437536275432
2020-12-14,118.17365906322598,119.77768237396484,137.3990704799919,118.17365906322598,118.17365906322598,10.530559292991,10.530559292991,10.530559292991,-1.1144795683816462,-1.1144795683816462,-1.1144795683816462,11.645038861372646,11.645038861372646,11.645038861372646,0.0,0.0,0.0,128.70421835621698
2020-12-15,118.30018055745668,120.16746774155229,137.04367802365576,118.30018055745668,118.30018055745668,10.564166044149534,10.564166044149534,10.564166044149534,-1.1667503843744615,-1.1667503843744615,-1.1667503843744615,11.730916428523994,11.730916428523994,11.730916428523994,0.0,0.0,0.0,128.86434660160623
2020-12-16,118.42670204505427,120.82940933260373,137.13417616610286,118.42670204505427,118.42670204505427,10.519185906125117,10.519185906125117,10.519185906125117,-1.265553895169537,-1.265553895169537,-1.265553895169537,11.784739801294656,11.784739801294656,11.784739801294656,0.0,0.0,0.0,128.94588795117937
2020-12-17,118.5532235326519,121.40072845438704,137.60558994452964,118.5532235326519,118.5532235326519,10.44226518226241,10.44226518226241,10.44226518226241,-1.3636887768318584,-1.3636887768318584,-1.3636887768318584,11.80595395909427,11.80595395909427,11.80595395909427,0.0,0.0,0.0,128.9954887149143
2020-12-18,118.6797450202495,120.62110401149808,137.75145198229637,118.6797450202495,118.6797450202495,10.549885793971947,10.549885793971947,10.549885793971947,-1.2444231541381676,-1.2444231541381676,-1.2444231541381676,11.794308948110118,11.794308948110118,11.794308948110118,0.0,0.0,0.0,129.22963081422145
2020-12-21,119.05930948304231,121.06343069708188,137.73752275591178,119.05930948304231,119.05930948304231,10.45018745356736,10.45018745356736,10.45018745356736,-1.114479568381588,-1.114479568381588,-1.114479568381588,11.564667021948948,11.564667021948948,11.564667021948948,0.0,0.0,0.0,129.50949693660968
2020-12-22,119.18583097063991,121.15767761204995,137.57508075397632,119.18583097063991,119.18583097063991,10.259013162195169,10.259013162195169,10.259013162195169,-1.1667503843733265,-1.1667503843733265,-1.1667503843733265,11.425763546568495,11.425763546568495,11.425763546568495,0.0,0.0,0.0,129.44484413283507
2020-12-23,119.31235245823751,121.18923190028629,138.01470856759448,119.31235245823751,119.31235245823751,9.992282617246845,9.992282617246845,9.992282617246845,-1.2655538951696828,-1.2655538951696828,-1.2655538951696828,11.257836512416526,11.257836512416526,11.257836512416526,0.0,0.0,0.0,129.30463507548436
2020-12-24,119.43887394583511,120.9599596968954,137.39338814568615,119.43887394583511,119.43887394583511,9.699013081659427,9.699013081659427,9.699013081659427,-1.3636887768330237,-1.3636887768330237,-1.3636887768330237,11.06270185849245,11.06270185849245,11.06270185849245,0.0,0.0,0.0,129.13788702749454
2020-12-28,119.94495989622555,120.54569780275405,136.46151197257117,119.94495989622555,119.94495989622555,8.9432067350705,8.9432067350705,8.9432067350705,-1.1144795683845194,-1.1144795683845194,-1.1144795683845194,10.057686303455018,10.057686303455018,10.057686303455018,0.0,0.0,0.0,128.88816663129606
2020-12-29,120.07148138382315,119.76287930115447,137.31341451832517,120.07148138382315,120.07148138382315,8.597950995901394,8.597950995901394,8.597950995901394,-1.1667503843721905,-1.1667503843721905,-1.1667503843721905,9.764701380273586,9.764701380273586,9.764701380273586,0.0,0.0,0.0,128.66943237972455
2020-12-30,120.19800287142075,119.70268428367031,135.79502507888728,120.19800287142075,120.19800287142075,8.196043362113732,8.196043362113732,8.196043362113732,-1.2655538951697611,-1.2655538951697611,-1.2655538951697611,9.461597257283493,9.461597257283493,9.461597257283493,0.0,0.0,0.0,128.39404623353448
2020-12-31,120.32452435901837,119.89148950336627,136.37022286712215,120.32452435901837,120.32452435901837,7.788271929781878,7.788271929781878,7.788271929781878,-1.363688776829799,-1.363688776829799,-1.363688776829799,9.151960706611677,9.151960706611677,9.151960706611677,0.0,0.0,0.0,128.11279628880024
2021-01-04,120.83061030940877,118.91496046073819,136.37673839525397,120.83061030940877,120.83061030940877,6.8077729269784415,6.8077729269784415,6.8077729269784415,-1.11447956838745,-1.11447956838745,-1.11447956838745,7.922252495365892,7.922252495365892,7.922252495365892,0.0,0.0,0.0,127.63838323638721
2021-01-05,120.9571317970064,119.15227856831063,135.0948656018177,120.9571317970064,120.9571317970064,6.468709543186721,6.468709543186721,6.468709543186721,-1.1667503843727325,-1.1667503843727325,-1.1667503843727325,7.635459927559453,7.635459927559453,7.635459927559453,0.0,0.0,0.0,127.42584134019312
2021-01-06,121.083653284604,118.65520144447459,135.0226698652404,121.083653284604,121.083653284604,6.098392236328949,6.098392236328949,6.098392236328949,-1.2655538951692988,-1.2655538951692988,-1.2655538951692988,7.363946131498248,7.363946131498248,7.363946131498248,0.0,0.0,0.0,127.18204552093295
2021-01-07,121.2101747722016,118.62962852897562,135.05326627097276,121.2101747722016,121.2101747722016,5.747212845367252,5.747212845367252,5.747212845367252,-1.3636887768293473,-1.3636887768293473,-1.3636887768293473,7.110901622196598,7.110901622196598,7.110901622196598,0.0,0.0,0.0,126.95738761756886
2021-01-08,121.33669625979921,118.483447565213,135.3108257355047,121.33669625979921,121.33669625979921,5.634827160768621,5.634827160768621,5.634827160768621,-1.2444231541349502,-1.2444231541349502,-1.2444231541349502,6.879250314903571,6.879250314903571,6.879250314903571,0.0,0.0,0.0,126.97152342056783
2021-01-11,121.71626072259201,118.96258021874732,135.3192350867423,121.71626072259201,121.71626072259201,5.222430466597214,5.222430466597214,5.222430466597214,-1.1144795683779865,-1.1144795683779865,-1.1144795683779865,6.336910034975202,6.336910034975202,6.336910034975202,0.0,0.0,0.0,126.93869118918923
2021-01-12,121.84278221018961,117.84826132946901,134.93846564060948,121.84278221018961,121.84278221018961,5.046381678352957,5.046381678352957,5.046381678352957,-1.1667503843732738,-1.1667503843732738,-1.1667503843732738,6.213132062726232,6.213132062726232,6.213132062726232,0.0,0.0,0.0,126.88916388854257
2021-01-13,121.96930369778723,118.16400306053768,134.94441383859296,121.96930369778723,121.96930369778723,4.854265915364727,4.854265915364727,4.854265915364727,-1.2655538951694107,-1.2655538951694107,-1.2655538951694107,6.119819810534137,6.119819810534137,6.119819810534137,0.0,0.0,0.0,126.82356961315195
2021-01-14,122.09582518538484,118.439838947464,135.11273492808914,122.09582518538484,122.09582518538484,4.693744155991319,4.693744155991319,4.693744155991319,-1.3636887768321293,-1.3636887768321293,-1.3636887768321293,6.057432932823449,6.057432932823449,6.057432932823449,0.0,0.0,0.0,126.78956934137616
2021-01-15,122.22234667298244,118.39457000401983,135.63809172429237,122.22234667298244,122.22234667298244,4.781501103500985,4.781501103500985,4.781501103500985,-1.2444231541319124,-1.2444231541319124,-1.2444231541319124,6.025924257632898,6.025924257632898,6.025924257632898,0.0,0.0,0.0,127.00384777648343
2021-01-19,122.72843262337287,119.17877604792729,136.1868939617417,122.72843262337287,122.72843262337287,5.0228572531159115,5.0228572531159115,5.0228572531159115,-1.1667503843721383,-1.1667503843721383,-1.1667503843721383,6.189607637488049,6.189607637488049,6.189607637488049,0.0,0.0,0.0,127.75128987648878
2021-01-20,122.85495411097047,119.51470315327661,135.82989489766453,122.85495411097047,122.85495411097047,5.028167635827758,5.028167635827758,5.028167635827758,-1.2655538951695229,-1.2655538951695229,-1.2655538951695229,6.2937215309972805,6.2937215309972805,6.2937215309972805,0.0,0.0,0.0,127.88312174679822
2021-01-21,122.98147559856807,119.37877988697957,136.90337940864424,122.98147559856807,122.98147559856807,5.054027964784784,5.054027964784784,5.054027964784784,-1.3636887768316774,-1.3636887768316774,-1.3636887768316774,6.417716741616461,6.417716741616461,6.417716741616461,0.0,0.0,0.0,128.03550356335285
2021-01-22,123.10799708616568,120.35664483428066,137.00964401209663,123.10799708616568,123.10799708616568,5.313696095139776,5.313696095139776,5.313696095139776,-1.2444231541419082,-1.2444231541419082,-1.2444231541419082,6.558119249281684,6.558119249281684,6.558119249281684,0.0,0.0,0.0,128.42169318130547
2021-01-25,123.4875615489585,121.487800319834,137.81619526367408,123.4875615489585,123.4875615489585,5.923083682642614,5.923083682642614,5.923083682642614,-1.114479568383848,-1.114479568383848,-1.114479568383848,7.037563251026462,7.037563251026462,7.037563251026462,0.0,0.0,0.0,129.4106452316011
2021-01-26,123.6140830365561,121.64465084140996,138.11329152566785,123.6140830365561,123.6140830365561,6.035172436124643,6.035172436124643,6.035172436124643,-1.1667503843710025,-1.1667503843710025,-1.1667503843710025,7.201922820495646,7.201922820495646,7.201922820495646,0.0,0.0,0.0,129.64925547268075
2021-01-27,123.74060452415371,121.4626032181233,138.36639351897455,123.74060452415371,123.74060452415371,6.0950385820606305,6.0950385820606305,6.0950385820606305,-1.2655538951690608,-1.2655538951690608,-1.2655538951690608,7.360592477229692,7.360592477229692,7.360592477229692,0.0,0.0,0.0,129.83564310621435
2021-01-28,123.86712601175131,121.36826569973292,138.65076991264058,123.86712601175131,123.86712601175131,6.144923323624116,6.144923323624116,6.144923323624116,-1.3636887768328427,-1.3636887768328427,-1.3636887768328427,7.508612100456959,7.508612100456959,7.508612100456959,0.0,0.0,0.0,130.01204933537542
2021-01-29,123.99364749934891,121.95082324587747,138.89809207372724,123.99364749934891,123.99364749934891,6.3965725377283595,6.3965725377283595,6.3965725377283595,-1.244423154141818,-1.244423154141818,-1.244423154141818,7.640995691870177,7.640995691870177,7.640995691870177,0.0,0.0,0.0,130.39022003707726
2021-02-01,124.37321196214172,123.08321473192048,140.0307389970357,124.37321196214172,124.37321196214172,6.781106872787297,6.781106872787297,6.781106872787297,-1.1144795683837903,-1.1144795683837903,-1.1144795683837903,7.895586441171088,7.895586441171088,7.895586441171088,0.0,0.0,0.0,131.15431883492903
2021-02-02,124.49973344973934,122.91119503322476,139.99773539000458,124.49973344973934,124.49973344973934,6.750807737399002,6.750807737399002,6.750807737399002,-1.1667503843740181,-1.1667503843740181,-1.1667503843740181,7.917558121773021,7.917558121773021,7.917558121773021,0.0,0.0,0.0,131.25054118713834
2021-02-03,124.62625493733694,123.39704279251085,139.66979889487854,124.62625493733694,124.62625493733694,6.635528910703843,6.635528910703843,6.635528910703843,-1.2655538951691727,-1.2655538951691727,-1.2655538951691727,7.901082805873015,7.901082805873015,7.901082805873015,0.0,0.0,0.0,131.26178384804078
2021-02-04,124.75277642493455,123.0307908328196,139.22727795428852,124.75277642493455,124.75277642493455,6.478823177935813,6.478823177935813,6.478823177935813,-1.3636887768323909,-1.3636887768323909,-1.3636887768323909,7.842511954768204,7.842511954768204,7.842511954768204,0.0,0.0,0.0,131.23159960287038
2021-02-05,124.87929791253215,123.02852697235669,139.75531119931316,124.87929791253215,124.87929791253215,6.494228796288858,6.494228796288858,6.494228796288858,-1.2444231541358337,-1.2444231541358337,-1.2444231541358337,7.738651950424691,7.738651950424691,7.738651950424691,0.0,0.0,0.0,131.373526708821
2021-02-08,125.25886237532495,122.40837724833845,139.61695829785077,125.25886237532495,125.25886237532495,6.01685566448403,6.01685566448403,6.01685566448403,-1.1144795683867212,-1.1144795683867212,-1.1144795683867212,7.13133523287075,7.13133523287075,7.13133523287075,0.0,0.0,0.0,131.275718039809
2021-02-09,125.38538386292257,122.72410292278742,139.05654518152858,125.38538386292257,125.38538386292257,5.658516286610349,5.658516286610349,5.658516286610349,-1.1667503843745601,-1.1667503843745601,-1.1667503843745601,6.8252666709849095,6.8252666709849095,6.8252666709849095,0.0,0.0,0.0,131.0439001495329
2021-02-10,125.51190535052018,123.26728053592146,139.41431368448843,125.51190535052018,125.51190535052018,5.200893941525112,5.200893941525112,5.200893941525112,-1.265553895169251,-1.265553895169251,-1.265553895169251,6.466447836694363,6.466447836694363,6.466447836694363,0.0,0.0,0.0,130.7127992920453
2021-02-11,125.6384268381178,121.76135290362782,138.68728725586507,125.6384268381178,125.6384268381178,4.691626669285189,4.691626669285189,4.691626669285189,-1.3636887768335562,-1.3636887768335562,-1.3636887768335562,6.055315446118746,6.055315446118746,6.055315446118746,0.0,0.0,0.0,130.330053507403
2021-02-12,125.7649483257154,121.45868843468018,138.48051935699223,125.7649483257154,125.7649483257154,4.348559799297748,4.348559799297748,4.348559799297748,-1.2444231541357433,-1.2444231541357433,-1.2444231541357433,5.5929829534334905,5.5929829534334905,5.5929829534334905,0.0,0.0,0.0,130.11350812501314
2021-02-16,126.25756222727571,120.04422951377283,135.7988626076022,126.25756222727571,126.25756222727571,2.1102750808829818,2.1102750808829818,2.1102750808829818,-1.166750384371747,-1.166750384371747,-1.166750384371747,3.2770254652547286,3.2770254652547286,3.2770254652547286,0.0,0.0,0.0,128.3678373081587
2021-02-17,126.3807157026658,119.58016972991857,135.80848995638408,126.3807157026658,126.3807157026658,1.3325859905583979,1.3325859905583979,1.3325859905583979,-1.2655538951693965,-1.2655538951693965,-1.2655538951693965,2.5981398857277944,2.5981398857277944,2.5981398857277944,0.0,0.0,0.0,127.7133016932242
2021-02-18,126.50386917805588,118.830741604378,135.117019699589,126.50386917805588,126.50386917805588,0.5242522942320944,0.5242522942320944,0.5242522942320944,-1.3636887768303312,-1.3636887768303312,-1.3636887768303312,1.8879410710624258,1.8879410710624258,1.8879410710624258,0.0,0.0,0.0,127.02812147228798
2021-02-19,126.62702265344596,117.96608444418051,135.21476729066225,126.62702265344596,126.62702265344596,-0.09285227798717918,-0.09285227798717918,-0.09285227798717918,-1.2444231541327062,-1.2444231541327062,-1.2444231541327062,1.151570876145527,1.151570876145527,1.151570876145527,0.0,0.0,0.0,126.53417037545879
2021-02-22,126.99648307961621,116.49987451913732,132.59199282144084,126.99648307961621,126.99648307961621,-2.272657472406505,-2.272657472406505,-2.272657472406505,-1.1144795683895945,-1.1144795683895945,-1.1144795683895945,-1.1581779040169107,-1.1581779040169107,-1.1581779040169107,0.0,0.0,0.0,124.7238256072097
2021-02-23,127.11963655500628,115.30733722155247,131.96093073435733,127.11963655500628,127.11963655500628,-3.108493267868202,-3.108493267868202,-3.108493267868202,-1.1667503843764404,-1.1667503843764404,-1.1667503843764404,-1.9417428834917618,-1.9417428834917618,-1.9417428834917618,0.0,0.0,0.0,124.01114328713808
2021-02-24,127.24279003039636,114.80381743699506,131.38297142132592,127.24279003039636,127.24279003039636,-3.987483999534704,-3.987483999534704,-3.987483999534704,-1.2655538951694745,-1.2655538951694745,-1.2655538951694745,-2.7219301043652298,-2.7219301043652298,-2.7219301043652298,0.0,0.0,0.0,123.25530603086166
2021-02-25,127.36594350578645,114.43305721092268,131.83768970698858,127.36594350578645,127.36594350578645,-4.8563393043923115,-4.8563393043923115,-4.8563393043923115,-1.3636887768314963,-1.3636887768314963,-1.3636887768314963,-3.4926505275608153,-3.4926505275608153,-3.4926505275608153,0.0,0.0,0.0,122.50960420139414
2021-02-26,127.48909698117653,113.93738758907644,130.3039051969038,127.48909698117653,127.48909698117653,-5.492383207443244,-5.492383207443244,-5.492383207443244,-1.2444231541326156,-1.2444231541326156,-1.2444231541326156,-4.24796005331063,-4.24796005331063,-4.24796005331063,0.0,0.0,0.0,121.99671377373329
2021-03-01,127.85855740734678,112.36094125652116,128.4061208201865,127.85855740734678,127.85855740734678,-7.480415573078125,-7.480415573078125,-7.480415573078125,-1.11447956838013,-1.11447956838013,-1.11447956838013,-6.3659360046979945,-6.3659360046979945,-6.3659360046979945,0.0,0.0,0.0,120.37814183426866
2021-03-02,127.98171088273686,111.56735437559439,128.7769410035444,127.98171088273686,127.98171088273686,-8.17273517290599,-8.17273517290599,-8.17273517290599,-1.1667503843736275,-1.1667503843736275,-1.1667503843736275,-7.005984788532362,-7.005984788532362,-7.005984788532362,0.0,0.0,0.0,119.80897570983088
2021-03-03,128.10486435812695,110.93369024331736,127.47135926058729,128.10486435812695,128.10486435812695,-8.87148523406438,-8.87148523406438,-8.87148523406438,-1.2655538951695526,-1.2655538951695526,-1.2655538951695526,-7.605931338894827,-7.605931338894827,-7.605931338894827,0.0,0.0,0.0,119.23337912406257
2021-03-04,128.22801783351701,110.32985534481543,127.29407505713607,128.22801783351701,128.22801783351701,-9.526021704623204,-9.526021704623204,-9.526021704623204,-1.3636887768310448,-1.3636887768310448,-1.3636887768310448,-8.16233292779216,-8.16233292779216,-8.16233292779216,0.0,0.0,0.0,118.70199612889381
2021-03-05,128.3511713089071,110.0004317346818,126.46431375277521,128.3511713089071,128.3511713089071,-9.916794005464011,-9.916794005464011,-9.916794005464011,-1.2444231541396642,-1.2444231541396642,-1.2444231541396642,-8.672370851324347,-8.672370851324347,-8.672370851324347,0.0,0.0,0.0,118.4343773034431
2021-03-08,128.72063173507738,109.11776716052641,125.92749134076196,128.72063173507738,128.72063173507738,-11.020587836849579,-11.020587836849579,-11.020587836849579,-1.1144795683830615,-1.1144795683830615,-1.1144795683830615,-9.906108268466518,-9.906108268466518,-9.906108268466518,0.0,0.0,0.0,117.70004389822779
2021-03-09,128.84378521046744,108.40230791236475,125.29340035119365,128.84378521046744,128.84378521046744,-11.382681911956576,-11.382681911956576,-11.382681911956576,-1.1667503843741691,-1.1667503843741691,-1.1667503843741691,-10.215931527582407,-10.215931527582407,-10.215931527582407,0.0,0.0,0.0,117.46110329851086
2021-03-10,128.9669386858575,108.7799723368744,126.12328114256192,128.9669386858575,128.9669386858575,-11.740996047853974,-11.740996047853974,-11.740996047853974,-1.2655538951696645,-1.2655538951696645,-1.2655538951696645,-10.475442152684309,-10.475442152684309,-10.475442152684309,0.0,0.0,0.0,117.22594263800354
2021-03-11,129.09009216124758,109.32273408620576,125.48237093756295,129.09009216124758,129.09009216124758,-12.049561578351984,-12.049561578351984,-12.049561578351984,-1.3636887768338268,-1.3636887768338268,-1.3636887768338268,-10.685872801518157,-10.685872801518157,-10.685872801518157,0.0,0.0,0.0,117.0405305828956
2021-03-12,129.21324563663768,108.90012311046833,125.07844639846817,129.21324563663768,129.21324563663768,-12.09349730544268,-12.09349730544268,-12.09349730544268,-1.244423154136627,-1.244423154136627,-1.244423154136627,-10.849074151306054,-10.849074151306054,-10.849074151306054,0.0,0.0,0.0,117.119748331195
2021-03-15,129.58270606280792,108.94240817741404,125.65472914669822,129.58270606280792,129.58270606280792,-12.19653684076439,-12.19653684076439,-12.19653684076439,-1.114479568383003,-1.114479568383003,-1.114479568383003,-11.082057272381387,-11.082057272381387,-11.082057272381387,0.0,0.0,0.0,117.38616922204352
2021-03-16,129.70585953819798,109.21666139569177,125.38590809260911,129.70585953819798,129.70585953819798,-12.252174383185517,-12.252174383185517,-12.252174383185517,-1.1667503843730334,-1.1667503843730334,-1.1667503843730334,-11.085423998812486,-11.085423998812486,-11.085423998812486,0.0,0.0,0.0,117.45368515501247
2021-03-17,129.82901301358808,109.51343773929571,126.08959942521219,129.82901301358808,129.82901301358808,-12.323740540714311,-12.323740540714311,-12.323740540714311,-1.265553895169169,-1.265553895169169,-1.265553895169169,-11.058186645545144,-11.058186645545144,-11.058186645545144,0.0,0.0,0.0,117.50527247287377
2021-03-18,129.95216648897818,109.27086693966284,125.91081291486687,129.95216648897818,129.95216648897818,-12.368350995554998,-12.368350995554998,-12.368350995554998,-1.3636887768333752,-1.3636887768333752,-1.3636887768333752,-11.004662218721622,-11.004662218721622,-11.004662218721622,0.0,0.0,0.0,117.58381549342317
2021-03-19,130.07531996436825,109.29646922438941,126.15901790993483,130.07531996436825,130.07531996436825,-12.173738383583734,-12.173738383583734,-12.173738383583734,-1.24442315413359,-1.24442315413359,-1.24442315413359,-10.929315229450145,-10.929315229450145,-10.929315229450145,0.0,0.0,0.0,117.90158158078451
2021-03-22,130.44478039053848,110.0800056484065,126.90443816106294,130.44478039053848,130.44478039053848,-11.731954626136227,-11.731954626136227,-11.731954626136227,-1.1144795683765285,-1.1144795683765285,-1.1144795683765285,-10.617475057759698,-10.617475057759698,-10.617475057759698,0.0,0.0,0.0,118.71282576440225
2021-03-23,130.56793386592858,110.76536011822428,127.65787512472302,130.56793386592858,130.56793386592858,-11.666332327244554,-11.666332327244554,-11.666332327244554,-1.1667503843718978,-1.1667503843718978,-1.1667503843718978,-10.499581942872656,-10.499581942872656,-10.499581942872656,0.0,0.0,0.0,118.90160153868402
2021-03-24,130.69108734131868,111.14523536117596,126.96275089880695,130.69108734131868,130.69108734131868,-11.647140769421641,-11.647140769421641,-11.647140769421641,-1.2655538951693142,-1.2655538951693142,-1.2655538951693142,-10.381586874252328,-10.381586874252328,-10.381586874252328,0.0,0.0,0.0,119.04394657189704
2021-03-25,130.81424081670872,110.61184947253821,128.1255667808858,130.81424081670872,130.81424081670872,-11.630888736196558,-11.630888736196558,-11.630888736196558,-1.3636887768329236,-1.3636887768329236,-1.3636887768329236,-10.267199959363637,-10.267199959363637,-10.267199959363637,0.0,0.0,0.0,119.18335208051217
2021-03-26,130.93739429209882,111.83413486172729,128.4027505870068,130.93739429209882,130.93739429209882,-11.404200327680526,-11.404200327680526,-11.404200327680526,-1.2444231541334998,-1.2444231541334998,-1.2444231541334998,-10.159777173547026,-10.159777173547026,-10.159777173547026,0.0,0.0,0.0,119.53319396441829
2021-03-29,131.30685471826908,112.94182274363294,128.41026283205056,131.30685471826908,131.30685471826908,-11.021150208081423,-11.021150208081423,-11.021150208081423,-1.1144795683764706,-1.1144795683764706,-1.1144795683764706,-9.906670639704954,-9.906670639704954,-9.906670639704954,0.0,0.0,0.0,120.28570451018766
2021-03-30,131.43000819365915,112.46524158330959,128.45583959530202,131.43000819365915,131.43000819365915,-11.018974526606886,-11.018974526606886,-11.018974526606886,-1.166750384370762,-1.166750384370762,-1.166750384370762,-9.852224142236123,-9.852224142236123,-9.852224142236123,0.0,0.0,0.0,120.41103366705227
2021-03-31,131.55316166904922,111.79616574479434,128.13044857467202,131.55316166904922,131.55316166904922,-11.080548966073197,-11.080548966073197,-11.080548966073197,-1.2655538951693925,-1.2655538951693925,-1.2655538951693925,-9.814995070903803,-9.814995070903803,-9.814995070903803,0.0,0.0,0.0,120.47261270297602
2021-04-01,131.67631514443931,111.94367595715806,128.56460694849244,131.67631514443931,131.67631514443931,-11.159318990881227,-11.159318990881227,-11.159318990881227,-1.3636887768340884,-1.3636887768340884,-1.3636887768340884,-9.795630214047137,-9.795630214047137,-9.795630214047137,0.0,0.0,0.0,120.51699615355808
2021-04-05,132.16892904599962,112.74265184756604,129.451006170493,132.16892904599962,132.16892904599962,-11.008991975636725,-11.008991975636725,-11.008991975636725,-1.1144795683823903,-1.1144795683823903,-1.1144795683823903,-9.894512407254334,-9.894512407254334,-9.894512407254334,0.0,0.0,0.0,121.1599370703629
2021-04-06,132.29208252138972,112.81599966753275,128.9907462718676,132.29208252138972,132.29208252138972,-11.126157598227243,-11.126157598227243,-11.126157598227243,-1.166750384371304,-1.166750384371304,-1.166750384371304,-9.959407213855938,-9.959407213855938,-9.959407213855938,0.0,0.0,0.0,121.16592492316248
2021-04-07,132.41523599677978,112.30790127758844,129.27921973202,132.41523599677978,132.41523599677978,-11.303273430017615,-11.303273430017615,-11.303273430017615,-1.2655538951695047,-1.2655538951695047,-1.2655538951695047,-10.037719534848112,-10.037719534848112,-10.037719534848112,0.0,0.0,0.0,121.11196256676217
2021-04-08,132.53838947216988,112.47929834139134,128.66409236170858,132.53838947216988,132.53838947216988,-11.491412592655694,-11.491412592655694,-11.491412592655694,-1.3636887768308636,-1.3636887768308636,-1.3636887768308636,-10.12772381582483,-10.12772381582483,-10.12772381582483,0.0,0.0,0.0,121.04697687951419
2021-04-09,132.66154294755998,112.5529870379352,129.5812471667353,132.66154294755998,132.66154294755998,-11.4719791138284,-11.4719791138284,-11.4719791138284,-1.2444231541434048,-1.2444231541434048,-1.2444231541434048,-10.227555959684995,-10.227555959684995,-10.227555959684995,0.0,0.0,0.0,121.18956383373158
2021-04-12,133.03100337373021,112.64744871524674,129.4687574949227,133.03100337373021,133.03100337373021,-11.680975727459137,-11.680975727459137,-11.680975727459137,-1.1144795683823325,-1.1144795683823325,-1.1144795683823325,-10.566496159076806,-10.566496159076806,-10.566496159076806,0.0,0.0,0.0,121.35002764627107
2021-04-13,133.15415684912028,113.12183249763463,129.627660904279,133.15415684912028,133.15415684912028,-11.852952402133118,-11.852952402133118,-11.852952402133118,-1.16675038437432,-1.16675038437432,-1.16675038437432,-10.6862020177588,-10.6862020177588,-10.6862020177588,0.0,0.0,0.0,121.30120444698717
2021-04-14,133.27731032451038,112.6564840758185,129.9887551830763,133.27731032451038,133.27731032451038,-12.071829032901393,-12.071829032901393,-12.071829032901393,-1.2655538951696161,-1.2655538951696161,-1.2655538951696161,-10.80627513773178,-10.80627513773178,-10.80627513773178,0.0,0.0,0.0,121.20548129160899
2021-04-15,133.34506919747727,113.07520244348974,129.00961421188697,133.34506919747727,133.34506919747727,-12.288825152548965,-12.288825152548965,-12.288825152548965,-1.3636887768336459,-1.3636887768336459,-1.3636887768336459,-10.92513637571532,-10.92513637571532,-10.92513637571532,0.0,0.0,0.0,121.0562440449283
2021-04-16,133.4128280704442,112.93399084238598,129.16755715016492,133.4128280704442,133.4128280704442,-12.2858225345637,-12.2858225345637,-12.2858225345637,-1.2444231541374207,-1.2444231541374207,-1.2444231541374207,-11.041399380426277,-11.041399380426277,-11.041399380426277,0.0,0.0,0.0,121.1270055358805
2021-04-19,133.61610468934492,112.83587113352108,130.02756552864003,133.61610468934492,133.61610468934492,-12.47855449463799,-12.47855449463799,-12.47855449463799,-1.1144795683822748,-1.1144795683822748,-1.1144795683822748,-11.364074926255714,-11.364074926255714,-11.364074926255714,0.0,0.0,0.0,121.13755019470693
2021-04-20,133.68386356231184,112.68760988891773,129.55446826733743,133.68386356231184,133.68386356231184,-12.62735882799068,-12.62735882799068,-12.62735882799068,-1.1667503843748617,-1.1667503843748617,-1.1667503843748617,-11.460608443615818,-11.460608443615818,-11.460608443615818,0.0,0.0,0.0,121.05650473432117
2021-04-21,133.75162243527873,112.62177215007753,128.64400775874765,133.75162243527873,133.75162243527873,-12.816616641204522,-12.816616641204522,-12.816616641204522,-1.265553895169728,-1.265553895169728,-1.265553895169728,-11.551062746034795,-11.551062746034795,-11.551062746034795,0.0,0.0,0.0,120.93500579407421
2021-04-22,133.81938130824565,112.25959148479352,129.18609642873793,133.81938130824565,133.81938130824565,-12.999121144245153,-12.999121144245153,-12.999121144245153,-1.363688776833194,-1.363688776833194,-1.363688776833194,-11.635432367411958,-11.635432367411958,-11.635432367411958,0.0,0.0,0.0,120.8202601640005
2021-04-23,133.88714018121254,112.82247481757167,129.6021805758585,133.88714018121254,133.88714018121254,-12.958330688259707,-12.958330688259707,-12.958330688259707,-1.2444231541373303,-1.2444231541373303,-1.2444231541373303,-11.713907534122377,-11.713907534122377,-11.713907534122377,0.0,0.0,0.0,120.92880949295284
2021-04-26,134.0904168001133,113.01615298367982,129.8205505590396,134.0904168001133,134.0904168001133,-13.032675150822204,-13.032675150822204,-13.032675150822204,-1.1144795683881943,-1.1144795683881943,-1.1144795683881943,-11.918195582434011,-11.918195582434011,-11.918195582434011,0.0,0.0,0.0,121.0577416492911
2021-04-27,134.1581756730802,111.78915141559268,129.17924051542826,134.1581756730802,134.1581756730802,-13.14460793202079,-13.14460793202079,-13.14460793202079,-1.1667503843720488,-1.1667503843720488,-1.1667503843720488,-11.977857547648743,-11.977857547648743,-11.977857547648743,0.0,0.0,0.0,121.0135677410594
2021-04-28,134.2259345460471,112.33640557259459,128.8475194085611,134.2259345460471,134.2259345460471,-13.299964850510934,-13.299964850510934,-13.299964850510934,-1.2655538951698064,-1.2655538951698064,-1.2655538951698064,-12.034410955341128,-12.034410955341128,-12.034410955341128,0.0,0.0,0.0,120.92596969553618
2021-04-29,134.293693419014,112.40014850765373,129.51792970490922,134.293693419014,134.293693419014,-13.452209753918844,-13.452209753918844,-13.452209753918844,-1.3636887768299693,-1.3636887768299693,-1.3636887768299693,-12.088520977088873,-12.088520977088873,-12.088520977088873,0.0,0.0,0.0,120.84148366509515
2021-04-30,134.36145229198092,113.13642503207159,129.96989936955822,134.36145229198092,134.36145229198092,-13.385223137001386,-13.385223137001386,-13.385223137001386,-1.2444231541372401,-1.2444231541372401,-1.2444231541372401,-12.140799982864147,-12.140799982864147,-12.140799982864147,0.0,0.0,0.0,120.97622915497953
2021-05-03,134.56472891088166,112.28777572190076,129.79684133308152,134.56472891088166,134.56472891088166,-13.405762383508938,-13.405762383508938,-13.405762383508938,-1.114479568388136,-1.114479568388136,-1.114479568388136,-12.291282815120802,-12.291282815120802,-12.291282815120802,0.0,0.0,0.0,121.15896652737271
2021-05-04,134.63248778384857,112.61073215452568,129.86108686535218,134.63248778384857,134.63248778384857,-13.506929879550327,-13.506929879550327,-13.506929879550327,-1.1667503843725904,-1.1667503843725904,-1.1667503843725904,-12.340179495177738,-12.340179495177738,-12.340179495177738,0.0,0.0,0.0,121.12555790429825
2021-05-05,134.70024665681547,112.66184616428367,129.6178813517589,134.70024665681547,134.70024665681547,-13.654008542917557,-13.654008542917557,-13.654008542917557,-1.2655538951693779,-1.2655538951693779,-1.2655538951693779,-12.388454647748182,-12.388454647748182,-12.388454647748182,0.0,0.0,0.0,121.04623811389791
2021-05-06,134.7680055297824,113.10349823307756,129.23965835482514,134.7680055297824,134.7680055297824,-13.79952830752832,-13.79952830752832,-13.79952830752832,-1.3636887768295178,-1.3636887768295178,-1.3636887768295178,-12.435839530698802,-12.435839530698802,-12.435839530698802,0.0,0.0,0.0,120.9684772222541
2021-05-07,134.8357644027493,113.29901720527532,129.6167933348479,134.8357644027493,134.8357644027493,-13.72630076758873,-13.72630076758873,-13.72630076758873,-1.244423154131256,-1.244423154131256,-1.244423154131256,-12.481877613457476,-12.481877613457476,-12.481877613457476,0.0,0.0,0.0,121.10946363516058
2021-05-10,135.03904102165004,113.30074083754775,128.72813595573223,135.03904102165004,135.03904102165004,-13.71918023249078,-13.71918023249078,-13.71918023249078,-1.1144795683786728,-1.1144795683786728,-1.1144795683786728,-12.604700664112109,-12.604700664112109,-12.604700664112109,0.0,0.0,0.0,121.31986078915925
2021-05-11,135.10679989461696,113.17270312246247,129.24402529384236,135.10679989461696,135.10679989461696,-13.804126545125676,-13.804126545125676,-13.804126545125676,-1.166750384373132,-1.166750384373132,-1.166750384373132,-12.637376160752543,-12.637376160752543,-12.637376160752543,0.0,0.0,0.0,121.30267334949127
2021-05-12,135.17455876758385,113.04242903816821,128.4816183803664,135.17455876758385,135.17455876758385,-13.929590747595258,-13.929590747595258,-13.929590747595258,-1.2655538951694558,-1.2655538951694558,-1.2655538951694558,-12.6640368524258,-12.6640368524258,-12.6640368524258,0.0,0.0,0.0,121.24496801998859
2021-05-13,135.24231764055077,113.35895513161921,129.13319810979078,135.24231764055077,135.24231764055077,-14.047127347559039,-14.047127347559039,-14.047127347559039,-1.3636887768306827,-1.3636887768306827,-1.3636887768306827,-12.683438570728358,-12.683438570728358,-12.683438570728358,0.0,0.0,0.0,121.19519029299173
2021-05-14,135.31007651351769,113.30518715283078,129.04539235181318,135.31007651351769,135.31007651351769,-13.938732452438014,-13.938732452438014,-13.938732452438014,-1.2444231541311657,-1.2444231541311657,-1.2444231541311657,-12.694309298306848,-12.694309298306848,-12.694309298306848,0.0,0.0,0.0,121.37134406107967
2021-05-17,135.5133531324184,114.01332443209901,130.3240294065268,135.5133531324184,135.5133531324184,-13.777864025139023,-13.777864025139023,-13.777864025139023,-1.1144795683786148,-1.1144795683786148,-1.1144795683786148,-12.663384456760406,-12.663384456760406,-12.663384456760406,0.0,0.0,0.0,121.73548910727936
2021-05-18,135.58111200538534,113.87021369806848,130.44638960340455,135.58111200538534,135.58111200538534,-13.794912617589382,-13.794912617589382,-13.794912617589382,-1.166750384370319,-1.166750384370319,-1.166750384370319,-12.628162233219063,-12.628162233219063,-12.628162233219063,0.0,0.0,0.0,121.78619938779596
2021-05-19,135.64887087835223,113.39884310183425,129.6736289601368,135.64887087835223,135.64887087835223,-13.844481084415488,-13.844481084415488,-13.844481084415488,-1.2655538951696015,-1.2655538951696015,-1.2655538951696015,-12.578927189245885,-12.578927189245885,-12.578927189245885,0.0,0.0,0.0,121.80438979393674
2021-05-20,135.71662975131915,113.6588522948278,129.91904530196774,135.71662975131915,135.71662975131915,-13.878684359600618,-13.878684359600618,-13.878684359600618,-1.363688776831848,-1.363688776831848,-1.363688776831848,-12.514995582768767,-12.514995582768767,-12.514995582768767,0.0,0.0,0.0,121.83794539171853
2021-05-21,135.78438862428604,113.23823070454132,131.1004623361943,135.78438862428604,135.78438862428604,-13.680306345671225,-13.680306345671225,-13.680306345671225,-1.244423154141161,-1.244423154141161,-1.244423154141161,-12.435883191530063,-12.435883191530063,-12.435883191530063,0.0,0.0,0.0,122.10408227861481
2021-05-24,135.9876652431868,114.18291127926186,130.8080215163142,135.9876652431868,135.9876652431868,-13.220375319179407,-13.220375319179407,-13.220375319179407,-1.1144795683815458,-1.1144795683815458,-1.1144795683815458,-12.10589575079786,-12.10589575079786,-12.10589575079786,0.0,0.0,0.0,122.76728992400739
2021-05-25,136.0554241161537,114.57335098523735,131.13619749206302,136.0554241161537,136.0554241161537,-13.132367512481666,-13.132367512481666,-13.132367512481666,-1.1667503843708604,-1.1667503843708604,-1.1667503843708604,-11.965617128110805,-11.965617128110805,-11.965617128110805,0.0,0.0,0.0,122.92305660367202
2021-05-26,136.1231829891206,114.998204015218,131.3603320645689,136.1231829891206,136.1231829891206,-13.076594073545182,-13.076594073545182,-13.076594073545182,-1.265553895169106,-1.265553895169106,-1.265553895169106,-11.811040178376077,-11.811040178376077,-11.811040178376077,0.0,0.0,0.0,123.04658891557543
2021-05-27,136.1909418620875,114.62795726145136,131.09021833505219,136.1909418620875,136.1909418620875,-13.006654140275145,-13.006654140275145,-13.006654140275145,-1.3636887768330133,-1.3636887768330133,-1.3636887768330133,-11.642965363442132,-11.642965363442132,-11.642965363442132,0.0,0.0,0.0,123.18428772181235
2021-05-28,136.25870073505442,115.52906334876691,132.01239851248758,136.25870073505442,136.25870073505442,-12.706779503448605,-12.706779503448605,-12.706779503448605,-1.2444231541410706,-1.2444231541410706,-1.2444231541410706,-11.462356349307534,-11.462356349307534,-11.462356349307534,0.0,0.0,0.0,123.55192123160582
2021-06-01,136.52973622692207,116.43261289396222,133.12913484076742,136.52973622692207,136.52973622692207,-11.804418508732764,-11.804418508732764,-11.804418508732764,-1.1667503843721996,-1.1667503843721996,-1.1667503843721996,-10.637668124360564,-10.637668124360564,-10.637668124360564,0.0,0.0,0.0,124.7253177181893
2021-06-02,136.59749509988896,116.76804253601122,133.5005054754796,136.59749509988896,136.59749509988896,-11.67765910047004,-11.67765910047004,-11.67765910047004,-1.265553895169218,-1.265553895169218,-1.265553895169218,-10.412105205300822,-10.412105205300822,-10.412105205300822,0.0,0.0,0.0,124.91983599941892
2021-06-03,136.66525397285588,116.62443920282568,133.35076731268518,136.66525397285588,136.66525397285588,-11.544864193562564,-11.544864193562564,-11.544864193562564,-1.3636887768325614,-1.3636887768325614,-1.3636887768325614,-10.181175416730003,-10.181175416730003,-10.181175416730003,0.0,0.0,0.0,125.12038977929332
2021-06-04,136.7330128458228,117.19639339448342,133.98711913836752,136.7330128458228,136.7330128458228,-11.190336636635603,-11.190336636635603,-11.190336636635603,-1.2444231541380337,-1.2444231541380337,-1.2444231541380337,-9.945913482497568,-9.945913482497568,-9.945913482497568,0.0,0.0,0.0,125.54267620918719
2021-06-07,136.93628946472353,118.4526368084396,134.7640282985693,136.93628946472353,136.93628946472353,-10.33642377817985,-10.33642377817985,-10.33642377817985,-1.1144795683874076,-1.1144795683874076,-1.1144795683874076,-9.221944209792442,-9.221944209792442,-9.221944209792442,0.0,0.0,0.0,126.59986568654368
2021-06-08,137.00404833769042,118.23373048415473,135.52655627059536,137.00404833769042,137.00404833769042,-10.142853498410783,-10.142853498410783,-10.142853498410783,-1.166750384372741,-1.166750384372741,-1.166750384372741,-8.976103114038045,-8.976103114038045,-8.976103114038045,0.0,0.0,0.0,126.86119483927963
2021-06-09,137.07180721065734,119.22363669437682,135.4989151149603,137.07180721065734,137.07180721065734,-9.9937220070324,-9.9937220070324,-9.9937220070324,-1.2655538951692964,-1.2655538951692964,-1.2655538951692964,-8.728168111863104,-8.728168111863104,-8.728168111863104,0.0,0.0,0.0,127.07808520362494
2021-06-10,137.13956608362426,119.65958719557386,135.94622092788703,137.13956608362426,137.13956608362426,-9.841538873836535,-9.841538873836535,-9.841538873836535,-1.3636887768353434,-1.3636887768353434,-1.3636887768353434,-8.477850097001191,-8.477850097001191,-8.477850097001191,0.0,0.0,0.0,127.29802720978772
2021-06-11,137.2073249620473,119.54656905823649,135.5190347215532,137.2073249620473,137.2073249620473,-9.469024137073783,-9.469024137073783,-9.469024137073783,-1.2444231541349964,-1.2444231541349964,-1.2444231541349964,-8.224600982938787,-8.224600982938787,-8.224600982938787,0.0,0.0,0.0,127.7383008249735
2021-06-14,137.41060159731643,120.8884863709991,136.63605501400468,137.41060159731643,137.41060159731643,-8.552693385485611,-8.552693385485611,-8.552693385485611,-1.1144795683873496,-1.1144795683873496,-1.1144795683873496,-7.438213817098263,-7.438213817098263,-7.438213817098263,0.0,0.0,0.0,128.85790821183082
2021-06-15,137.47836047573946,121.2515252444426,137.4079424804666,137.47836047573946,137.47836047573946,-8.32993328361069,-8.32993328361069,-8.32993328361069,-1.1667503843716056,-1.1667503843716056,-1.1667503843716056,-7.163182899239084,-7.163182899239084,-7.163182899239084,0.0,0.0,0.0,129.14842719212876
2021-06-16,137.5461193541625,120.88003152535835,137.75878385439447,137.5461193541625,137.5461193541625,-8.144873357371452,-8.144873357371452,-8.144873357371452,-1.2655538951693746,-1.2655538951693746,-1.2655538951693746,-6.879319462202077,-6.879319462202077,-6.879319462202077,0.0,0.0,0.0,129.40124599679103
2021-06-17,137.61387823258556,122.22268365390192,138.18024649635967,137.61387823258556,137.61387823258556,-7.9487597014394895,-7.9487597014394895,-7.9487597014394895,-1.363688776830502,-1.363688776830502,-1.363688776830502,-6.585070924608987,-6.585070924608987,-6.585070924608987,0.0,0.0,0.0,129.66511853114608
2021-06-18,137.6816371110086,122.1991903192898,138.55052202987153,137.6816371110086,137.6816371110086,-7.523301788089433,-7.523301788089433,-7.523301788089433,-1.2444231541420443,-1.2444231541420443,-1.2444231541420443,-6.278878633947389,-6.278878633947389,-6.278878633947389,0.0,0.0,0.0,130.15833532291916
2021-06-21,137.88491374627773,123.14089884309088,139.52373459336073,137.88491374627773,137.88491374627773,-6.388704679555408,-6.388704679555408,-6.388704679555408,-1.1144795683932691,-1.1144795683932691,-1.1144795683932691,-5.274225111162138,-5.274225111162138,-5.274225111162138,0.0,0.0,0.0,131.49620906672232
2021-06-22,137.95267262470077,123.22792192536166,140.37698096051557,137.95267262470077,137.95267262470077,-6.073413283987762,-6.073413283987762,-6.073413283987762,-1.1667503843746214,-1.1667503843746214,-1.1667503843746214,-4.906662899613139,-4.906662899613139,-4.906662899613139,0.0,0.0,0.0,131.87925934071302
2021-06-23,138.02043150312383,123.7979192159485,140.94267952984418,138.02043150312383,138.02043150312383,-5.786939775080121,-5.786939775080121,-5.786939775080121,-1.26555389516952,-1.26555389516952,-1.26555389516952,-4.521385879910602,-4.521385879910602,-4.521385879910602,0.0,0.0,0.0,132.2334917280437
2021-06-24,138.08819038154684,124.00741383107756,140.94051134048556,138.08819038154684,138.08819038154684,-5.481740942391849,-5.481740942391849,-5.481740942391849,-1.363688776831667,-1.363688776831667,-1.363688776831667,-4.118052165560183,-4.118052165560183,-4.118052165560183,0.0,0.0,0.0,132.606449439155
2021-06-25,138.1559492599699,125.37738293471368,141.64456302016782,138.1559492599699,138.1559492599699,-4.941129928852004,-4.941129928852004,-4.941129928852004,-1.2444231541419541,-1.2444231541419541,-1.2444231541419541,-3.696706774710051,-3.696706774710051,-3.696706774710051,0.0,0.0,0.0,133.2148193311179
2021-06-28,138.359225895239,126.61018191900547,143.57301431672917,138.359225895239,138.359225895239,-3.446003020778276,-3.446003020778276,-3.446003020778276,-1.1144795683808164,-1.1144795683808164,-1.1144795683808164,-2.3315234523974597,-2.3315234523974597,-2.3315234523974597,0.0,0.0,0.0,134.91322287446073
2021-06-29,138.42698477366207,126.95851800078462,144.788129189468,138.42698477366207,138.42698477366207,-3.014087170227179,-3.014087170227179,-3.014087170227179,-1.1667503843734859,-1.1667503843734859,-1.1667503843734859,-1.8473367858536933,-1.8473367858536933,-1.8473367858536933,0.0,0.0,0.0,135.41289760343489
2021-06-30,138.4947436520851,127.41985456573315,143.95427586432774,138.4947436520851,138.4947436520851,-2.617585521044048,-2.617585521044048,-2.617585521044048,-1.265553895169598,-1.265553895169598,-1.265553895169598,-1.3520316258744498,-1.3520316258744498,-1.3520316258744498,0.0,0.0,0.0,135.87715813104106
2021-07-01,138.56250253050817,128.5479759245542,144.51904588313556,138.56250253050817,138.56250253050817,-2.2120229287294877,-2.2120229287294877,-2.2120229287294877,-1.3636887768312154,-1.3636887768312154,-1.3636887768312154,-0.8483341518982724,-0.8483341518982724,-0.8483341518982724,0.0,0.0,0.0,136.3504796017787
2021-07-02,138.6302614089312,128.80257626783074,145.51831820314882,138.6302614089312,138.6302614089312,-1.5837900141509498,-1.5837900141509498,-1.5837900141509498,-1.2444231541389172,-1.2444231541389172,-1.2444231541389172,-0.3393668600120328,-0.3393668600120328,-0.3393668600120328,0.0,0.0,0.0,137.04647139478024
2021-07-06,138.90129692262335,130.80937194428003,147.8448146745512,138.90129692262335,138.90129692262335,0.5090873228249113,0.5090873228249113,0.5090873228249113,-1.1667503843740274,-1.1667503843740274,-1.1667503843740274,1.6758377071989388,1.6758377071989388,1.6758377071989388,0.0,0.0,0.0,139.41038424544826
2021-07-07,138.9690558010464,131.45161724783665,148.18519593232196,138.9690558010464,138.9690558010464,0.8888056532098831,0.8888056532098831,0.8888056532098831,-1.2655538951697096,-1.2655538951697096,-1.2655538951697096,2.1543595483795928,2.1543595483795928,2.1543595483795928,0.0,0.0,0.0,139.8578614542563
2021-07-08,139.03681467946944,132.15389403940017,148.99772663849868,139.03681467946944,139.03681467946944,1.250778292661072,1.250778292661072,1.250778292661072,-1.3636887768307635,-1.3636887768307635,-1.3636887768307635,2.6144670694918353,2.6144670694918353,2.6144670694918353,0.0,0.0,0.0,140.2875929721305
2021-07-09,139.1045735578925,132.9814744648501,150.3680381369517,139.1045735578925,139.1045735578925,1.8077069328858866,1.8077069328858866,1.8077069328858866,-1.2444231541388269,-1.2444231541388269,-1.2444231541388269,3.0521300870247132,3.0521300870247132,3.0521300870247132,0.0,0.0,0.0,140.9122804907784
2021-07-12,139.3078501931616,134.00090848785953,150.26664255265004,139.3078501931616,139.3078501931616,3.079501137294526,3.079501137294526,3.079501137294526,-1.1144795683866786,-1.1144795683866786,-1.1144795683866786,4.193980705681205,4.193980705681205,4.193980705681205,0.0,0.0,0.0,142.38735133045614
2021-07-13,139.37560907158468,134.42162772806915,150.90789137145626,139.37560907158468,139.37560907158468,3.3405490741312893,3.3405490741312893,3.3405490741312893,-1.166750384372892,-1.166750384372892,-1.166750384372892,4.507299458504182,4.507299458504182,4.507299458504182,0.0,0.0,0.0,142.71615814571598
2021-07-14,139.44336795000768,134.89317922636283,151.2023894441743,139.44336795000768,139.44336795000768,3.5175289888503376,3.5175289888503376,3.5175289888503376,-1.2655538951692478,-1.2655538951692478,-1.2655538951692478,4.783082884019585,4.783082884019585,4.783082884019585,0.0,0.0,0.0,142.960896938858
2021-07-15,139.51112682843075,134.27373425741638,151.53365502940792,139.51112682843075,139.51112682843075,3.656202353447786,3.656202353447786,3.656202353447786,-1.3636887768307724,-1.3636887768307724,-1.3636887768307724,5.019891130278559,5.019891130278559,5.019891130278559,0.0,0.0,0.0,143.16732918187853
2021-07-16,139.57888570685378,135.10566677445317,151.92170511550282,139.57888570685378,139.57888570685378,3.9725335280954943,3.9725335280954943,3.9725335280954943,-1.244423154132843,-1.244423154132843,-1.244423154132843,5.216956682228337,5.216956682228337,5.216956682228337,0.0,0.0,0.0,143.55141923494926
2021-07-19,139.78216234212292,136.04026110911656,152.56097911031037,139.78216234212292,139.78216234212292,4.458308412823608,4.458308412823608,4.458308412823608,-1.114479568377215,-1.114479568377215,-1.114479568377215,5.572787981200823,5.572787981200823,5.572787981200823,0.0,0.0,0.0,144.24047075494653
2021-07-20,139.84992122054595,136.2889754790797,152.69836949418715,139.84992122054595,139.84992122054595,4.450891725553749,4.450891725553749,4.450891725553749,-1.1667503843734333,-1.1667503843734333,-1.1667503843734333,5.617642109927183,5.617642109927183,5.617642109927183,0.0,0.0,0.0,144.3008129460997
2021-07-21,139.91768009896902,136.32314412883767,152.4868379585249,139.91768009896902,139.91768009896902,4.3642102448796605,4.3642102448796605,4.3642102448796605,-1.26555389516936,-1.26555389516936,-1.26555389516936,5.62976414004902,5.62976414004902,5.62976414004902,0.0,0.0,0.0,144.2818903438487
2021-07-22,139.98543897739202,136.17516854014048,152.6152835098842,139.98543897739202,139.98543897739202,4.248961147192458,4.248961147192458,4.248961147192458,-1.3636887768319377,-1.3636887768319377,-1.3636887768319377,5.612649924024396,5.612649924024396,5.612649924024396,0.0,0.0,0.0,144.23440012458448
2021-07-23,140.05319785581509,136.67224788502105,153.07939133231613,140.05319785581509,140.05319785581509,4.325967126777939,4.325967126777939,4.325967126777939,-1.2444231541327528,-1.2444231541327528,-1.2444231541327528,5.570390280910692,5.570390280910692,5.570390280910692,0.0,0.0,0.0,144.379164982593
2021-07-26,140.25647449108422,135.8849857589513,152.9011676695674,140.25647449108422,140.25647449108422,4.22641070107579,4.22641070107579,4.22641070107579,-1.114479568380146,-1.114479568380146,-1.114479568380146,5.340890269455936,5.340890269455936,5.340890269455936,0.0,0.0,0.0,144.48288519216
2021-07-27,140.32423336950725,135.9504889391711,152.117504817075,140.32423336950725,140.32423336950725,4.081186548759992,4.081186548759992,4.081186548759992,-1.1667503843706202,-1.1667503843706202,-1.1667503843706202,5.247936933130612,5.247936933130612,5.247936933130612,0.0,0.0,0.0,144.40541991826726
2021-07-28,140.3919922479303,135.93756610768875,152.61888970938045,140.3919922479303,140.3919922479303,3.890579194283152,3.890579194283152,3.890579194283152,-1.2655538951694378,-1.2655538951694378,-1.2655538951694378,5.156133089452591,5.156133089452591,5.156133089452591,0.0,0.0,0.0,144.28257144221345
2021-07-29,140.45975112635332,136.31116249672058,152.37003449861282,140.45975112635332,140.45975112635332,3.7074543424056143,3.7074543424056143,3.7074543424056143,-1.3636887768314858,-1.3636887768314858,-1.3636887768314858,5.0711431192370995,5.0711431192370995,5.0711431192370995,0.0,0.0,0.0,144.16720546875894
2021-07-30,140.52751000477636,136.3369959057204,152.6499572733951,140.52751000477636,140.52751000477636,3.754060031572429,3.754060031572429,3.754060031572429,-1.2444231541427477,-1.2444231541427477,-1.2444231541427477,4.998483185715177,4.998483185715177,4.998483185715177,0.0,0.0,0.0,144.2815700363488
2021-08-02,140.73078664004552,136.1928460950779,153.1517693819986,140.73078664004552,140.73078664004552,3.79035972186506,3.79035972186506,3.79035972186506,-1.1144795683830768,-1.1144795683830768,-1.1144795683830768,4.9048392902481375,4.9048392902481375,4.9048392902481375,0.0,0.0,0.0,144.52114636191058
2021-08-03,140.79854551846856,136.4514678266408,152.48306226559146,140.79854551846856,140.79854551846856,3.7626908066214058,3.7626908066214058,3.7626908066214058,-1.166750384371162,-1.166750384371162,-1.166750384371162,4.929441190992568,4.929441190992568,4.929441190992568,0.0,0.0,0.0,144.56123632508996
2021-08-04,140.8663043968916,136.13100714816647,151.89867869841007,140.8663043968916,140.8663043968916,3.7220108543988704,3.7220108543988704,3.7220108543988704,-1.2655538951695497,-1.2655538951695497,-1.2655538951695497,4.9875647495684206,4.9875647495684206,4.9875647495684206,0.0,0.0,0.0,144.58831525129045
2021-08-05,140.93406327531463,136.69499025389825,152.22691528001576,140.93406327531463,140.93406327531463,3.717760266287482,3.717760266287482,3.717760266287482,-1.3636887768310342,-1.3636887768310342,-1.3636887768310342,5.081449043118516,5.081449043118516,5.081449043118516,0.0,0.0,0.0,144.6518235416021
2021-08-06,141.0018221537377,136.669546663874,153.89027245675092,141.0018221537377,141.0018221537377,3.968061240331679,3.968061240331679,3.968061240331679,-1.2444231541397106,-1.2444231541397106,-1.2444231541397106,5.21248439447139,5.21248439447139,5.21248439447139,0.0,0.0,0.0,144.96988339406937
2021-08-09,141.21261491899386,138.03220082951734,154.60483768241073,141.21261491899386,141.21261491899386,4.714360127697083,4.714360127697083,4.714360127697083,-1.1144795683830186,-1.1144795683830186,-1.1144795683830186,5.828839696080102,5.828839696080102,5.828839696080102,0.0,0.0,0.0,145.92697504669096
2021-08-10,141.28287917407928,138.27415498143912,154.89255728248602,141.28287917407928,141.28287917407928,4.93745547653484,4.93745547653484,4.93745547653484,-1.1667503843741778,-1.1667503843741778,-1.1667503843741778,6.104205860909017,6.104205860909017,6.104205860909017,0.0,0.0,0.0,146.22033465061412
2021-08-11,141.35314342916467,138.23852719107435,154.72884792106618,141.35314342916467,141.35314342916467,5.144461094024405,5.144461094024405,5.144461094024405,-1.2655538951696281,-1.2655538951696281,-1.2655538951696281,6.410014989194033,6.410014989194033,6.410014989194033,0.0,0.0,0.0,146.49760452318907
2021-08-12,141.42340768425007,138.45395431837082,155.56284255271444,141.42340768425007,141.42340768425007,5.378594350488484,5.378594350488484,5.378594350488484,-1.3636887768321992,-1.3636887768321992,-1.3636887768321992,6.742283127320684,6.742283127320684,6.742283127320684,0.0,0.0,0.0,146.80200203473856
2021-08-13,141.49367193933548,138.78891394607325,154.98384247165978,141.49367193933548,141.49367193933548,5.85184341116788,5.85184341116788,5.85184341116788,-1.2444231541366735,-1.2444231541366735,-1.2444231541366735,7.096266565304553,7.096266565304553,7.096266565304553,0.0,0.0,0.0,147.34551535050338
2021-08-16,141.7044647045917,140.29141173785138,157.12205404040188,141.7044647045917,141.7044647045917,7.117147936700112,7.117147936700112,7.117147936700112,-1.114479568382961,-1.114479568382961,-1.114479568382961,8.231627505083074,8.231627505083074,8.231627505083074,0.0,0.0,0.0,148.8216126412918
2021-08-17,141.7747289596771,140.13921302944544,156.9900409449676,141.7747289596771,141.7747289596771,7.446474201947008,7.446474201947008,7.446474201947008,-1.1667503843730422,-1.1667503843730422,-1.1667503843730422,8.613224586320051,8.613224586320051,8.613224586320051,0.0,0.0,0.0,149.22120316162412
2021-08-18,141.8449932147625,141.24692185327868,157.84543145733667,141.8449932147625,141.8449932147625,7.719434865958917,7.719434865958917,7.719434865958917,-1.2655538951692333,-1.2655538951692333,-1.2655538951692333,8.98498876112815,8.98498876112815,8.98498876112815,0.0,0.0,0.0,149.56442808072143
2021-08-19,141.9152574698479,141.62484815057232,157.81050538031798,141.9152574698479,141.9152574698479,7.976229852891125,7.976229852891125,7.976229852891125,-1.3636887768333643,-1.3636887768333643,-1.3636887768333643,9.339918629724488,9.339918629724488,9.339918629724488,0.0,0.0,0.0,149.891487322739
2021-08-20,141.9855217249333,141.933225770862,158.64226864839497,141.9855217249333,141.9855217249333,8.426681564687032,8.426681564687032,8.426681564687032,-1.2444231541365836,-1.2444231541365836,-1.2444231541365836,9.671104718823615,9.671104718823615,9.671104718823615,0.0,0.0,0.0,150.41220328962035
2021-08-23,142.1963144901895,143.46280725806582,160.05549854033873,142.1963144901895,142.1963144901895,9.342932231302822,9.342932231302822,9.342932231302822,-1.114479568385892,-1.114479568385892,-1.114479568385892,10.457411799688712,10.457411799688712,10.457411799688712,0.0,0.0,0.0,151.53924672149233
2021-08-24,142.2665787452749,143.26938153497156,160.37217760626183,142.2665787452749,142.2665787452749,9.464440677431426,9.464440677431426,9.464440677431426,-1.1667503843719065,-1.1667503843719065,-1.1667503843719065,10.631191061803332,10.631191061803332,10.631191061803332,0.0,0.0,0.0,151.7310194227063
2021-08-25,142.33684300036032,143.53825329922302,160.1981754333278,142.33684300036032,142.33684300036032,9.487230072368707,9.487230072368707,9.487230072368707,-1.2655538951693115,-1.2655538951693115,-1.2655538951693115,10.752783967538019,10.752783967538019,10.752783967538019,0.0,0.0,0.0,151.82407307272902
2021-08-26,142.4071072554457,143.60207113481502,160.37072811614618,142.4071072554457,142.4071072554457,9.454857894249441,9.454857894249441,9.454857894249441,-1.3636887768301398,-1.3636887768301398,-1.3636887768301398,10.81854667107958,10.81854667107958,10.81854667107958,0.0,0.0,0.0,151.86196514969515
2021-08-27,142.47737151053113,143.67344493263457,160.61451871361135,142.47737151053113,142.47737151053113,9.581306459574371,9.581306459574371,9.581306459574371,-1.244423154136493,-1.244423154136493,-1.244423154136493,10.825729613710863,10.825729613710863,10.825729613710863,0.0,0.0,0.0,152.0586779701055
2021-08-30,142.68816427578733,143.79529996448196,160.42871420794796,142.68816427578733,142.68816427578733,9.36830461808373,9.36830461808373,9.36830461808373,-1.1144795683888227,-1.1144795683888227,-1.1144795683888227,10.482784186472552,10.482784186472552,10.482784186472552,0.0,0.0,0.0,152.05646889387106
2021-08-31,142.75842853087275,143.40552336570337,159.63094006188277,142.75842853087275,142.75842853087275,9.080878170943855,9.080878170943855,9.080878170943855,-1.1667503843724485,-1.1667503843724485,-1.1667503843724485,10.247628555316304,10.247628555316304,10.247628555316304,0.0,0.0,0.0,151.8393067018166
2021-09-01,142.82869278595814,143.08972759927784,159.93512475332417,142.82869278595814,142.82869278595814,8.689315261783104,8.689315261783104,8.689315261783104,-1.2655538951694234,-1.2655538951694234,-1.2655538951694234,9.954869156952528,9.954869156952528,9.954869156952528,0.0,0.0,0.0,151.51800804774123
2021-09-02,142.89895704104353,142.70678207156044,159.81399039016588,142.89895704104353,142.89895704104353,8.2439370173599,8.2439370173599,8.2439370173599,-1.3636887768296881,-1.3636887768296881,-1.3636887768296881,9.607625794189588,9.607625794189588,9.607625794189588,0.0,0.0,0.0,151.14289405840344
2021-09-03,142.96922129612895,142.22858090411106,159.3587209479327,142.96922129612895,142.96922129612895,7.965470734919328,7.965470734919328,7.965470734919328,-1.244423154133456,-1.244423154133456,-1.244423154133456,9.209893889052783,9.209893889052783,9.209893889052783,0.0,0.0,0.0,150.9346920310483
2021-09-07,143.25027831647054,141.00310036182776,157.3592890591195,143.25027831647054,143.25027831647054,6.053053765172637,6.053053765172637,6.053053765172637,-1.16675038437299,-1.16675038437299,-1.16675038437299,7.219804149545627,7.219804149545627,7.219804149545627,0.0,0.0,0.0,149.3033320816432
2021-09-08,143.32054257155596,140.2371971891503,157.86967881873153,143.32054257155596,143.32054257155596,5.388332141751626,5.388332141751626,5.388332141751626,-1.2655538951695018,-1.2655538951695018,-1.2655538951695018,6.653886036921127,6.653886036921127,6.653886036921127,0.0,0.0,0.0,148.70887471330758
2021-09-09,143.39080682664135,139.49140342525376,156.46374901283056,143.39080682664135,143.39080682664135,4.710785002655479,4.710785002655479,4.710785002655479,-1.36368877683247,-1.36368877683247,-1.36368877683247,6.074473779487949,6.074473779487949,6.074473779487949,0.0,0.0,0.0,148.10159182929684
2021-09-10,143.46107108172677,139.80538557677562,155.7962000680927,143.46107108172677,143.46107108172677,4.2443640157480065,4.2443640157480065,4.2443640157480065,-1.244423154130419,-1.244423154130419,-1.244423154130419,5.488787169878425,5.488787169878425,5.488787169878425,0.0,0.0,0.0,147.70543509747478
2021-09-13,143.67186384698297,137.88319424942688,154.79524030291842,143.67186384698297,143.67186384698297,2.6502822469221825,2.6502822469221825,2.6502822469221825,-1.114479568379301,-1.114479568379301,-1.114479568379301,3.7647618153014837,3.7647618153014837,3.7647618153014837,0.0,0.0,0.0,146.32214609390516
2021-09-14,143.7421281020684,137.48102175870784,154.4663988410775,143.7421281020684,143.7421281020684,2.056518412372623,2.056518412372623,2.056518412372623,-1.166750384374329,-1.166750384374329,-1.166750384374329,3.2232687967469515,3.2232687967469515,3.2232687967469515,0.0,0.0,0.0,145.798646514441
2021-09-15,143.81239235715378,137.04393295177005,153.37168569315952,143.81239235715378,143.81239235715378,1.4427991590907197,1.4427991590907197,1.4427991590907197,-1.2655538951696133,-1.2655538951696133,-1.2655538951696133,2.708353054260333,2.708353054260333,2.708353054260333,0.0,0.0,0.0,145.2551915162445
2021-09-16,143.88265661223917,137.15029329433867,153.20941033508217,143.88265661223917,143.88265661223917,0.8614463585273698,0.8614463585273698,0.8614463585273698,-1.3636887768320185,-1.3636887768320185,-1.3636887768320185,2.2251351353593884,2.2251351353593884,2.2251351353593884,0.0,0.0,0.0,144.74410297076653
2021-09-17,143.9529208673246,136.236588507057,152.64256597468733,143.9529208673246,143.9529208673246,0.5336156893734727,0.5336156893734727,0.5336156893734727,-1.244423154140414,-1.244423154140414,-1.244423154140414,1.7780388435138867,1.7780388435138867,1.7780388435138867,0.0,0.0,0.0,144.48653655669807
2021-09-20,144.1637136325808,135.29628532227053,152.7699157649451,144.1637136325808,144.1637136325808,-0.42840072479213026,-0.42840072479213026,-0.42840072479213026,-1.1144795683852207,-1.1144795683852207,-1.1144795683852207,0.6860788435930905,0.6860788435930905,0.6860788435930905,0.0,0.0,0.0,143.73531290778865
2021-09-21,144.23397788766619,134.60267546114585,152.65713934793257,144.23397788766619,144.23397788766619,-0.7547979313890025,-0.7547979313890025,-0.7547979313890025,-1.1667503843715157,-1.1667503843715157,-1.1667503843715157,0.41195245298251315,0.41195245298251315,0.41195245298251315,0.0,0.0,0.0,143.4791799562772
2021-09-22,144.3042421427516,135.69194761440664,151.9077681256796,144.3042421427516,144.3042421427516,-1.0815166714169508,-1.0815166714169508,-1.0815166714169508,-1.2655538951691516,-1.2655538951691516,-1.2655538951691516,0.18403722375220072,0.18403722375220072,0.18403722375220072,0.0,0.0,0.0,143.22272547133466
2021-09-23,144.374506397837,134.78118841322137,151.4355555098617,144.374506397837,144.374506397837,-1.3618172582890382,-1.3618172582890382,-1.3618172582890382,-1.3636887768331833,-1.3636887768331833,-1.3636887768331833,0.0018715185441450638,0.0018715185441450638,0.0018715185441450638,0.0,0.0,0.0,143.01268913954794
2021-09-24,144.44477065292241,134.61750674947692,151.26415250253723,144.44477065292241,144.44477065292241,-1.3802015787341284,-1.3802015787341284,-1.3802015787341284,-1.2444231541403237,-1.2444231541403237,-1.2444231541403237,-0.13577842459380485,-0.13577842459380485,-0.13577842459380485,0.0,0.0,0.0,143.06456907418828
2021-09-27,144.65556341817862,134.56337867867455,152.35171401826685,144.65556341817862,144.65556341817862,-1.4188060766098367,-1.4188060766098367,-1.4188060766098367,-1.114479568385163,-1.114479568385163,-1.114479568385163,-0.30432650822467366,-0.30432650822467366,-0.30432650822467366,0.0,0.0,0.0,143.2367573415688
2021-09-28,144.725827673264,134.81627222720363,151.75625558654338,144.725827673264,144.725827673264,-1.4562883848257555,-1.4562883848257555,-1.4562883848257555,-1.1667503843720572,-1.1667503843720572,-1.1667503843720572,-0.28953800045369804,-0.28953800045369804,-0.28953800045369804,0.0,0.0,0.0,143.26953928843824
2021-09-29,144.79609192834943,135.13547707604326,151.1461057454087,144.79609192834943,144.79609192834943,-1.5112279566005393,-1.5112279566005393,-1.5112279566005393,-1.2655538951692633,-1.2655538951692633,-1.2655538951692633,-0.24567406143127604,-0.24567406143127604,-0.24567406143127604,0.0,0.0,0.0,143.28486397174888
2021-09-30,144.86635618343482,135.6319010906295,151.2938063181928,144.86635618343482,144.86635618343482,-1.5407661138893305,-1.5407661138893305,-1.5407661138893305,-1.3636887768327317,-1.3636887768327317,-1.3636887768327317,-0.1770773370565986,-0.1770773370565986,-0.1770773370565986,0.0,0.0,0.0,143.32559006954548
2021-10-01,144.9366204385202,135.23873050904172,151.54680548318282,144.9366204385202,144.9366204385202,-1.3327039189300296,-1.3327039189300296,-1.3327039189300296,-1.2444231541343393,-1.2444231541343393,-1.2444231541343393,-0.08828076479569019,-0.08828076479569019,-0.08828076479569019,0.0,0.0,0.0,143.60391651959017
2021-10-04,145.1474132037764,136.66642330041356,152.98290148897956,145.1474132037764,145.1474132037764,-0.8612395674371164,-0.8612395674371164,-0.8612395674371164,-1.114479568388094,-1.114479568388094,-1.114479568388094,0.25324000095097743,0.25324000095097743,0.25324000095097743,0.0,0.0,0.0,144.2861736363393
2021-10-05,145.28720812775012,136.22761270684273,152.25274525087374,145.28720812775012,145.28720812775012,-0.789553976670114,-0.789553976670114,-0.789553976670114,-1.166750384372599,-1.166750384372599,-1.166750384372599,0.3771964077024852,0.3771964077024852,0.3771964077024852,0.0,0.0,0.0,144.49765415108
2021-10-06,145.4270030517238,136.54887676842233,152.72410358189856,145.4270030517238,145.4270030517238,-0.7662821873810959,-0.7662821873810959,-0.7662821873810959,-1.2655538951693417,-1.2655538951693417,-1.2655538951693417,0.4992717077882457,0.4992717077882457,0.4992717077882457,0.0,0.0,0.0,144.6607208643427
2021-10-07,145.56679797569748,136.73953539548268,153.2994918135336,145.56679797569748,145.56679797569748,-0.7479077786438574,-0.7479077786438574,-0.7479077786438574,-1.363688776833897,-1.363688776833897,-1.363688776833897,0.6157809981900397,0.6157809981900397,0.6157809981900397,0.0,0.0,0.0,144.81889019705363
2021-10-08,145.7065928996712,136.6603120224553,154.093730515327,145.7065928996712,145.7065928996712,-0.5209737409435614,-0.5209737409435614,-0.5209737409435614,-1.2444231541472814,-1.2444231541472814,-1.2444231541472814,0.7234494132037201,0.7234494132037201,0.7234494132037201,0.0,0.0,0.0,145.18561915872763
2021-10-11,146.12597767159224,137.1905519979628,154.4416440033813,146.12597767159224,146.12597767159224,-0.14670084856813453,-0.14670084856813453,-0.14670084856813453,-1.11447956837863,-1.11447956837863,-1.11447956837863,0.9677787198104955,0.9677787198104955,0.9677787198104955,0.0,0.0,0.0,145.9792768230241
2021-10-12,146.26577259556595,138.30329823642813,154.33004467281717,146.26577259556595,146.26577259556595,-0.1497162301264203,-0.1497162301264203,-0.1497162301264203,-1.1667503843714637,-1.1667503843714637,-1.1667503843714637,1.0170341542450434,1.0170341542450434,1.0170341542450434,0.0,0.0,0.0,146.11605636543953
2021-10-13,146.40556751953963,137.87240232069624,154.36785037614234,146.40556751953963,146.40556751953963,-0.21700198868254225,-0.21700198868254225,-0.21700198868254225,-1.265553895169487,-1.265553895169487,-1.265553895169487,1.0485519064869446,1.0485519064869446,1.0485519064869446,0.0,0.0,0.0,146.1885655308571
2021-10-14,146.5453624435133,137.94840429545658,154.51111594766206,146.5453624435133,146.5453624435133,-0.30154626113433514,-0.30154626113433514,-0.30154626113433514,-1.3636887768306722,-1.3636887768306722,-1.3636887768306722,1.0621425156963369,1.0621425156963369,1.0621425156963369,0.0,0.0,0.0,146.24381618237896
2021-10-15,146.685157367487,138.25057032608228,155.32553418520345,146.685157367487,146.685157367487,-0.18630005830576127,-0.18630005830576127,-0.18630005830576127,-1.2444231541412973,-1.2444231541412973,-1.2444231541412973,1.058123095835536,1.058123095835536,1.058123095835536,0.0,0.0,0.0,146.49885730918123
2021-10-18,147.10454213940807,138.60074689757542,154.62091053234863,147.10454213940807,147.10454213940807,-0.16401613301450294,-0.16401613301450294,-0.16401613301450294,-1.114479568381561,-1.114479568381561,-1.114479568381561,0.9504634353670581,0.9504634353670581,0.9504634353670581,0.0,0.0,0.0,146.94052600639355
2021-10-19,147.24433706338175,138.5715349907253,154.5844722009269,147.24433706338175,147.24433706338175,-0.2787019333246111,-0.2787019333246111,-0.2787019333246111,-1.1667503843761573,-1.1667503843761573,-1.1667503843761573,0.8880484510515462,0.8880484510515462,0.8880484510515462,0.0,0.0,0.0,146.96563513005714
2021-10-20,147.38413198735543,139.1136516576263,155.16651366851588,147.38413198735543,147.38413198735543,-0.44970552499865024,-0.44970552499865024,-0.44970552499865024,-1.265553895169565,-1.265553895169565,-1.265553895169565,0.8158483701709148,0.8158483701709148,0.8158483701709148,0.0,0.0,0.0,146.93442646235678
2021-10-21,147.5239269113291,138.34004596892623,155.05913397884336,147.5239269113291,147.5239269113291,-0.6273735538085746,-0.6273735538085746,-0.6273735538085746,-1.3636887768318373,-1.3636887768318373,-1.3636887768318373,0.7363152230232626,0.7363152230232626,0.7363152230232626,0.0,0.0,0.0,146.89655335752053
2021-10-22,147.6637218353028,138.79032472102767,155.4057568077328,147.6637218353028,147.6637218353028,-0.5923638828042012,-0.5923638828042012,-0.5923638828042012,-1.244423154141207,-1.244423154141207,-1.244423154141207,0.6520592713370058,0.6520592713370058,0.6520592713370058,0.0,0.0,0.0,147.0713579524986
2021-10-25,148.08310660722384,139.20221847165936,155.34545745063446,148.08310660722384,148.08310660722384,-0.7163133362354336,-0.7163133362354336,-0.7163133362354336,-1.114479568384492,-1.114479568384492,-1.114479568384492,0.39816623214905833,0.39816623214905833,0.39816623214905833,0.0,0.0,0.0,147.3667932709884
2021-10-26,148.22290153119755,139.08478729533374,155.65243388798348,148.22290153119755,148.22290153119755,-0.8445495566541791,-0.8445495566541791,-0.8445495566541791,-1.166750384373344,-1.166750384373344,-1.166750384373344,0.322200827719165,0.322200827719165,0.322200827719165,0.0,0.0,0.0,147.37835197454336
2021-10-27,148.36269645517126,138.59007657907793,156.2580028020127,148.36269645517126,148.36269645517126,-1.0106621090668084,-1.0106621090668084,-1.0106621090668084,-1.2655538951696435,-1.2655538951696435,-1.2655538951696435,0.25489178610283497,0.25489178610283497,0.25489178610283497,0.0,0.0,0.0,147.35203434610446
2021-10-28,148.50249137914494,139.70930080186736,155.3046422459458,148.50249137914494,148.50249137914494,-1.1650684919944332,-1.1650684919944332,-1.1650684919944332,-1.3636887768330026,-1.3636887768330026,-1.3636887768330026,0.19862028483856936,0.19862028483856936,0.19862028483856936,0.0,0.0,0.0,147.3374228871505
2021-10-29,148.64228630311862,139.45296926286753,156.0992942319893,148.64228630311862,148.64228630311862,-1.0888496663108447,-1.0888496663108447,-1.0888496663108447,-1.2444231541381698,-1.2444231541381698,-1.2444231541381698,0.15557348782732539,0.15557348782732539,0.15557348782732539,0.0,0.0,0.0,147.5534366368078
2021-11-01,149.06167107503967,139.84373651204595,156.37464890188843,149.06167107503967,149.06167107503967,-0.9902833773687142,-0.9902833773687142,-0.9902833773687142,-1.1144795683874227,-1.1144795683874227,-1.1144795683874227,0.12419619101870871,0.12419619101870871,0.12419619101870871,0.0,0.0,0.0,148.07138769767096
2021-11-02,149.20146599901335,139.982129531503,156.35413422563067,149.20146599901335,149.20146599901335,-1.0155573918194196,-1.0155573918194196,-1.0155573918194196,-1.1667503843738853,-1.1667503843738853,-1.1667503843738853,0.1511929925544658,0.1511929925544658,0.1511929925544658,0.0,0.0,0.0,148.18590860719394
2021-11-03,149.34126092298706,140.01434481885386,155.53427743835917,149.34126092298706,149.34126092298706,-1.0668647431602838,-1.0668647431602838,-1.0668647431602838,-1.2655538951697551,-1.2655538951697551,-1.2655538951697551,0.19868915200947104,0.19868915200947104,0.19868915200947104,0.0,0.0,0.0,148.27439617982677
2021-11-04,149.48105584696074,139.9983860026094,156.34537616251777,149.48105584696074,149.48105584696074,-1.0963380254228097,-1.0963380254228097,-1.0963380254228097,-1.3636887768297778,-1.3636887768297778,-1.3636887768297778,0.2673507514069683,0.2673507514069683,0.2673507514069683,0.0,0.0,0.0,148.38471782153795
2021-11-05,149.62085077093442,140.46191079268323,156.89029103504714,149.62085077093442,149.62085077093442,-0.8868329101998055,-0.8868329101998055,-0.8868329101998055,-1.244423154135133,-1.244423154135133,-1.244423154135133,0.3575902439353275,0.3575902439353275,0.3575902439353275,0.0,0.0,0.0,148.7340178607346
2021-11-08,150.0402355428555,141.57654235174212,158.5607549674173,150.0402355428555,150.0402355428555,-0.3560664113172822,-0.3560664113172822,-0.3560664113172822,-1.1144795683873647,-1.1144795683873647,-1.1144795683873647,0.7584131570700825,0.7584131570700825,0.7584131570700825,0.0,0.0,0.0,149.68416913153823
2021-11-09,150.18003046682918,141.551790184892,158.0877259956568,150.18003046682918,150.18003046682918,-0.2321770900220373,-0.2321770900220373,-0.2321770900220373,-1.1667503843727494,-1.1667503843727494,-1.1667503843727494,0.9345732943507121,0.9345732943507121,0.9345732943507121,0.0,0.0,0.0,149.94785337680713
2021-11-10,150.3198253908029,142.62741433246853,158.3928648312359,150.3198253908029,150.3198253908029,-0.1343896834097647,-0.1343896834097647,-0.1343896834097647,-1.2655538951692595,-1.2655538951692595,-1.2655538951692595,1.1311642117594949,1.1311642117594949,1.1311642117594949,0.0,0.0,0.0,150.18543570739314
2021-11-11,150.45962031477657,141.8376332780827,158.74404921412295,150.45962031477657,150.45962031477657,-0.016224606942139806,-0.016224606942139806,-0.016224606942139806,-1.363688776829326,-1.363688776829326,-1.363688776829326,1.3474641698871863,1.3474641698871863,1.3474641698871863,0.0,0.0,0.0,150.44339570783444
2021-11-12,150.59941523875025,142.37002044781747,159.2677948412259,150.59941523875025,150.59941523875025,0.338216946688165,0.338216946688165,0.338216946688165,-1.2444231541320958,-1.2444231541320958,-1.2444231541320958,1.5826401008202609,1.5826401008202609,1.5826401008202609,0.0,0.0,0.0,150.93763218543842
2021-11-15,151.01880001067133,144.09102619023747,160.5590406678422,151.01880001067133,151.01880001067133,1.2773701447305568,1.2773701447305568,1.2773701447305568,-1.1144795683779012,-1.1144795683779012,-1.1144795683779012,2.391849713108458,2.391849713108458,2.391849713108458,0.0,0.0,0.0,152.29617015540188
2021-11-16,151.158594934645,144.64312670812558,161.2795032286394,151.158594934645,151.158594934645,1.5259116221107254,1.5259116221107254,1.5259116221107254,-1.166750384371614,-1.166750384371614,-1.166750384371614,2.6926620064823394,2.6926620064823394,2.6926620064823394,0.0,0.0,0.0,152.68450655675574
2021-11-17,151.29838985861872,144.74191521370247,160.8224580378341,151.29838985861872,151.29838985861872,1.7416165409554896,1.7416165409554896,1.7416165409554896,-1.2655538951694052,-1.2655538951694052,-1.2655538951694052,3.0071704361248948,3.0071704361248948,3.0071704361248948,0.0,0.0,0.0,153.0400063995742
2021-11-18,151.4381847825924,145.42576018380885,161.65951402984751,151.4381847825924,151.4381847825924,1.97054138087569,1.97054138087569,1.97054138087569,-1.363688776832108,-1.363688776832108,-1.363688776832108,3.3342301577077977,3.3342301577077977,3.3342301577077977,0.0,0.0,0.0,153.4087261634681
2021-11-19,151.57797970656608,146.15590102589536,161.6486677307948,151.57797970656608,151.57797970656608,2.428253877521356,2.428253877521356,2.428253877521356,-1.2444231541320057,-1.2444231541320057,-1.2444231541320057,3.6726770316533615,3.6726770316533615,3.6726770316533615,0.0,0.0,0.0,154.00623358408743
2021-11-22,151.99736447848716,147.52969874939663,164.18186701187727,151.99736447848716,151.99736447848716,3.629933595552088,3.629933595552088,3.629933595552088,-1.1144795683778432,-1.1144795683778432,-1.1144795683778432,4.744413163929931,4.744413163929931,4.744413163929931,0.0,0.0,0.0,155.62729807403923
2021-11-23,152.13715940246084,148.49848917680146,164.55792230645608,152.13715940246084,152.13715940246084,3.9496129043354937,3.9496129043354937,3.9496129043354937,-1.166750384370478,-1.166750384370478,-1.166750384370478,5.116363288705972,5.116363288705972,5.116363288705972,0.0,0.0,0.0,156.08677230679632
2021-11-24,152.27695432643455,148.50823830584284,164.78125543422456,152.27695432643455,152.27695432643455,4.227985467118782,4.227985467118782,4.227985467118782,-1.2655538951694834,-1.2655538951694834,-1.2655538951694834,5.493539362288265,5.493539362288265,5.493539362288265,0.0,0.0,0.0,156.50493979355332
2021-11-26,152.5565441743819,149.06968273082697,165.58638472340377,152.5565441743819,152.5565441743819,5.013733697009855,5.013733697009855,5.013733697009855,-1.244423154142001,-1.244423154142001,-1.244423154142001,6.258156851151857,6.258156851151857,6.258156851151857,0.0,0.0,0.0,157.57027787139177
2021-11-29,152.975928946303,150.85730066271833,166.96789650776475,152.975928946303,152.975928946303,6.2943872473132,6.2943872473132,6.2943872473132,-1.114479568383763,-1.114479568383763,-1.114479568383763,7.408866815696963,7.408866815696963,7.408866815696963,0.0,0.0,0.0,159.2703161936162
2021-11-30,153.11572387027667,151.63831826824645,168.0864153742227,153.11572387027667,153.11572387027667,6.620365907651441,6.620365907651441,6.620365907651441,-1.16675038437102,-1.16675038437102,-1.16675038437102,7.78711629202246,7.78711629202246,7.78711629202246,0.0,0.0,0.0,159.7360897779281
2021-12-01,153.2555188099534,152.03026366311946,168.22857509769207,153.2555188099534,153.2555188099534,6.89429058139812,6.89429058139812,6.89429058139812,-1.2655538951690553,-1.2655538951690553,-1.2655538951690553,8.159844476567175,8.159844476567175,8.159844476567175,0.0,0.0,0.0,160.1498093913515
2021-12-02,153.39531374963013,152.52745139222492,168.42949763192252,153.39531374963013,153.39531374963013,7.16153101734214,7.16153101734214,7.16153101734214,-1.3636887768312045,-1.3636887768312045,-1.3636887768312045,8.525219794173346,8.525219794173346,8.525219794173346,0.0,0.0,0.0,160.55684476697226
2021-12-03,153.53510868930692,152.9396018675334,169.73381112785378,153.53510868930692,153.53510868930692,7.6369174142940714,7.6369174142940714,7.6369174142940714,-1.2444231541419106,-1.2444231541419106,-1.2444231541419106,8.881340568435983,8.881340568435983,8.881340568435983,0.0,0.0,0.0,161.17202610360098
2021-12-06,153.95449350833718,154.3729104674476,170.8848448569694,153.95449350833718,153.95449350833718,8.759847238204163,8.759847238204163,8.759847238204163,-1.114479568383705,-1.114479568383705,-1.114479568383705,9.874326806587868,9.874326806587868,9.874326806587868,0.0,0.0,0.0,162.71434074654135
2021-12-07,154.0942884480139,154.83910754827414,170.89560957222113,154.0942884480139,154.0942884480139,9.006659159466885,9.006659159466885,9.006659159466885,-1.166750384374036,-1.166750384374036,-1.166750384374036,10.17340954384092,10.17340954384092,10.17340954384092,0.0,0.0,0.0,163.1009476074808
2021-12-08,154.23408338769065,154.47305435040488,171.57878962638065,154.23408338769065,154.23408338769065,9.187571923014563,9.187571923014563,9.187571923014563,-1.2655538951691334,-1.2655538951691334,-1.2655538951691334,10.453125818183697,10.453125818183697,10.453125818183697,0.0,0.0,0.0,163.4216553107052
2021-12-09,154.3738783273674,156.10531011741938,172.21312456408495,154.3738783273674,154.3738783273674,9.347780961296873,9.347780961296873,9.347780961296873,-1.3636887768339865,-1.3636887768339865,-1.3636887768339865,10.711469738130857,10.711469738130857,10.711469738130857,0.0,0.0,0.0,163.72165928866428
2021-12-10,154.5136732670442,156.24796852491554,172.05803358946116,154.5136732670442,154.5136732670442,9.702077272312115,9.702077272312115,9.702077272312115,-1.2444231541359263,-1.2444231541359263,-1.2444231541359263,10.946500426448042,10.946500426448042,10.946500426448042,0.0,0.0,0.0,164.21575053935632
2021-12-13,154.93305808607442,156.9881688320465,173.79462954734078,154.93305808607442,154.93305808607442,10.379436232321842,10.379436232321842,10.379436232321842,-1.114479568383647,-1.114479568383647,-1.114479568383647,11.493915800705487,11.493915800705487,11.493915800705487,0.0,0.0,0.0,165.31249431839626
2021-12-14,155.07285302575116,156.52796750553276,173.42266612814842,155.07285302575116,155.07285302575116,10.451902882183354,10.451902882183354,10.451902882183354,-1.1667503843745777,-1.1667503843745777,-1.1667503843745777,11.618653266557931,11.618653266557931,11.618653266557931,0.0,0.0,0.0,165.52475590793452
2021-12-15,155.21264796542792,157.21777011845404,173.7052966860059,155.21264796542792,155.21264796542792,10.446870152186172,10.446870152186172,10.446870152186172,-1.265553895169245,-1.265553895169245,-1.265553895169245,11.712424047355416,11.712424047355416,11.712424047355416,0.0,0.0,0.0,165.65951811761408
2021-12-16,155.35244290510468,157.13634727655543,173.96434496798113,155.35244290510468,155.35244290510468,10.410635664096665,10.410635664096665,10.410635664096665,-1.363688776833535,-1.363688776833535,-1.363688776833535,11.774324440930199,11.774324440930199,11.774324440930199,0.0,0.0,0.0,165.76307856920135
2021-12-17,155.49223784478144,157.44860954282566,174.61430397312682,155.49223784478144,155.49223784478144,10.559303456903251,10.559303456903251,10.559303456903251,-1.244423154135836,-1.244423154135836,-1.244423154135836,11.803726611039087,11.803726611039087,11.803726611039087,0.0,0.0,0.0,166.0515413016847
2021-12-20,155.9116226638117,157.6495401486537,174.66428543077424,155.9116226638117,155.9116226638117,10.580797565197052,10.580797565197052,10.580797565197052,-1.114479568389567,-1.114479568389567,-1.114479568389567,11.69527713358662,11.69527713358662,11.69527713358662,0.0,0.0,0.0,166.49242022900876
2021-12-21,156.05141760348843,158.11126772795419,174.61016781461004,156.05141760348843,156.05141760348843,10.42792765528784,10.42792765528784,10.42792765528784,-1.1667503843717648,-1.1667503843717648,-1.1667503843717648,11.594678039659605,11.594678039659605,11.594678039659605,0.0,0.0,0.0,166.47934525877628
2021-12-22,156.1912125431652,158.2991548498291,174.5643382071541,156.1912125431652,156.1912125431652,10.197719868463802,10.197719868463802,10.197719868463802,-1.265553895169357,-1.265553895169357,-1.265553895169357,11.46327376363316,11.46327376363316,11.46327376363316,0.0,0.0,0.0,166.38893241162899
2021-12-23,156.33100748284193,158.6366177208591,174.01122454896574,156.33100748284193,156.33100748284193,9.938756971940242,9.938756971940242,9.938756971940242,-1.3636887768303103,-1.3636887768303103,-1.3636887768303103,11.30244574877055,11.30244574877055,11.30244574877055,0.0,0.0,0.0,166.26976445478218
2021-12-27,156.89018724154894,157.9969969761791,174.36378677391497,156.89018724154894,156.89018724154894,9.289984090864653,9.289984090864653,9.289984090864653,-1.1144795683895088,-1.1144795683895088,-1.1144795683895088,10.404463659254162,10.404463659254162,10.404463659254162,0.0,0.0,0.0,166.1801713324136
2021-12-28,157.0299821812257,157.78582732510557,174.09279072814712,157.0299821812257,157.0299821812257,8.962194007553,8.962194007553,8.962194007553,-1.1667503843747806,-1.1667503843747806,-1.1667503843747806,10.12894439192778,10.12894439192778,10.12894439192778,0.0,0.0,0.0,165.9921761887787
2021-12-29,157.16977712090244,157.44253044506405,173.85848561873874,157.16977712090244,157.16977712090244,8.573479628107714,8.573479628107714,8.573479628107714,-1.265553895169469,-1.265553895169469,-1.265553895169469,9.839033523277182,9.839033523277182,9.839033523277182,0.0,0.0,0.0,165.74325674901016
2021-12-30,157.3095720605792,156.8073495013502,173.55992032515755,157.3095720605792,157.3095720605792,8.17443910818886,8.17443910818886,8.17443910818886,-1.3636887768298587,-1.3636887768298587,-1.3636887768298587,9.538127885018719,9.538127885018719,9.538127885018719,0.0,0.0,0.0,165.48401116876806
2021-12-31,157.44936700025596,157.12844869714706,174.27171356900007,157.44936700025596,157.44936700025596,7.985358750483127,7.985358750483127,7.985358750483127,-1.244423154129762,-1.244423154129762,-1.244423154129762,9.229781904612889,9.229781904612889,9.229781904612889,0.0,0.0,0.0,165.4347257507391
2022-01-03,157.86875181928622,156.92466279938057,172.81443777363845,157.86875181928622,157.86875181928622,7.182543830678018,7.182543830678018,7.182543830678018,-1.1144795683800452,-1.1144795683800452,-1.1144795683800452,8.297023399058062,8.297023399058062,8.297023399058062,0.0,0.0,0.0,165.05129564996423
2022-01-04,158.00854675896298,156.93344252041717,173.16413400776008,158.00854675896298,158.00854675896298,6.829192379849685,6.829192379849685,6.829192379849685,-1.1667503843736455,-1.1667503843736455,-1.1667503843736455,7.995942764223329,7.995942764223329,7.995942764223329,0.0,0.0,0.0,164.83773913881265
2022-01-05,158.1483416986397,156.55748749312136,173.36205824328374,158.1483416986397,158.1483416986397,6.440301560289429,6.440301560289429,6.440301560289429,-1.2655538951695473,-1.2655538951695473,-1.2655538951695473,7.705855455458976,7.705855455458976,7.705855455458976,0.0,0.0,0.0,164.58864325892915
2022-01-06,158.28813663831647,155.946881998812,172.48623647701123,158.28813663831647,158.28813663831647,6.066524764026508,6.066524764026508,6.066524764026508,-1.3636887768310235,-1.3636887768310235,-1.3636887768310235,7.430213540857532,7.430213540857532,7.430213540857532,0.0,0.0,0.0,164.35466140234297
2022-01-07,158.4279315779932,155.59697372683996,172.39284910698976,158.4279315779932,158.4279315779932,5.927843178634946,5.927843178634946,5.927843178634946,-1.2444231541296717,-1.2444231541296717,-1.2444231541296717,7.172266332764618,7.172266332764618,7.172266332764618,0.0,0.0,0.0,164.35577475662816
2022-01-10,158.8473163970235,155.68659326648296,172.39066711509224,158.8473163970235,158.8473163970235,5.418504774914505,5.418504774914505,5.418504774914505,-1.1144795683799873,-1.1144795683799873,-1.1144795683799873,6.532984343294493,6.532984343294493,6.532984343294493,0.0,0.0,0.0,164.265821171938
2022-01-11,158.98711133670022,156.39910680786727,172.75836049992864,158.98711133670022,158.98711133670022,5.205763630731173,5.205763630731173,5.205763630731173,-1.1667503843741869,-1.1667503843741869,-1.1667503843741869,6.37251401510536,6.37251401510536,6.37251401510536,0.0,0.0,0.0,164.1928749674314
2022-01-12,159.12690627637699,155.80239166357495,172.46261205657956,159.12690627637699,159.12690627637699,4.975695370328643,4.975695370328643,4.975695370328643,-1.2655538951696923,-1.2655538951696923,-1.2655538951696923,6.241249265498336,6.241249265498336,6.241249265498336,0.0,0.0,0.0,164.10260164670564
2022-01-13,159.26670121605372,156.16259780126822,171.9979581319266,159.26670121605372,159.26670121605372,4.7765692465256615,4.7765692465256615,4.7765692465256615,-1.3636887768321888,-1.3636887768321888,-1.3636887768321888,6.140258023357849,6.140258023357849,6.140258023357849,0.0,0.0,0.0,164.0432704625794
2022-01-14,159.40649615573048,156.60322800815396,172.7576423208529,159.40649615573048,159.40649615573048,4.825701038927762,4.825701038927762,4.825701038927762,-1.24442315413672,-1.24442315413672,-1.24442315413672,6.070124193064482,6.070124193064482,6.070124193064482,0.0,0.0,0.0,164.23219719465826
2022-01-18,159.9656759144375,156.2978851436336,173.23547881281,159.9656759144375,159.9656759144375,4.925275410105941,4.925275410105941,4.925275410105941,-1.1667503843747284,-1.1667503843747284,-1.1667503843747284,6.092025794480669,6.092025794480669,6.092025794480669,0.0,0.0,0.0,164.89095132454344
2022-01-19,160.10547085411426,157.1041631086808,173.41030503429013,160.10547085411426,160.10547085411426,4.901498926273845,4.901498926273845,4.901498926273845,-1.265553895169197,-1.265553895169197,-1.265553895169197,6.167052821443043,6.167052821443043,6.167052821443043,0.0,0.0,0.0,165.0069697803881
2022-01-20,160.245265793791,156.25053586855614,173.34282365929909,160.245265793791,160.245265793791,4.902013746332048,4.902013746332048,4.902013746332048,-1.3636887768333539,-1.3636887768333539,-1.3636887768333539,6.265702523165402,6.265702523165402,6.265702523165402,0.0,0.0,0.0,165.14727954012304
2022-01-21,160.38506073346772,157.818109908779,174.1529354348054,160.38506073346772,160.38506073346772,5.1406140011726205,5.1406140011726205,5.1406140011726205,-1.2444231541366295,-1.2444231541366295,-1.2444231541366295,6.38503715530925,6.38503715530925,6.38503715530925,0.0,0.0,0.0,165.52567473464035
2022-01-24,160.804445552498,158.70492539502285,174.87448656703177,160.804445552498,160.804445552498,5.7170293912909305,5.7170293912909305,5.7170293912909305,-1.1144795683764432,-1.1144795683764432,-1.1144795683764432,6.8315089596673735,6.8315089596673735,6.8315089596673735,0.0,0.0,0.0,166.52147494378895
2022-01-25,160.94424049217477,158.54096594613196,175.17052198528012,160.94424049217477,160.94424049217477,5.829407073939496,5.829407073939496,5.829407073939496,-1.1667503843719158,-1.1667503843719158,-1.1667503843719158,6.996157458311411,6.996157458311411,6.996157458311411,0.0,0.0,0.0,166.77364756611428
2022-01-26,161.0840354318515,158.80220635698396,175.16531667074793,161.0840354318515,161.0840354318515,5.895620279177606,5.895620279177606,5.895620279177606,-1.2655538951693088,-1.2655538951693088,-1.2655538951693088,7.161174174346914,7.161174174346914,7.161174174346914,0.0,0.0,0.0,166.9796557110291
2022-01-27,161.22383037152824,159.62841635797614,175.32414745695579,161.22383037152824,161.22383037152824,5.9580399871115945,5.9580399871115945,5.9580399871115945,-1.3636887768329022,-1.3636887768329022,-1.3636887768329022,7.321728763944496,7.321728763944496,7.321728763944496,0.0,0.0,0.0,167.18187035863983
2022-01-28,161.36362531120497,158.5781462516351,175.36671150294197,161.36362531120497,161.36362531120497,6.228455376955898,6.228455376955898,6.228455376955898,-1.2444231541335924,-1.2444231541335924,-1.2444231541335924,7.472878531089489,7.472878531089489,7.472878531089489,0.0,0.0,0.0,167.59208068816088
2022-01-31,161.77976859964969,160.31448025075414,176.87750894660078,161.77976859964969,161.77976859964969,6.705767543163463,6.705767543163463,6.705767543163463,-1.1144795683793745,-1.1144795683793745,-1.1144795683793745,7.820247111542838,7.820247111542838,7.820247111542838,0.0,0.0,0.0,168.48553614281315
2022-02-01,161.91848302913127,159.80157357441357,177.1119252562471,161.91848302913127,161.91848302913127,6.717801815384151,6.717801815384151,6.717801815384151,-1.1667503843724574,-1.1667503843724574,-1.1667503843724574,7.884552199756609,7.884552199756609,7.884552199756609,0.0,0.0,0.0,168.63628484451542
2022-02-02,162.05719745861282,159.84795717703489,177.13937813429067,162.05719745861282,162.05719745861282,6.649964040599229,6.649964040599229,6.649964040599229,-1.265553895169387,-1.265553895169387,-1.265553895169387,7.915517935768616,7.915517935768616,7.915517935768616,0.0,0.0,0.0,168.70716149921205
2022-02-03,162.1959118880944,160.3739789039871,177.2603502158842,162.1959118880944,162.1959118880944,6.5453241196717675,6.5453241196717675,6.5453241196717675,-1.363688776835684,-1.363688776835684,-1.363688776835684,7.909012896507452,7.909012896507452,7.909012896507452,0.0,0.0,0.0,168.74123600776616
2022-02-04,162.33462631757592,160.9066832162182,177.68018208298048,162.33462631757592,162.33462631757592,6.61686093443287,6.61686093443287,6.61686093443287,-1.2444231541435873,-1.2444231541435873,-1.2444231541435873,7.861284088576458,7.861284088576458,7.861284088576458,0.0,0.0,0.0,168.9514872520088
2022-02-07,162.75076960602064,160.3556563009425,177.17498532861788,162.75076960602064,162.75076960602064,6.325682384547217,6.325682384547217,6.325682384547217,-1.114479568379316,-1.114479568379316,-1.114479568379316,7.440161952926533,7.440161952926533,7.440161952926533,0.0,0.0,0.0,169.07645199056785
2022-02-08,162.88948403550222,160.38119582067574,176.77421638283676,162.88948403550222,162.88948403550222,6.032872722109098,6.032872722109098,6.032872722109098,-1.1667503843713216,-1.1667503843713216,-1.1667503843713216,7.199623106480419,7.199623106480419,7.199623106480419,0.0,0.0,0.0,168.9223567576113
2022-02-09,163.02819846498377,160.41768535589085,176.8211718077632,163.02819846498377,163.02819846498377,5.641177471899943,5.641177471899943,5.641177471899943,-1.2655538951694654,-1.2655538951694654,-1.2655538951694654,6.9067313670694075,6.9067313670694075,6.9067313670694075,0.0,0.0,0.0,168.6693759368837
2022-02-10,163.16691289446536,159.69993956574893,176.7786254241414,163.16691289446536,163.16691289446536,5.197396786763183,5.197396786763183,5.197396786763183,-1.3636887768308426,-1.3636887768308426,-1.3636887768308426,6.561085563594025,6.561085563594025,6.561085563594025,0.0,0.0,0.0,168.36430968122855
2022-02-11,163.3056273239469,160.28874759226935,176.82793992124718,163.3056273239469,163.3056273239469,4.918530445514065,4.918530445514065,4.918530445514065,-1.2444231541405504,-1.2444231541405504,-1.2444231541405504,6.162953599654616,6.162953599654616,6.162953599654616,0.0,0.0,0.0,168.224157769461
2022-02-14,163.7217706123916,158.25184279581072,175.8376571371386,163.7217706123916,163.7217706123916,3.5519606174712974,3.5519606174712974,3.5519606174712974,-1.1144795683822473,-1.1144795683822473,-1.1144795683822473,4.666440185853545,4.666440185853545,4.666440185853545,0.0,0.0,0.0,167.2737312298629
2022-02-15,163.86048504187315,158.93946475027377,175.00618319293017,163.86048504187315,163.86048504187315,2.907719332260053,2.907719332260053,2.907719332260053,-1.1667503843743374,-1.1667503843743374,-1.1667503843743374,4.074469716634391,4.074469716634391,4.074469716634391,0.0,0.0,0.0,166.7682043741332
2022-02-16,163.99919947135473,157.9066277481911,174.4735653313143,163.99919947135473,163.99919947135473,2.1757379402373522,2.1757379402373522,2.1757379402373522,-1.2655538951696104,-1.2655538951696104,-1.2655538951696104,3.4412918354069624,3.4412918354069624,3.4412918354069624,0.0,0.0,0.0,166.17493741159208
2022-02-17,164.1379139008363,157.37453712517922,173.40458841510116,164.1379139008363,164.1379139008363,1.4072999845791132,1.4072999845791132,1.4072999845791132,-1.3636887768336245,-1.3636887768336245,-1.3636887768336245,2.7709887614127378,2.7709887614127378,2.7709887614127378,0.0,0.0,0.0,165.54521388541542
2022-02-18,164.27662833031786,156.9334491134393,173.79870576030498,164.27662833031786,164.27662833031786,0.823728794736889,0.823728794736889,0.823728794736889,-1.2444231541404602,-1.2444231541404602,-1.2444231541404602,2.0681519488773494,2.0681519488773494,2.0681519488773494,0.0,0.0,0.0,165.10035712505476
2022-02-22,164.8314860482441,155.04582913482992,171.22272611679827,164.8314860482441,164.8314860482441,-2.129229509949463,-2.129229509949463,-2.129229509949463,-1.166750384373202,-1.166750384373202,-1.166750384373202,-0.9624791255762613,-0.9624791255762613,-0.9624791255762613,0.0,0.0,0.0,162.70225653829465
2022-02-23,164.97020047772568,153.76974666573454,170.4109478336027,164.97020047772568,164.97020047772568,-3.011482413962221,-3.011482413962221,-3.011482413962221,-1.265553895169689,-1.265553895169689,-1.265553895169689,-1.745928518792532,-1.745928518792532,-1.745928518792532,0.0,0.0,0.0,161.95871806376346
2022-02-24,165.10891490720726,152.53877525076663,169.62547186851452,165.10891490720726,165.10891490720726,-3.8912235396509542,-3.8912235396509542,-3.8912235396509542,-1.3636887768331731,-1.3636887768331731,-1.3636887768331731,-2.5275347628177816,-2.5275347628177816,-2.5275347628177816,0.0,0.0,0.0,161.2176913675563
2022-02-25,165.24762933668882,153.04141824652058,169.85895122263378,165.24762933668882,165.24762933668882,-4.545609451677083,-4.545609451677083,-4.545609451677083,-1.2444231541374229,-1.2444231541374229,-1.2444231541374229,-3.30118629753966,-3.30118629753966,-3.30118629753966,0.0,0.0,0.0,160.70201988501174
2022-02-28,165.66377262513353,151.00855235828163,167.47263184285035,165.66377262513353,165.66377262513353,-6.630139240014462,-6.630139240014462,-6.630139240014462,-1.1144795683881095,-1.1144795683881095,-1.1144795683881095,-5.515659671626353,-5.515659671626353,-5.515659671626353,0.0,0.0,0.0,159.03363338511906
2022-03-01,165.80248705461506,149.85555081897337,166.47720267756412,165.80248705461506,165.80248705461506,-7.36686757551502,-7.36686757551502,-7.36686757551502,-1.1667503843737432,-1.1667503843737432,-1.1667503843737432,-6.200117191141276,-6.200117191141276,-6.200117191141276,0.0,0.0,0.0,158.43561947910004
2022-03-02,165.9412014840966,149.21307776208843,166.56330830369677,165.9412014840966,165.9412014840966,-8.115138473034138,-8.115138473034138,-8.115138473034138,-1.2655538951698007,-1.2655538951698007,-1.2655538951698007,-6.84958457786434,-6.84958457786434,-6.84958457786434,0.0,0.0,0.0,157.82606301106247
2022-03-03,166.07991591357822,148.1906204249045,165.44043739460307,166.07991591357822,166.07991591357822,-8.823591694885346,-8.823591694885346,-8.823591694885346,-1.363688776829948,-1.363688776829948,-1.363688776829948,-7.459902918055397,-7.459902918055397,-7.459902918055397,0.0,0.0,0.0,157.25632421869287
2022-03-04,166.21863034305977,148.87146561977883,165.17100092172652,166.21863034305977,166.21863034305977,-9.27190319470271,-9.27190319470271,-9.27190319470271,-1.244423154137333,-1.244423154137333,-1.244423154137333,-8.027480040565377,-8.027480040565377,-8.027480040565377,0.0,0.0,0.0,156.94672714835707
2022-03-07,166.6347736315045,148.01634241694325,164.7427870122814,166.6347736315045,166.6347736315045,-10.56173838640392,-10.56173838640392,-10.56173838640392,-1.1144795683880513,-1.1144795683880513,-1.1144795683880513,-9.447258818015868,-9.447258818015868,-9.447258818015868,0.0,0.0,0.0,156.07303524510056
2022-03-08,166.77348806098604,147.6283843846543,164.01298966163907,166.77348806098604,166.77348806098604,-10.98745885147143,-10.98745885147143,-10.98745885147143,-1.166750384372608,-1.166750384372608,-1.166750384372608,-9.820708467098823,-9.820708467098823,-9.820708467098823,0.0,0.0,0.0,155.7860292095146
2022-03-09,166.91220249046756,147.05489221908996,163.9663138131867,166.91220249046756,166.91220249046756,-11.408780438996393,-11.408780438996393,-11.408780438996393,-1.2655538951693388,-1.2655538951693388,-1.2655538951693388,-10.143226543827055,-10.143226543827055,-10.143226543827055,0.0,0.0,0.0,155.50342205147118
2022-03-10,167.05091691994915,146.61416950162413,163.65810478191236,167.05091691994915,167.05091691994915,-11.778913542933251,-11.778913542933251,-11.778913542933251,-1.3636887768311132,-1.3636887768311132,-1.3636887768311132,-10.415224766102138,-10.415224766102138,-10.415224766102138,0.0,0.0,0.0,155.2720033770159
2022-03-11,167.18963134943073,147.15565465463084,163.54351732599784,167.18963134943073,167.18963134943073,-11.882198499982621,-11.882198499982621,-11.882198499982621,-1.2444231541313489,-1.2444231541313489,-1.2444231541313489,-10.637775345851272,-10.637775345851272,-10.637775345851272,0.0,0.0,0.0,155.3074328494481
2022-03-14,167.6057746378754,147.59710389827256,164.2923336956937,167.6057746378754,167.6057746378754,-12.143092306849564,-12.143092306849564,-12.143092306849564,-1.1144795683785875,-1.1144795683785875,-1.1144795683785875,-11.028612738470978,-11.028612738470978,-11.028612738470978,0.0,0.0,0.0,155.46268233102586
2022-03-15,167.744489067357,146.8850229423518,164.4229726354106,167.744489067357,167.744489067357,-12.24269886860715,-12.24269886860715,-12.24269886860715,-1.1667503843731495,-1.1667503843731495,-1.1667503843731495,-11.075948484234003,-11.075948484234003,-11.075948484234003,0.0,0.0,0.0,155.50179019874986
2022-03-16,167.88320349683855,146.94022839885153,164.10125155819244,167.88320349683855,167.88320349683855,-12.353169562348874,-12.353169562348874,-12.353169562348874,-1.2655538951694503,-1.2655538951694503,-1.2655538951694503,-11.087615667179424,-11.087615667179424,-11.087615667179424,0.0,0.0,0.0,155.53003393448967
2022-03-17,168.0219179263201,147.08647239886807,164.42597197500035,168.0219179263201,168.0219179263201,-12.431320961422628,-12.431320961422628,-12.431320961422628,-1.3636887768322785,-1.3636887768322785,-1.3636887768322785,-11.067632184590348,-11.067632184590348,-11.067632184590348,0.0,0.0,0.0,155.5905969648975
2022-03-18,168.16063235580165,147.2857780937906,163.96897558342638,168.16063235580165,168.16063235580165,-12.264688485256755,-12.264688485256755,-12.264688485256755,-1.2444231541312587,-1.2444231541312587,-1.2444231541312587,-11.020265331125497,-11.020265331125497,-11.020265331125497,0.0,0.0,0.0,155.8959438705449
2022-03-21,168.57677564424637,148.57640800558596,164.48643891303544,168.57677564424637,168.57677564424637,-11.87304435005116,-11.87304435005116,-11.87304435005116,-1.1144795683815183,-1.1144795683815183,-1.1144795683815183,-10.75856478166964,-10.75856478166964,-10.75856478166964,0.0,0.0,0.0,156.70373129419522
2022-03-22,168.71549007372795,148.0865520041316,164.79496782870515,168.71549007372795,168.71549007372795,-11.813218563919113,-11.813218563919113,-11.813218563919113,-1.1667503843703366,-1.1667503843703366,-1.1667503843703366,-10.646468179548776,-10.646468179548776,-10.646468179548776,0.0,0.0,0.0,156.90227150980883
2022-03-23,168.8542045032095,148.96731574584655,165.13219790489777,168.8542045032095,168.8542045032095,-11.794770649206114,-11.794770649206114,-11.794770649206114,-1.2655538951695622,-1.2655538951695622,-1.2655538951695622,-10.529216754036552,-10.529216754036552,-10.529216754036552,0.0,0.0,0.0,157.05943385400337
2022-03-24,168.99291893269108,148.7930384827696,165.35165802194027,168.99291893269108,168.99291893269108,-11.774575411126825,-11.774575411126825,-11.774575411126825,-1.3636887768318267,-1.3636887768318267,-1.3636887768318267,-10.410886634295,-10.410886634295,-10.410886634295,0.0,0.0,0.0,157.21834352156426
2022-03-25,169.1316333621726,149.7136860212687,166.4690104837344,169.1316333621726,169.1316333621726,-11.539691541721856,-11.539691541721856,-11.539691541721856,-1.2444231541412536,-1.2444231541412536,-1.2444231541412536,-10.295268387580602,-10.295268387580602,-10.295268387580602,0.0,0.0,0.0,157.59194182045076
2022-03-28,169.5477766506173,149.8557961859175,167.1233346604961,169.5477766506173,169.5477766506173,-11.111674764957431,-11.111674764957431,-11.111674764957431,-1.1144795683844493,-1.1144795683844493,-1.1144795683844493,-9.997195196572982,-9.997195196572982,-9.997195196572982,0.0,0.0,0.0,158.43610188565987
2022-03-29,169.38990504982843,149.74886751429253,166.23675775152864,169.38990504982843,169.38990504982843,-11.089602535475588,-11.089602535475588,-11.089602535475588,-1.1667503843708782,-1.1667503843708782,-1.1667503843708782,-9.92285215110471,-9.92285215110471,-9.92285215110471,0.0,0.0,0.0,158.30030251435284
2022-03-30,169.23203344903956,149.47059638291893,166.82183624088364,169.23203344903956,169.23203344903956,-11.129811015709503,-11.129811015709503,-11.129811015709503,-1.2655538951691006,-1.2655538951691006,-1.2655538951691006,-9.864257120540403,-9.864257120540403,-9.864257120540403,0.0,0.0,0.0,158.10222243333007
2022-03-31,169.07416184825072,149.65086390761613,166.11950198358164,169.07416184825072,169.07416184825072,-11.18633371462105,-11.18633371462105,-11.18633371462105,-1.3636887768313752,-1.3636887768313752,-1.3636887768313752,-9.822644937789676,-9.822644937789676,-9.822644937789676,0.0,0.0,0.0,157.88782813362968
2022-04-01,168.91629024746186,149.3681941766572,166.01107080973114,168.91629024746186,168.91629024746186,-11.043201667799082,-11.043201667799082,-11.043201667799082,-1.2444231541382167,-1.2444231541382167,-1.2444231541382167,-9.798778513660867,-9.798778513660867,-9.798778513660867,0.0,0.0,0.0,157.87308857966278
2022-04-04,168.44267544509526,149.0757075527106,165.6783415971751,168.44267544509526,168.44267544509526,-10.949049333676271,-10.949049333676271,-10.949049333676271,-1.1144795683843913,-1.1144795683843913,-1.1144795683843913,-9.83456976529188,-9.83456976529188,-9.83456976529188,0.0,0.0,0.0,157.493626111419
2022-04-05,168.2848038443064,148.32342168179227,165.465884755853,168.2848038443064,168.2848038443064,-11.047319958726817,-11.047319958726817,-11.047319958726817,-1.1667503843738942,-1.1667503843738942,-1.1667503843738942,-9.880569574352922,-9.880569574352922,-9.880569574352922,0.0,0.0,0.0,157.2374838855796
2022-04-06,168.12693224351756,148.82923006093972,165.532405911686,168.12693224351756,168.12693224351756,-11.207415976272202,-11.207415976272202,-11.207415976272202,-1.2655538951691787,-1.2655538951691787,-1.2655538951691787,-9.941862081103023,-9.941862081103023,-9.941862081103023,0.0,0.0,0.0,156.91951626724534
2022-04-07,167.9690606427287,148.37458678792748,164.3324230453656,167.9690606427287,167.9690606427287,-11.380663895135164,-11.380663895135164,-11.380663895135164,-1.3636887768325403,-1.3636887768325403,-1.3636887768325403,-10.016975118302623,-10.016975118302623,-10.016975118302623,0.0,0.0,0.0,156.58839674759352
2022-04-08,167.81118904193985,147.93940453698335,164.4358353270289,167.81118904193985,167.81118904193985,-11.348649895156223,-11.348649895156223,-11.348649895156223,-1.2444231541351796,-1.2444231541351796,-1.2444231541351796,-10.104226741021042,-10.104226741021042,-10.104226741021042,0.0,0.0,0.0,156.46253914678363
2022-04-11,167.33757423957326,147.4886741326327,163.9929420318702,167.33757423957326,167.33757423957326,-11.534523594997403,-11.534523594997403,-11.534523594997403,-1.1144795683843332,-1.1144795683843332,-1.1144795683843332,-10.42004402661307,-10.42004402661307,-10.42004402661307,0.0,0.0,0.0,155.80305064457585
2022-04-12,167.17970263878442,147.41686259369786,163.54181057065426,167.17970263878442,167.17970263878442,-11.703578397264234,-11.703578397264234,-11.703578397264234,-1.1667503843727585,-1.1667503843727585,-1.1667503843727585,-10.536828012891478,-10.536828012891478,-10.536828012891478,0.0,0.0,0.0,155.47612424152018
2022-04-13,167.02183103799555,147.25574483960494,163.91463348528666,167.02183103799555,167.02183103799555,-11.921729516123241,-11.921729516123241,-11.921729516123241,-1.265553895169324,-1.265553895169324,-1.265553895169324,-10.656175620953917,-10.656175620953917,-10.656175620953917,0.0,0.0,0.0,155.10010152187232
2022-04-14,166.8639594372067,146.83099642451884,163.23360643370066,166.8639594372067,166.8639594372067,-12.140000641397831,-12.140000641397831,-12.140000641397831,-1.3636887768337054,-1.3636887768337054,-1.3636887768337054,-10.776311864564127,-10.776311864564127,-10.776311864564127,0.0,0.0,0.0,154.72395879580887
2022-04-18,166.23247303405125,144.98933492204628,161.76241035712292,166.23247303405125,166.23247303405125,-12.349700311079662,-12.349700311079662,-12.349700311079662,-1.1144795683872644,-1.1144795683872644,-1.1144795683872644,-11.235220742692398,-11.235220742692398,-11.235220742692398,0.0,0.0,0.0,153.8827727229716
2022-04-19,166.0746014332624,145.19117725423547,161.40798967120287,166.0746014332624,166.0746014332624,-12.505763153068703,-12.505763153068703,-12.505763153068703,-1.1667503843716232,-1.1667503843716232,-1.1667503843716232,-11.339012768697081,-11.339012768697081,-11.339012768697081,0.0,0.0,0.0,153.5688382801937
2022-04-20,165.91672983247355,144.93562089270753,161.31959050061758,165.91672983247355,165.91672983247355,-12.70259403554727,-12.70259403554727,-12.70259403554727,-1.2655538951694023,-1.2655538951694023,-1.2655538951694023,-11.437040140377865,-11.437040140377865,-11.437040140377865,0.0,0.0,0.0,153.21413579692629
2022-04-21,165.75885823168468,145.1019453654966,160.605120533691,165.75885823168468,165.75885823168468,-12.892711705944931,-12.892711705944931,-12.892711705944931,-1.3636887768304806,-1.3636887768304806,-1.3636887768304806,-11.529022929114452,-11.529022929114452,-11.529022929114452,0.0,0.0,0.0,152.86614652573977
2022-04-22,165.60098663089582,143.75998985502582,161.16047631480035,165.60098663089582,165.60098663089582,-12.85932625654084,-12.85932625654084,-12.85932625654084,-1.2444231541421373,-1.2444231541421373,-1.2444231541421373,-11.614903102398701,-11.614903102398701,-11.614903102398701,0.0,0.0,0.0,152.74166037435498
2022-04-25,165.12737182852925,143.83740491227854,160.62493290320796,165.12737182852925,165.12737182852925,-12.952691014663067,-12.952691014663067,-12.952691014663067,-1.1144795683901951,-1.1144795683901951,-1.1144795683901951,-11.838211446272874,-11.838211446272874,-11.838211446272874,0.0,0.0,0.0,152.1746808138662
2022-04-26,164.96950022774038,143.44378703441538,160.5389237502088,164.96950022774038,164.96950022774038,-13.069464788248673,-13.069464788248673,-13.069464788248673,-1.1667503843746387,-1.1667503843746387,-1.1667503843746387,-11.902714403874034,-11.902714403874034,-11.902714403874034,0.0,0.0,0.0,151.90003543949172
2022-04-27,164.81162862695152,142.96365590548606,160.10964246429262,164.81162862695152,164.81162862695152,-13.228813997475282,-13.228813997475282,-13.228813997475282,-1.2655538951695144,-1.2655538951695144,-1.2655538951695144,-11.963260102305767,-11.963260102305767,-11.963260102305767,0.0,0.0,0.0,151.58281462947625
2022-04-28,164.65375702616262,142.90776895767343,159.17650941283077,164.65375702616262,164.65375702616262,-13.384215807993211,-13.384215807993211,-13.384215807993211,-1.3636887768300288,-1.3636887768300288,-1.3636887768300288,-12.020527031163184,-12.020527031163184,-12.020527031163184,0.0,0.0,0.0,151.26954121816942
2022-04-29,164.49588542537379,142.35111470403888,159.85192764399244,164.49588542537379,164.49588542537379,-13.319610964726209,-13.319610964726209,-13.319610964726209,-1.2444231541420474,-1.2444231541420474,-1.2444231541420474,-12.075187810584161,-12.075187810584161,-12.075187810584161,0.0,0.0,0.0,151.17627446064756
2022-05-02,164.02227062300722,142.31443256738163,159.15635908148724,164.02227062300722,164.02227062300722,-13.343874907672529,-13.343874907672529,-13.343874907672529,-1.1144795683807314,-1.1144795683807314,-1.1144795683807314,-12.229395339291798,-12.229395339291798,-12.229395339291798,0.0,0.0,0.0,150.6783957153347
2022-05-03,163.86439902221835,141.869171493768,158.4356831646075,163.86439902221835,163.86439902221835,-13.445725528860738,-13.445725528860738,-13.445725528860738,-1.166750384373503,-1.166750384373503,-1.166750384373503,-12.278975144487234,-12.278975144487234,-12.278975144487234,0.0,0.0,0.0,150.4186734933576
2022-05-04,163.70652742142948,142.30755066768222,159.09167033757805,163.70652742142948,163.70652742142948,-13.593561133414777,-13.593561133414777,-13.593561133414777,-1.2655538951695924,-1.2655538951695924,-1.2655538951695924,-12.328007238245187,-12.328007238245187,-12.328007238245187,0.0,0.0,0.0,150.11296628801472
2022-05-05,163.54865582064062,140.67554202200085,157.48423927481792,163.54865582064062,163.54865582064062,-13.740144374523146,-13.740144374523146,-13.740144374523146,-1.363688776832811,-1.363688776832811,-1.363688776832811,-12.376455597690335,-12.376455597690335,-12.376455597690335,0.0,0.0,0.0,149.80851144611748
2022-05-06,163.39078421985175,141.59012767696282,157.783437704829,163.39078421985175,163.39078421985175,-13.668521716487119,-13.668521716487119,-13.668521716487119,-1.244423154136063,-1.244423154136063,-1.244423154136063,-12.424098562351057,-12.424098562351057,-12.424098562351057,0.0,0.0,0.0,149.72226250336465
2022-05-09,162.91716941748518,140.59292292879474,157.69444686670806,162.91716941748518,162.91716941748518,-13.671667195876392,-13.671667195876392,-13.671667195876392,-1.1144795683836626,-1.1144795683836626,-1.1144795683836626,-12.557187627492729,-12.557187627492729,-12.557187627492729,0.0,0.0,0.0,149.2455022216088
2022-05-10,162.75929781669635,141.08456545226437,157.1613163781118,162.75929781669635,162.75929781669635,-13.762482586782829,-13.762482586782829,-13.762482586782829,-1.166750384374045,-1.166750384374045,-1.166750384374045,-12.595732202408785,-12.595732202408785,-12.595732202408785,0.0,0.0,0.0,148.99681522991352
2022-05-11,162.60142621590748,140.59605902600865,156.56903438131033,162.60142621590748,162.60142621590748,-13.895277602472582,-13.895277602472582,-13.895277602472582,-1.265553895169704,-1.265553895169704,-1.265553895169704,-12.629723707302878,-12.629723707302878,-12.629723707302878,0.0,0.0,0.0,148.7061486134349
2022-05-12,162.44355461511861,139.6870551827675,156.86543373470622,162.44355461511861,162.44355461511861,-14.021691625824884,-14.021691625824884,-14.021691625824884,-1.3636887768323593,-1.3636887768323593,-1.3636887768323593,-12.658002848992528,-12.658002848992528,-12.658002848992528,0.0,0.0,0.0,148.42186298929374
2022-05-13,162.28568301432975,140.04228645506012,156.6937898657174,162.28568301432975,162.28568301432975,-13.923761259824206,-13.923761259824206,-13.923761259824206,-1.2444231541359727,-1.2444231541359727,-1.2444231541359727,-12.679338105688233,-12.679338105688233,-12.679338105688233,0.0,0.0,0.0,148.36192175450554
2022-05-16,161.81206821196318,139.71147797442262,156.50906938482382,161.81206821196318,161.81206821196318,-13.803513338965214,-13.803513338965214,-13.803513338965214,-1.1144795683865931,-1.1144795683865931,-1.1144795683865931,-12.68903377057862,-12.68903377057862,-12.68903377057862,0.0,0.0,0.0,148.00855487299796
2022-05-17,161.6541966111743,139.1218009930535,156.0131434101809,161.6541966111743,161.6541966111743,-13.83684830411642,-13.83684830411642,-13.83684830411642,-1.1667503843712321,-1.1667503843712321,-1.1667503843712321,-12.670097919745189,-12.670097919745189,-12.670097919745189,0.0,0.0,0.0,147.8173483070579
2022-05-18,161.49632501038545,139.6805698295593,155.82560494089225,161.49632501038545,161.49632501038545,-13.903804582171501,-13.903804582171501,-13.903804582171501,-1.2655538951692424,-1.2655538951692424,-1.2655538951692424,-12.638250687002259,-12.638250687002259,-12.638250687002259,0.0,0.0,0.0,147.59252042821396
2022-05-19,161.3384534095966,139.0896423986077,155.80066474099442,161.3384534095966,161.3384534095966,-13.956279083115032,-13.956279083115032,-13.956279083115032,-1.3636887768335242,-1.3636887768335242,-1.3636887768335242,-12.592590306281505,-12.592590306281505,-12.592590306281505,0.0,0.0,0.0,147.3821743264816
2022-05-20,161.18058180880774,139.77196435487525,155.86571086213408,161.18058180880774,161.18058180880774,-13.77680950288441,-13.77680950288441,-13.77680950288441,-1.2444231541358826,-1.2444231541358826,-1.2444231541358826,-12.532386348748528,-12.532386348748528,-12.532386348748528,0.0,0.0,0.0,147.40377230592333
2022-05-23,160.70696700644118,138.99528524475292,155.26890037058322,160.70696700644118,160.70696700644118,-13.374704839663982,-13.374704839663982,-13.374704839663982,-1.1144795683741406,-1.1144795683741406,-1.1144795683741406,-12.26022527128984,-12.26022527128984,-12.26022527128984,0.0,0.0,0.0,147.33226216677718
2022-05-24,160.54909540565234,139.40181007269305,154.73791532473777,160.54909540565234,160.54909540565234,-13.305405571402497,-13.305405571402497,-13.305405571402497,-1.1667503843717735,-1.1667503843717735,-1.1667503843717735,-12.138655187030723,-12.138655187030723,-12.138655187030723,0.0,0.0,0.0,147.24368983424984
2022-05-25,160.39430226464202,138.5231865852392,155.27097261140278,160.39430226464202,160.39430226464202,-13.267608433571391,-13.267608433571391,-13.267608433571391,-1.2655538951693541,-1.2655538951693541,-1.2655538951693541,-12.002054538402037,-12.002054538402037,-12.002054538402037,0.0,0.0,0.0,147.12669383107064
2022-05-26,160.23950912363176,138.8713234906102,155.48460622723542,160.23950912363176,160.23950912363176,-13.214672895252777,-13.214672895252777,-13.214672895252777,-1.3636887768302997,-1.3636887768302997,-1.3636887768302997,-11.850984118422476,-11.850984118422476,-11.850984118422476,0.0,0.0,0.0,147.02483622837897
2022-05-27,160.0847159826215,138.74063069488423,155.3115598862982,160.0847159826215,160.0847159826215,-12.930622456314865,-12.930622456314865,-12.930622456314865,-1.2444231541328454,-1.2444231541328454,-1.2444231541328454,-11.686199302182018,-11.686199302182018,-11.686199302182018,0.0,0.0,0.0,147.15409352630664
2022-05-31,159.46554341858032,139.204794624765,155.99353248681228,159.46554341858032,159.46554341858032,-12.07706283867557,-12.07706283867557,-12.07706283867557,-1.1667503843723148,-1.1667503843723148,-1.1667503843723148,-10.910312454303256,-10.910312454303256,-10.910312454303256,0.0,0.0,0.0,147.38848057990475
2022-06-01,159.31075027757004,139.75953685529876,155.18430075714497,159.31075027757004,159.31075027757004,-11.958641200408497,-11.958641200408497,-11.958641200408497,-1.2655538951694323,-1.2655538951694323,-1.2655538951694323,-10.693087305239064,-10.693087305239064,-10.693087305239064,0.0,0.0,0.0,147.35210907716154
2022-06-02,159.15595713655978,139.64027374775665,155.947624927506,159.15595713655978,159.15595713655978,-11.83273115707079,-11.83273115707079,-11.83273115707079,-1.363688776831465,-1.363688776831465,-1.363688776831465,-10.469042380239324,-10.469042380239324,-10.469042380239324,0.0,0.0,0.0,147.323225979489
2022-06-03,159.00116399554946,139.60396194853368,156.14226774046898,159.00116399554946,159.00116399554946,-11.48377519920987,-11.48377519920987,-11.48377519920987,-1.2444231541457875,-1.2444231541457875,-1.2444231541457875,-10.239352045064082,-10.239352045064082,-10.239352045064082,0.0,0.0,0.0,147.5173887963396
2022-06-06,158.53678457251863,139.88597632175112,156.1061520649466,158.53678457251863,158.53678457251863,-10.640797726145188,-10.640797726145188,-10.640797726145188,-1.1144795683800028,-1.1144795683800028,-1.1144795683800028,-9.526318157765186,-9.526318157765186,-9.526318157765186,0.0,0.0,0.0,147.89598684637343
2022-06-07,158.38199143150834,139.33936390205346,156.4042550118431,158.38199143150834,158.38199143150834,-10.449836600076917,-10.449836600076917,-10.449836600076917,-1.1667503843711795,-1.1667503843711795,-1.1667503843711795,-9.283086215705739,-9.283086215705739,-9.283086215705739,0.0,0.0,0.0,147.93215483143143
2022-06-08,158.22719829049805,139.81443143871059,155.97486865629952,158.22719829049805,158.22719829049805,-10.303308061424904,-10.303308061424904,-10.303308061424904,-1.2655538951695773,-1.2655538951695773,-1.2655538951695773,-9.037754166255324,-9.037754166255324,-9.037754166255324,0.0,0.0,0.0,147.92389022907315
2022-06-09,158.07240514948776,139.45538032460234,156.2323668824236,158.07240514948776,158.07240514948776,-10.154048274254198,-10.154048274254198,-10.154048274254198,-1.3636887768326298,-1.3636887768326298,-1.3636887768326298,-8.790359497421568,-8.790359497421568,-8.790359497421568,0.0,0.0,0.0,147.91835687523357
2022-06-10,157.91761200847745,140.16964346543645,156.64839429745996,157.91761200847745,157.91761200847745,-9.785101789276446,-9.785101789276446,-9.785101789276446,-1.244423154139803,-1.244423154139803,-1.244423154139803,-8.540678635136643,-8.540678635136643,-8.540678635136643,0.0,0.0,0.0,148.132510219201
2022-06-13,157.4532325854466,139.84958583951143,156.8442850916337,157.4532325854466,157.4532325854466,-8.88632150033712,-8.88632150033712,-8.88632150033712,-1.1144795683829334,-1.1144795683829334,-1.1144795683829334,-7.771841931954185,-7.771841931954185,-7.771841931954185,0.0,0.0,0.0,148.5669110851095
2022-06-14,157.29843944443633,140.057499875231,156.8496287597286,157.29843944443633,157.29843944443633,-8.672518617559982,-8.672518617559982,-8.672518617559982,-1.166750384375873,-1.166750384375873,-1.166750384375873,-7.505768233184107,-7.505768233184107,-7.505768233184107,0.0,0.0,0.0,148.62592082687635
2022-06-15,157.14364630342604,140.2907859657324,156.5861232380142,157.14364630342604,157.14364630342604,-8.498262879541139,-8.498262879541139,-8.498262879541139,-1.2655538951696559,-1.2655538951696559,-1.2655538951696559,-7.232708984371484,-7.232708984371484,-7.232708984371484,0.0,0.0,0.0,148.6453834238849
2022-06-16,156.98885316241578,140.33235075349842,156.39235879140398,156.98885316241578,156.98885316241578,-8.314886502923763,-8.314886502923763,-8.314886502923763,-1.363688776833795,-1.363688776833795,-1.363688776833795,-6.951197726089967,-6.951197726089967,-6.951197726089967,0.0,0.0,0.0,148.673966659492
2022-06-17,156.83406002140546,140.83615648366194,157.74681394749166,156.83406002140546,156.83406002140546,-7.904115503030951,-7.904115503030951,-7.904115503030951,-1.2444231541397133,-1.2444231541397133,-1.2444231541397133,-6.659692348891238,-6.659692348891238,-6.659692348891238,0.0,0.0,0.0,148.9299445183745
2022-06-21,156.21488745736434,141.83961698255584,157.6496852365411,156.21488745736434,156.21488745736434,-6.530171546019284,-6.530171546019284,-6.530171546019284,-1.1667503843730598,-1.1667503843730598,-1.1667503843730598,-5.363421161646224,-5.363421161646224,-5.363421161646224,0.0,0.0,0.0,149.68471591134505
2022-06-22,156.06009431635405,141.57407024770686,157.89819510723842,156.06009431635405,156.06009431635405,-6.265746847953802,-6.265746847953802,-6.265746847953802,-1.2655538951692278,-1.2655538951692278,-1.2655538951692278,-5.000192952784575,-5.000192952784575,-5.000192952784575,0.0,0.0,0.0,149.79434746840025
2022-06-23,155.90530117534374,141.92846910942822,157.85645148862207,155.90530117534374,155.90530117534374,-5.983079675126249,-5.983079675126249,-5.983079675126249,-1.3636887768333432,-1.3636887768333432,-1.3636887768333432,-4.619390898292906,-4.619390898292906,-4.619390898292906,0.0,0.0,0.0,149.9222215002175
2022-06-24,155.75050803433345,141.4752819681467,158.9096093620361,155.75050803433345,155.75050803433345,-5.465006077509545,-5.465006077509545,-5.465006077509545,-1.244423154136676,-1.244423154136676,-1.244423154136676,-4.22058292337287,-4.22058292337287,-4.22058292337287,0.0,0.0,0.0,150.2855019568239
2022-06-27,155.28612861130262,143.0328781401754,160.25191303934938,155.28612861130262,155.28612861130262,-4.032148254505845,-4.032148254505845,-4.032148254505845,-1.1144795683887954,-1.1144795683887954,-1.1144795683887954,-2.9176686861170498,-2.9176686861170498,-2.9176686861170498,0.0,0.0,0.0,151.25398035679677
2022-06-28,155.13133547029233,143.04855971785233,159.78843376793833,155.13133547029233,155.13133547029233,-3.617304475631259,-3.617304475631259,-3.617304475631259,-1.1667503843736018,-1.1667503843736018,-1.1667503843736018,-2.450554091257657,-2.450554091257657,-2.450554091257657,0.0,0.0,0.0,151.51403099466106
2022-06-29,154.97654232928204,143.61762928257218,159.26504298083617,154.97654232928204,154.97654232928204,-3.235076934983174,-3.235076934983174,-3.235076934983174,-1.265553895169306,-1.265553895169306,-1.265553895169306,-1.9695230398138681,-1.9695230398138681,-1.9695230398138681,0.0,0.0,0.0,151.74146539429887
2022-06-30,154.82174918827172,144.146109992157,160.1252214254115,154.82174918827172,154.82174918827172,-2.840447050940464,-2.840447050940464,-2.840447050940464,-1.3636887768301185,-1.3636887768301185,-1.3636887768301185,-1.4767582741103455,-1.4767582741103455,-1.4767582741103455,0.0,0.0,0.0,151.98130213733126
2022-07-01,154.66695604726146,144.44150098899107,160.63188865684316,154.66695604726146,154.66695604726146,-2.2193040621548508,-2.2193040621548508,-2.2193040621548508,-1.2444231541336388,-1.2444231541336388,-1.2444231541336388,-0.9748809080212122,-0.9748809080212122,-0.9748809080212122,0.0,0.0,0.0,152.4476519851066
2022-07-05,154.0477834832203,145.30274102800968,162.3762329991427,154.0477834832203,154.0477834832203,-0.10862649962301053,-0.10862649962301053,-0.10862649962301053,-1.1667503843724658,-1.1667503843724658,-1.1667503843724658,1.0581238847494554,1.0581238847494554,1.0581238847494554,0.0,0.0,0.0,153.9391569835973
2022-07-06,153.89299034221003,145.82892252364226,162.7878966476804,153.89299034221003,153.89299034221003,0.28826159252623906,0.28826159252623906,0.28826159252623906,-1.265553895169384,-1.265553895169384,-1.265553895169384,1.5538154876956232,1.5538154876956232,1.5538154876956232,0.0,0.0,0.0,154.18125193473625
2022-07-07,153.73819720119977,146.10890481474843,162.07710493145441,153.73819720119977,153.73819720119977,0.6726057662500248,0.6726057662500248,0.6726057662500248,-1.3636887768296668,-1.3636887768296668,-1.3636887768296668,2.0362945430796917,2.0362945430796917,2.0362945430796917,0.0,0.0,0.0,154.4108029674498
2022-07-08,153.58340406018945,147.1091265927839,163.428035753755,153.58340406018945,153.58340406018945,1.2569667909875806,1.2569667909875806,1.2569667909875806,-1.2444231541306017,-1.2444231541306017,-1.2444231541306017,2.5013899451181825,2.5013899451181825,2.5013899451181825,0.0,0.0,0.0,154.84037085117703
2022-07-11,153.11902463715862,147.00844909198906,163.98176518363783,153.11902463715862,153.11902463715862,2.6382620306691686,2.6382620306691686,2.6382620306691686,-1.1144795683792736,-1.1144795683792736,-1.1144795683792736,3.752741599048443,3.752741599048443,3.752741599048443,0.0,0.0,0.0,155.7572866678278
2022-07-12,152.96423149614833,147.63338431409286,164.18101451102623,152.96423149614833,152.96423149614833,2.9432644486196855,2.9432644486196855,2.9432644486196855,-1.1667503843713305,-1.1667503843713305,-1.1667503843713305,4.110014832991016,4.110014832991016,4.110014832991016,0.0,0.0,0.0,155.90749594476802
2022-07-13,152.809438355138,147.95075509723205,164.63136143331366,152.809438355138,152.809438355138,3.1668644760871585,3.1668644760871585,3.1668644760871585,-1.2655538951695295,-1.2655538951695295,-1.2655538951695295,4.432418371256688,4.432418371256688,4.432418371256688,0.0,0.0,0.0,155.97630283122518
2022-07-14,152.65464521412775,148.32579597044756,163.98826030928157,152.65464521412775,152.65464521412775,3.3540570704635755,3.3540570704635755,3.3540570704635755,-1.3636887768324486,-1.3636887768324486,-1.3636887768324486,4.717745847296024,4.717745847296024,4.717745847296024,0.0,0.0,0.0,156.00870228459132
2022-07-15,152.49985207311744,147.9763240417393,164.3335354459926,152.49985207311744,152.49985207311744,3.7199737061044114,3.7199737061044114,3.7199737061044114,-1.2444231541305117,-1.2444231541305117,-1.2444231541305117,4.964396860234923,4.964396860234923,4.964396860234923,0.0,0.0,0.0,156.21982577922185
2022-07-18,152.0354726500866,148.34200878658316,164.75974487265637,152.0354726500866,152.0354726500866,4.351950308201405,4.351950308201405,4.351950308201405,-1.1144795683792157,-1.1144795683792157,-1.1144795683792157,5.466429876580622,5.466429876580622,5.466429876580622,0.0,0.0,0.0,156.387422958288
2022-07-19,151.88067950907632,147.89488219322683,164.44116050070113,151.88067950907632,151.88067950907632,4.389361713427833,4.389361713427833,4.389361713427833,-1.1667503843743463,-1.1667503843743463,-1.1667503843743463,5.556112097802179,5.556112097802179,5.556112097802179,0.0,0.0,0.0,156.27004122250415
2022-07-20,151.725886368066,147.32330946214762,164.12715888210437,151.725886368066,151.725886368066,4.344065870329986,4.344065870329986,4.344065870329986,-1.2655538951696077,-1.2655538951696077,-1.2655538951696077,5.609619765499595,5.609619765499595,5.609619765499595,0.0,0.0,0.0,156.06995223839598
2022-07-21,151.57109322705577,147.5434513695022,164.45462133748356,151.57109322705577,151.57109322705577,4.265932998993812,4.265932998993812,4.265932998993812,-1.3636887768319972,-1.3636887768319972,-1.3636887768319972,5.629621775825809,5.629621775825809,5.629621775825809,0.0,0.0,0.0,155.83702622604957
2022-07-22,151.4163000860455,147.39842699799348,163.88437753237477,151.4163000860455,151.4163000860455,4.375032013330013,4.375032013330013,4.375032013330013,-1.2444231541405069,-1.2444231541405069,-1.2444231541405069,5.6194551674705195,5.6194551674705195,5.6194551674705195,0.0,0.0,0.0,155.79133209937552
2022-07-25,151.07610904344855,147.2427641261308,163.79667716558322,151.07610904344855,151.07610904344855,4.335562110543945,4.335562110543945,4.335562110543945,-1.1144795683851354,-1.1144795683851354,-1.1144795683851354,5.450041678929081,5.450041678929081,5.450041678929081,0.0,0.0,0.0,155.4116711539925
2022-07-26,150.9627120292496,146.7790378093147,163.29504862610756,150.9627120292496,150.9627120292496,4.196890059403681,4.196890059403681,4.196890059403681,-1.166750384373211,-1.166750384373211,-1.166750384373211,5.363640443776892,5.363640443776892,5.363640443776892,0.0,0.0,0.0,155.15960208865326
2022-07-27,150.8493150150506,146.83574889027653,163.51447840041482,150.8493150150506,150.8493150150506,4.005736337892004,4.005736337892004,4.005736337892004,-1.2655538951691456,-1.2655538951691456,-1.2655538951691456,5.2712902330611495,5.2712902330611495,5.2712902330611495,0.0,0.0,0.0,154.8550513529426
2022-07-28,150.7359180008516,146.1297615505239,162.83542122065518,150.7359180008516,150.7359180008516,3.8149761688512385,3.8149761688512385,3.8149761688512385,-1.3636887768315458,-1.3636887768315458,-1.3636887768315458,5.178664945682784,5.178664945682784,5.178664945682784,0.0,0.0,0.0,154.55089416970284
2022-07-29,150.62252098665263,146.10762888976964,163.21876649718996,150.62252098665263,150.62252098665263,3.8470232820238746,3.8470232820238746,3.8470232820238746,-1.2444231541404165,-1.2444231541404165,-1.2444231541404165,5.091446436164291,5.091446436164291,5.091446436164291,0.0,0.0,0.0,154.46954426867651
2022-08-01,150.28232994405568,146.1047960689334,162.16605901376158,150.28232994405568,150.28232994405568,3.8020711861177516,3.8020711861177516,3.8020711861177516,-1.1144795683850777,-1.1144795683850777,-1.1144795683850777,4.916550754502829,4.916550754502829,4.916550754502829,0.0,0.0,0.0,154.08440113017343
2022-08-02,150.16893292985674,145.8372462761414,161.92380248007115,150.16893292985674,150.16893292985674,3.7368379506202016,3.7368379506202016,3.7368379506202016,-1.1667503843720752,-1.1667503843720752,-1.1667503843720752,4.903588334992277,4.903588334992277,4.903588334992277,0.0,0.0,0.0,153.90577088047695
2022-08-03,150.0555359156577,145.57371104684375,161.86068121958874,150.0555359156577,150.0555359156577,3.65469944225976,3.65469944225976,3.65469944225976,-1.2655538951692242,-1.2655538951692242,-1.2655538951692242,4.920253337428984,4.920253337428984,4.920253337428984,0.0,0.0,0.0,153.71023535791747
2022-08-04,149.94213890145878,145.06941635694398,162.19591048493243,149.94213890145878,149.94213890145878,3.6060659011274803,3.6060659011274803,3.6060659011274803,-1.3636887768343275,-1.3636887768343275,-1.3636887768343275,4.969754677961808,4.969754677961808,4.969754677961808,0.0,0.0,0.0,153.54820480258627
2022-08-05,149.82874188725975,145.23021945531062,161.87644340599468,149.82874188725975,149.82874188725975,3.8101112129970223,3.8101112129970223,3.8101112129970223,-1.2444231541314856,-1.2444231541314856,-1.2444231541314856,5.054534367128508,5.054534367128508,5.054534367128508,0.0,0.0,0.0,153.63885310025677
2022-08-08,149.48855084466283,145.85740787124126,161.6979529913216,149.48855084466283,149.48855084466283,4.417683211430831,4.417683211430831,4.417683211430831,-1.1144795683850197,-1.1144795683850197,-1.1144795683850197,5.53216277981585,5.53216277981585,5.53216277981585,0.0,0.0,0.0,153.90623405609367
2022-08-09,149.37515383046386,145.8137158164312,161.84023465245755,149.37515383046386,149.37515383046386,4.598393092795669,4.598393092795669,4.598393092795669,-1.1667503843726168,-1.1667503843726168,-1.1667503843726168,5.7651434771682855,5.7651434771682855,5.7651434771682855,0.0,0.0,0.0,153.97354692325953
2022-08-10,149.26175681626486,145.56811334317507,161.97408560084926,149.26175681626486,149.26175681626486,4.766818554749581,4.766818554749581,4.766818554749581,-1.2655538951693361,-1.2655538951693361,-1.2655538951693361,6.032372449918917,6.032372449918917,6.032372449918917,0.0,0.0,0.0,154.02857537101445
2022-08-11,149.1483598020659,145.6098060980952,162.56803777133305,149.1483598020659,149.1483598020659,4.967224182881025,4.967224182881025,4.967224182881025,-1.363688776833876,-1.363688776833876,-1.363688776833876,6.330912959714901,6.330912959714901,6.330912959714901,0.0,0.0,0.0,154.1155839849469
2022-08-12,149.0349627878669,146.51491394345476,162.97018070464273,149.0349627878669,149.0349627878669,5.41255961371886,5.41255961371886,5.41255961371886,-1.2444231541444275,-1.2444231541444275,-1.2444231541444275,6.656982767863288,6.656982767863288,6.656982767863288,0.0,0.0,0.0,154.44752240158576
2022-08-15,148.69477174526997,147.23251816289124,163.25653697839093,148.69477174526997,148.69477174526997,6.636897817615691,6.636897817615691,6.636897817615691,-1.1144795683909392,-1.1144795683909392,-1.1144795683909392,7.75137738600663,7.75137738600663,7.75137738600663,0.0,0.0,0.0,155.33166956288568
2022-08-16,148.58137473107098,147.49430064212785,163.7554173340641,148.58137473107098,148.58137473107098,6.968759182644499,6.968759182644499,6.968759182644499,-1.166750384369804,-1.166750384369804,-1.166750384369804,8.135509567014303,8.135509567014303,8.135509567014303,0.0,0.0,0.0,155.55013391371548
2022-08-17,148.467977716872,147.58053028996153,164.35014701794387,148.467977716872,148.467977716872,7.252919775232001,7.252919775232001,7.252919775232001,-1.2655538951694478,-1.2655538951694478,-1.2655538951694478,8.518473670401448,8.518473670401448,8.518473670401448,0.0,0.0,0.0,155.720897492104
2022-08-18,148.35458070267302,147.5559502712718,163.69359864636118,148.35458070267302,148.35458070267302,7.529664142316503,7.529664142316503,7.529664142316503,-1.3636887768306512,-1.3636887768306512,-1.3636887768306512,8.893352919147153,8.893352919147153,8.893352919147153,0.0,0.0,0.0,155.88424484498952
2022-08-19,148.24118368847405,148.11900211227552,164.61402553328082,148.24118368847405,148.24118368847405,8.00872199169428,8.00872199169428,8.00872199169428,-1.2444231541413904,-1.2444231541413904,-1.2444231541413904,9.25314514583567,9.25314514583567,9.25314514583567,0.0,0.0,0.0,156.24990568016833
2022-08-22,147.9009926458771,149.2875759595341,165.16597611075284,147.9009926458771,147.9009926458771,9.059190039575563,9.059190039575563,9.059190039575563,-1.1144795683784865,-1.1144795683784865,-1.1144795683784865,10.17366960795405,10.17366960795405,10.17366960795405,0.0,0.0,0.0,156.96018268545265
2022-08-23,147.78759563167813,149.0373541938042,165.90246895704945,147.78759563167813,147.78759563167813,9.239568696640408,9.239568696640408,9.239568696640408,-1.166750384374497,-1.166750384374497,-1.166750384374497,10.406319081014905,10.406319081014905,10.406319081014905,0.0,0.0,0.0,157.02716432831855
2022-08-24,147.6741986174791,148.71439973480528,165.21474352499754,147.6741986174791,147.6741986174791,9.326923841953777,9.326923841953777,9.326923841953777,-1.26555389516956,-1.26555389516956,-1.26555389516956,10.592477737123337,10.592477737123337,10.592477737123337,0.0,0.0,0.0,157.00112245943288
2022-08-25,147.56080160328017,148.3558932995807,164.78873743516485,147.56080160328017,147.56080160328017,9.363803471928657,9.363803471928657,9.363803471928657,-1.3636887768301993,-1.3636887768301993,-1.3636887768301993,10.727492248758857,10.727492248758857,10.727492248758857,0.0,0.0,0.0,156.92460507520883
2022-08-26,147.4474045890812,148.38912111194247,165.61093198385987,147.4474045890812,147.4474045890812,9.563083177916432,9.563083177916432,9.563083177916432,-1.2444231541412998,-1.2444231541412998,-1.2444231541412998,10.807506332057734,10.807506332057734,10.807506332057734,0.0,0.0,0.0,157.01048776699764
2022-08-29,147.10721354648425,148.68262464451945,165.29444942413338,147.10721354648425,147.10721354648425,9.578011975037503,9.578011975037503,9.578011975037503,-1.1144795683844069,-1.1144795683844069,-1.1144795683844069,10.69249154342191,10.69249154342191,10.69249154342191,0.0,0.0,0.0,156.68522552152174
2022-08-30,146.99381653228528,147.73387869425383,164.84948021377872,146.99381653228528,146.99381653228528,9.36554507357357,9.36554507357357,9.36554507357357,-1.1667503843733615,-1.1667503843733615,-1.1667503843733615,10.532295457946931,10.532295457946931,10.532295457946931,0.0,0.0,0.0,156.35936160585885
2022-08-31,146.88041951808628,146.9739952476761,164.2839505462341,146.88041951808628,146.88041951808628,9.04636559133959,9.04636559133959,9.04636559133959,-1.265553895169638,-1.265553895169638,-1.265553895169638,10.311919486509227,10.311919486509227,10.311919486509227,0.0,0.0,0.0,155.92678510942588
2022-09-01,146.76702250388732,146.93206038838747,163.70913874621397,146.76702250388732,146.76702250388732,8.669615470924269,8.669615470924269,8.669615470924269,-1.3636887768329813,-1.3636887768329813,-1.3636887768329813,10.03330424775725,10.03330424775725,10.03330424775725,0.0,0.0,0.0,155.4366379748116
2022-09-02,146.65362548968832,146.7376378701963,163.73105012903468,146.65362548968832,146.65362548968832,8.45491713250754,8.45491713250754,8.45491713250754,-1.24442315414121,-1.24442315414121,-1.24442315414121,9.699340286648749,9.699340286648749,9.699340286648749,0.0,0.0,0.0,155.10854262219587
2022-09-06,146.2000374328924,144.43829000212207,161.13123616745648,146.2000374328924,146.2000374328924,6.730623983341877,6.730623983341877,6.730623983341877,-1.166750384373903,-1.166750384373903,-1.166750384373903,7.89737436771578,7.89737436771578,7.89737436771578,0.0,0.0,0.0,152.93066141623427
2022-09-07,146.08664041869343,143.9235104785915,159.87210498617736,146.08664041869343,146.08664041869343,6.092781374437809,6.092781374437809,6.092781374437809,-1.265553895169783,-1.265553895169783,-1.265553895169783,7.3583352696075925,7.3583352696075925,7.3583352696075925,0.0,0.0,0.0,152.17942179313124
2022-09-08,145.97324340449444,143.56387138028433,159.80159703483224,145.97324340449444,145.97324340449444,5.433223066552748,5.433223066552748,5.433223066552748,-1.3636887768297568,-1.3636887768297568,-1.3636887768297568,6.796911843382505,6.796911843382505,6.796911843382505,0.0,0.0,0.0,151.4064664710472
2022-09-09,145.85984639029547,142.23788924182304,159.70746467889788,145.85984639029547,145.85984639029547,4.975774112681796,4.975774112681796,4.975774112681796,-1.2444231541352258,-1.2444231541352258,-1.2444231541352258,6.220197266817022,6.220197266817022,6.220197266817022,0.0,0.0,0.0,150.83562050297726
2022-09-12,145.51965534769852,140.416279406524,156.60034871527375,145.51965534769852,145.51965534769852,3.355727914025838,3.355727914025838,3.355727914025838,-1.1144795683872792,-1.1144795683872792,-1.1144795683872792,4.470207482413117,4.470207482413117,4.470207482413117,0.0,0.0,0.0,148.87538326172435
2022-09-13,145.40625833349952,139.70792652144078,156.82577972800658,145.40625833349952,145.40625833349952,2.7368771476394547,2.7368771476394547,2.7368771476394547,-1.1667503843744447,-1.1667503843744447,-1.1667503843744447,3.9036275320138993,3.9036275320138993,3.9036275320138993,0.0,0.0,0.0,148.14313548113898
2022-09-14,145.29286131930058,139.22542291123048,155.8184655649441,145.29286131930058,145.29286131930058,2.0908108153248763,2.0908108153248763,2.0908108153248763,-1.2655538951692875,-1.2655538951692875,-1.2655538951692875,3.356364710494164,3.356364710494164,3.356364710494164,0.0,0.0,0.0,147.38367213462547
2022-09-15,145.17946430510156,138.75518581645358,155.2719486620002,145.17946430510156,145.17946430510156,1.4706102025962198,1.4706102025962198,1.4706102025962198,-1.3636887768309216,-1.3636887768309216,-1.3636887768309216,2.834298979427141,2.834298979427141,2.834298979427141,0.0,0.0,0.0,146.65007450769778
2022-09-16,145.06606729090262,137.81005812104985,154.62335318881756,145.06606729090262,145.06606729090262,1.0982903132860282,1.0982903132860282,1.0982903132860282,-1.2444231541351356,-1.2444231541351356,-1.2444231541351356,2.342713467421164,2.342713467421164,2.342713467421164,0.0,0.0,0.0,146.16435760418864
2022-09-19,144.72587624830567,136.35382860474533,152.87256620438933,144.72587624830567,144.72587624830567,-0.02137107037620564,-0.02137107037620564,-0.02137107037620564,-1.1144795683778157,-1.1144795683778157,-1.1144795683778157,1.0931084980016101,1.0931084980016101,1.0931084980016101,0.0,0.0,0.0,144.70450517792946
2022-09-20,144.61247923922042,136.29974318823386,152.06067077768762,144.61247923922042,144.61247923922042,-0.40494223407780494,-0.40494223407780494,-0.40494223407780494,-1.1667503843716318,-1.1667503843716318,-1.1667503843716318,0.761808150293827,0.761808150293827,0.761808150293827,0.0,0.0,0.0,144.20753700514263
2022-09-21,144.49908223013514,135.00593756263396,151.52790353773972,144.49908223013514,144.49908223013514,-0.789402577793541,-0.789402577793541,-0.789402577793541,-1.2655538951693996,-1.2655538951693996,-1.2655538951693996,0.4761513173758588,0.4761513173758588,0.4761513173758588,0.0,0.0,0.0,143.7096796523416
2022-09-22,144.38568522104987,134.80269407551117,151.3941623164407,144.38568522104987,144.38568522104987,-1.1269933502660694,-1.1269933502660694,-1.1269933502660694,-1.3636887768304702,-1.3636887768304702,-1.3636887768304702,0.23669542656440082,0.23669542656440082,0.23669542656440082,0.0,0.0,0.0,143.2586918707838
2022-09-23,144.27228821196465,134.43309344176456,151.72875196129584,144.27228821196465,144.27228821196465,-1.2012444905378477,-1.2012444905378477,-1.2012444905378477,-1.2444231541320983,-1.2444231541320983,-1.2444231541320983,0.043178663594250793,0.043178663594250793,0.043178663594250793,0.0,0.0,0.0,143.0710437214268
2022-09-26,143.93209718470888,134.24168034199266,150.74190621380995,143.93209718470888,143.93209718470888,-1.3902688956478582,-1.3902688956478582,-1.3902688956478582,-1.114479568380747,-1.114479568380747,-1.114479568380747,-0.27578932726711136,-0.27578932726711136,-0.27578932726711136,0.0,0.0,0.0,142.54182828906102
2022-09-27,143.8187001756236,134.27256244256736,150.50081831072976,143.8187001756236,143.8187001756236,-1.4697484258424598,-1.4697484258424598,-1.4697484258424598,-1.1667503843721736,-1.1667503843721736,-1.1667503843721736,-0.3029980414702861,-0.3029980414702861,-0.3029980414702861,0.0,0.0,0.0,142.34895174978115
2022-09-28,143.70530316653839,134.02091645587026,150.14689123062044,143.70530316653839,143.70530316653839,-1.561678842742333,-1.561678842742333,-1.561678842742333,-1.2655538951694778,-1.2655538951694778,-1.2655538951694778,-0.29612494757285523,-0.29612494757285523,-0.29612494757285523,0.0,0.0,0.0,142.14362432379605
2022-09-29,143.5919061574531,134.25424640148674,150.62355138831643,143.5919061574531,143.5919061574531,-1.6228211924636384,-1.6228211924636384,-1.6228211924636384,-1.363688776831635,-1.363688776831635,-1.363688776831635,-0.2591324156320035,-0.2591324156320035,-0.2591324156320035,0.0,0.0,0.0,141.96908496498946
2022-09-30,143.47850914836786,134.32740881873428,150.43448075018418,143.47850914836786,143.47850914836786,-1.4407227696311358,-1.4407227696311358,-1.4407227696311358,-1.2444231541420936,-1.2444231541420936,-1.2444231541420936,-0.19629961548904232,-0.19629961548904232,-0.19629961548904232,0.0,0.0,0.0,142.03778637873674
2022-10-03,143.13831812111215,133.96227051163112,150.0368533121771,143.13831812111215,143.13831812111215,-1.0126582847571468,-1.0126582847571468,-1.0126582847571468,-1.1144795683806887,-1.1144795683806887,-1.1144795683806887,0.10182128362354205,0.10182128362354205,0.10182128362354205,0.0,0.0,0.0,142.125659836355
2022-10-04,143.02492111202687,133.14551930017348,149.7361904965002,143.02492111202687,143.02492111202687,-0.9443274125547974,-0.9443274125547974,-0.9443274125547974,-1.1667503843710376,-1.1667503843710376,-1.1667503843710376,0.22242297181624032,0.22242297181624032,0.22242297181624032,0.0,0.0,0.0,142.08059369947208
2022-10-05,142.9115241029416,133.725103149959,150.7003244696636,142.9115241029416,142.9115241029416,-0.9193223532752974,-0.9193223532752974,-0.9193223532752974,-1.2655538951690497,-1.2655538951690497,-1.2655538951690497,0.3462315418937521,0.3462315418937521,0.3462315418937521,0.0,0.0,0.0,141.9922017496663
2022-10-06,142.79812709385635,134.11262293003702,150.79309020618075,142.79812709385635,142.79812709385635,-0.8945514489003993,-0.8945514489003993,-0.8945514489003993,-1.3636887768311836,-1.3636887768311836,-1.3636887768311836,0.4691373279307844,0.4691373279307844,0.4691373279307844,0.0,0.0,0.0,141.90357564495596
2022-10-07,142.6847300847711,134.2431621969949,150.1321402913524,142.6847300847711,142.6847300847711,-0.6570610508333027,-0.6570610508333027,-0.6570610508333027,-1.2444231541390562,-1.2444231541390562,-1.2444231541390562,0.5873621033057537,0.5873621033057537,0.5873621033057537,0.0,0.0,0.0,142.0276690339378
2022-10-10,142.34453905751533,134.15352386060698,150.24618336402276,142.34453905751533,142.34453905751533,-0.23206979733184635,-0.23206979733184635,-0.23206979733184635,-1.11447956838362,-1.11447956838362,-1.11447956838362,0.8824097710517735,0.8824097710517735,0.8824097710517735,0.0,0.0,0.0,142.11246926018347
2022-10-11,142.23114204843006,133.5360579377739,150.12447751066372,142.23114204843006,142.23114204843006,-0.21398477309747785,-0.21398477309747785,-0.21398477309747785,-1.1667503843740539,-1.1667503843740539,-1.1667503843740539,0.9527656112765761,0.9527656112765761,0.9527656112765761,0.0,0.0,0.0,142.01715727533258
2022-10-12,142.11774503934484,133.47239761983542,149.8494863946955,142.11774503934484,142.11774503934484,-0.25918957049276087,-0.25918957049276087,-0.25918957049276087,-1.2655538951691612,-1.2655538951691612,-1.2655538951691612,1.0063643246764005,1.0063643246764005,1.0063643246764005,0.0,0.0,0.0,141.85855546885207
2022-10-13,142.00434803025956,133.56497465814454,150.2327989809485,142.00434803025956,142.00434803025956,-0.32133418250552515,-0.32133418250552515,-0.32133418250552515,-1.3636887768339656,-1.3636887768339656,-1.3636887768339656,1.0423545943284405,1.0423545943284405,1.0423545943284405,0.0,0.0,0.0,141.68301384775404
2022-10-14,141.89095102117432,134.15608072330463,149.74935619247722,141.89095102117432,141.89095102117432,-0.1840065654092939,-0.1840065654092939,-0.1840065654092939,-1.244423154138966,-1.244423154138966,-1.244423154138966,1.0604165887296721,1.0604165887296721,1.0604165887296721,0.0,0.0,0.0,141.706944455765
2022-10-17,141.55075999391858,132.59208951411,150.3811291951304,141.55075999391858,141.55075999391858,-0.10313338430819009,-0.10313338430819009,-0.10313338430819009,-1.114479568383562,-1.114479568383562,-1.114479568383562,1.011346184075372,1.011346184075372,1.011346184075372,0.0,0.0,0.0,141.44762660961038
2022-10-18,141.4373629848333,132.89320390395778,149.65948423601563,141.4373629848333,141.4373629848333,-0.20247945505150375,-0.20247945505150375,-0.20247945505150375,-1.1667503843729181,-1.1667503843729181,-1.1667503843729181,0.9642709293214142,0.9642709293214142,0.9642709293214142,0.0,0.0,0.0,141.2348835297818
2022-10-19,141.32396597574805,131.87836488638098,148.87160411970953,141.32396597574805,141.32396597574805,-0.3608929143315622,-0.3608929143315622,-0.3608929143315622,-1.2655538951692733,-1.2655538951692733,-1.2655538951692733,0.9046609808377111,0.9046609808377111,0.9046609808377111,0.0,0.0,0.0,140.96307306141648
2022-10-20,141.21056896666278,132.33606826339985,148.7231800660604,141.21056896666278,141.21056896666278,-0.5290039537979185,-0.5290039537979185,-0.5290039537979185,-1.3636887768335137,-1.3636887768335137,-1.3636887768335137,0.8346848230355952,0.8346848230355952,0.8346848230355952,0.0,0.0,0.0,140.68156501286487
2022-10-21,141.09717195757753,132.85664423097856,149.13791376277825,141.09717195757753,141.09717195757753,-0.4876777891227606,-0.4876777891227606,-0.4876777891227606,-1.244423154135929,-1.244423154135929,-1.244423154135929,0.7567453650131684,0.7567453650131684,0.7567453650131684,0.0,0.0,0.0,140.60949416845477
2022-10-24,140.7569809303218,132.34352141044556,147.6642814339555,140.7569809303218,140.7569809303218,-0.6130651114203636,-0.6130651114203636,-0.6130651114203636,-1.1144795683894815,-1.1144795683894815,-1.1144795683894815,0.5014144569691179,0.5014144569691179,0.5014144569691179,0.0,0.0,0.0,140.14391581890143
2022-10-25,140.64358392123654,131.50443344287513,148.4775484269903,140.64358392123654,140.64358392123654,-0.7485349882775346,-0.7485349882775346,-0.7485349882775346,-1.1667503843734597,-1.1667503843734597,-1.1667503843734597,0.4182153960959248,0.4182153960959248,0.4182153960959248,0.0,0.0,0.0,139.895048932959
2022-10-26,140.5301869121513,131.301787304923,147.5958336825226,140.5301869121513,140.5301869121513,-0.9250764463133789,-0.9250764463133789,-0.9250764463133789,-1.2655538951693512,-1.2655538951693512,-1.2655538951693512,0.3404774488559723,0.3404774488559723,0.3404774488559723,0.0,0.0,0.0,139.60511046583792
2022-10-27,140.41678990306605,130.89174988636447,147.0222088318212,140.41678990306605,140.41678990306605,-1.0929145541784362,-1.0929145541784362,-1.0929145541784362,-1.3636887768302888,-1.3636887768302888,-1.3636887768302888,0.270774222651853,0.270774222651853,0.270774222651853,0.0,0.0,0.0,139.3238753488876
2022-10-28,140.3033928939808,130.50575714616986,147.79785341054716,140.3033928939808,140.3033928939808,-1.0328929801708042,-1.0328929801708042,-1.0328929801708042,-1.2444231541358388,-1.2444231541358388,-1.2444231541358388,0.21153017396503454,0.21153017396503454,0.21153017396503454,0.0,0.0,0.0,139.27049991381
2022-10-31,139.96320186672503,131.37078709597003,147.3042889834433,139.96320186672503,139.96320186672503,-0.9966432548022304,-0.9966432548022304,-0.9966432548022304,-1.1144795683894235,-1.1144795683894235,-1.1144795683894235,0.11783631358719324,0.11783631358719324,0.11783631358719324,0.0,0.0,0.0,138.9665586119228
2022-11-01,139.84980485763975,130.02646841129695,147.17366550108056,139.84980485763975,139.84980485763975,-1.0462033961178203,-1.0462033961178203,-1.0462033961178203,-1.1667503843747982,-1.1667503843747982,-1.1667503843747982,0.1205469882569779,0.1205469882569779,0.1205469882569779,0.0,0.0,0.0,138.80360146152194
2022-11-02,139.7364078485545,130.4434140687647,146.7394873736584,139.7364078485545,139.7364078485545,-1.1230001696788139,-1.1230001696788139,-1.1230001696788139,-1.2655538951694294,-1.2655538951694294,-1.2655538951694294,0.1425537254906155,0.1425537254906155,0.1425537254906155,0.0,0.0,0.0,138.6134076788757
2022-11-03,139.62301083946926,129.95292985554045,146.65084440794428,139.62301083946926,139.62301083946926,-1.178836330433031,-1.178836330433031,-1.178836330433031,-1.363688776831454,-1.363688776831454,-1.363688776831454,0.18485244639842308,0.18485244639842308,0.18485244639842308,0.0,0.0,0.0,138.44417450903623
2022-11-04,139.50961383038398,129.97553176498798,146.88405180719826,139.50961383038398,139.50961383038398,-0.9962488361044992,-0.9962488361044992,-0.9962488361044992,-1.2444231541298547,-1.2444231541298547,-1.2444231541298547,0.24817431802535547,0.24817431802535547,0.24817431802535547,0.0,0.0,0.0,138.51336499427947
2022-11-07,139.16942280312824,130.64269092594665,146.90800134967634,139.16942280312824,139.16942280312824,-0.5466546156016521,-0.5466546156016521,-0.5466546156016521,-1.11447956837996,-1.11447956837996,-1.11447956837996,0.5678249527783079,0.5678249527783079,0.5678249527783079,0.0,0.0,0.0,138.6227681875266
2022-11-08,139.05602579404297,130.36082999028773,147.22465055864788,139.05602579404297,139.05602579404297,-0.44911277813031136,-0.44911277813031136,-0.44911277813031136,-1.1667503843753402,-1.1667503843753402,-1.1667503843753402,0.7176376062450289,0.7176376062450289,0.7176376062450289,0.0,0.0,0.0,138.60691301591265
2022-11-09,138.94262878495772,130.13107025685002,147.19667982910823,138.94262878495772,138.94262878495772,-0.37696145162432493,-0.37696145162432493,-0.37696145162432493,-1.2655538951695413,-1.2655538951695413,-1.2655538951695413,0.8885924435452163,0.8885924435452163,0.8885924435452163,0.0,0.0,0.0,138.5656673333334
2022-11-10,138.82923177587247,130.10345126926933,147.15675254077243,138.82923177587247,138.82923177587247,-0.283550281002847,-0.283550281002847,-0.283550281002847,-1.3636887768326194,-1.3636887768326194,-1.3636887768326194,1.0801384958297722,1.0801384958297722,1.0801384958297722,0.0,0.0,0.0,138.54568149486963
2022-11-11,138.71583476678722,130.46069869232602,147.27775673355214,138.71583476678722,138.71583476678722,0.04716216309628645,0.04716216309628645,0.04716216309628645,-1.2444231541297646,-1.2444231541297646,-1.2444231541297646,1.291585317226051,1.291585317226051,1.291585317226051,0.0,0.0,0.0,138.7629969298835
2022-11-14,138.37564373953148,131.19792962129682,147.3285135933517,138.37564373953148,138.37564373953148,0.9223206334711067,0.9223206334711067,0.9223206334711067,-1.1144795683828908,-1.1144795683828908,-1.1144795683828908,2.0368002018539975,2.0368002018539975,2.0368002018539975,0.0,0.0,0.0,139.2979643730026
2022-11-15,138.26224673044624,131.16327229303684,147.89545431615298,138.26224673044624,138.26224673044624,1.1521683007770718,1.1521683007770718,1.1521683007770718,-1.166750384372527,-1.166750384372527,-1.166750384372527,2.318918685149599,2.318918685149599,2.318918685149599,0.0,0.0,0.0,139.4144150312233
2022-11-16,138.14884987120166,130.41794209766726,147.75809955234269,138.14884987120166,138.14884987120166,1.350576774167151,1.350576774167151,1.350576774167151,-1.2655538951696532,-1.2655538951696532,-1.2655538951696532,2.6161306693368043,2.6161306693368043,2.6161306693368043,0.0,0.0,0.0,139.4994266453688
2022-11-17,138.03545301195715,131.50048599155912,148.2419276934633,138.03545301195715,138.03545301195715,1.5636327975064332,1.5636327975064332,1.5636327975064332,-1.3636887768321677,-1.3636887768321677,-1.3636887768321677,2.9273215743386007,2.9273215743386007,2.9273215743386007,0.0,0.0,0.0,139.5990858094636
2022-11-18,137.92205615271254,131.3582068422751,148.28122927198788,137.92205615271254,137.92205615271254,2.006928744006283,2.006928744006283,2.006928744006283,-1.2444231541368127,-1.2444231541368127,-1.2444231541368127,3.251351898143096,3.251351898143096,3.251351898143096,0.0,0.0,0.0,139.92898489671882
2022-11-21,137.5818655749789,132.4278984084867,148.87589236310365,137.5818655749789,137.5818655749789,3.1743123546286607,3.1743123546286607,3.1743123546286607,-1.114479568385822,-1.114479568385822,-1.114479568385822,4.288791923014482,4.288791923014482,4.288791923014482,0.0,0.0,0.0,140.75617792960756
2022-11-22,137.4684687157344,132.09083209745899,149.31643071801207,137.4684687157344,137.4684687157344,3.4856443108804944,3.4856443108804944,3.4856443108804944,-1.1667503843730687,-1.1667503843730687,-1.1667503843730687,4.652394695253563,4.652394695253563,4.652394695253563,0.0,0.0,0.0,140.9541130266149
2022-11-23,137.35507185648981,132.75995779931222,149.55220409732337,137.35507185648981,137.35507185648981,3.7572806721504786,3.7572806721504786,3.7572806721504786,-1.2655538951691911,-1.2655538951691911,-1.2655538951691911,5.02283456731967,5.02283456731967,5.02283456731967,0.0,0.0,0.0,141.1123525286403
2022-11-25,137.1282781380007,133.81363636003283,149.5979513659817,137.1282781380007,137.1282781380007,4.5346239086883795,4.5346239086883795,4.5346239086883795,-1.2444231541367226,-1.2444231541367226,-1.2444231541367226,5.779047062825102,5.779047062825102,5.779047062825102,0.0,0.0,0.0,141.66290204668908
2022-11-28,136.78808756026706,134.02392339500256,151.23987967158524,136.78808756026706,136.78808756026706,5.816478358360046,5.816478358360046,5.816478358360046,-1.1144795683763582,-1.1144795683763582,-1.1144795683763582,6.930957926736403,6.930957926736403,6.930957926736403,0.0,0.0,0.0,142.60456591862712
2022-11-29,136.67469070102254,135.0133779341919,151.29779193985567,136.67469070102254,136.67469070102254,6.14689882338232,6.14689882338232,6.14689882338232,-1.1667503843719331,-1.1667503843719331,-1.1667503843719331,7.313649207754253,7.313649207754253,7.313649207754253,0.0,0.0,0.0,142.82158952440486
2022-11-30,136.56129384177794,134.33310260837882,151.79728346935528,136.56129384177794,136.56129384177794,6.427447739694595,6.427447739694595,6.427447739694595,-1.2655538951692697,-1.2655538951692697,-1.2655538951692697,7.693001634863864,7.693001634863864,7.693001634863864,0.0,0.0,0.0,142.98874158147254
2022-12-01,136.44789698253342,134.33620335363196,151.35705146322283,136.44789698253342,136.44789698253342,6.703590184568186,6.703590184568186,6.703590184568186,-1.3636887768328811,-1.3636887768328811,-1.3636887768328811,8.067278961401067,8.067278961401067,8.067278961401067,0.0,0.0,0.0,143.1514871671016
2022-12-02,136.33450012328882,134.83932495130801,151.9898446391425,136.33450012328882,136.33450012328882,7.190245016260175,7.190245016260175,7.190245016260175,-1.244423154133685,-1.244423154133685,-1.244423154133685,8.434668170393861,8.434668170393861,8.434668170393861,0.0,0.0,0.0,143.524745139549
2022-12-05,135.99430954555518,135.71499410499985,152.5355813364881,135.99430954555518,135.99430954555518,8.361873203882888,8.361873203882888,8.361873203882888,-1.114479568379289,-1.114479568379289,-1.114479568379289,9.476352772262176,9.476352772262176,9.476352772262176,0.0,0.0,0.0,144.35618274943806
2022-12-06,135.88091268631067,136.2551052330547,152.88784580060226,135.88091268631067,135.88091268631067,8.630018686339579,8.630018686339579,8.630018686339579,-1.166750384372475,-1.166750384372475,-1.166750384372475,9.796769070712052,9.796769070712052,9.796769070712052,0.0,0.0,0.0,144.51093137265025
2022-12-07,135.7675158270661,136.87221516736855,153.2771300361287,135.7675158270661,135.7675158270661,8.834821197022986,8.834821197022986,8.834821197022986,-1.2655538951694154,-1.2655538951694154,-1.2655538951694154,10.100375092192401,10.100375092192401,10.100375092192401,0.0,0.0,0.0,144.60233702408908
2022-12-08,135.65411896782155,135.6220359387522,153.483739167427,135.65411896782155,135.65411896782155,9.021434163433176,9.021434163433176,9.021434163433176,-1.3636887768340464,-1.3636887768340464,-1.3636887768340464,10.385122940267223,10.385122940267223,10.385122940267223,0.0,0.0,0.0,144.67555313125473
2022-12-09,135.54072210857697,136.5313482752094,152.8722923393393,135.54072210857697,135.54072210857697,9.404571791001112,9.404571791001112,9.404571791001112,-1.2444231541436805,-1.2444231541436805,-1.2444231541436805,10.648994945144793,10.648994945144793,10.648994945144793,0.0,0.0,0.0,144.94529389957808
2022-12-12,135.20053153084334,137.3253868263763,153.85402291888218,135.20053153084334,135.20053153084334,10.181745074202157,10.181745074202157,10.181745074202157,-1.1144795683792312,-1.1144795683792312,-1.1144795683792312,11.296224642581386,11.296224642581386,11.296224642581386,0.0,0.0,0.0,145.3822766050455
2022-12-13,135.0871346715988,136.75669351627485,153.74636593523562,135.0871346715988,135.0871346715988,10.29127253188779,10.29127253188779,10.29127253188779,-1.166750384371339,-1.166750384371339,-1.166750384371339,11.458022916259129,11.458022916259129,11.458022916259129,0.0,0.0,0.0,145.37840720348657
2022-12-14,134.97373781235422,136.8233247534603,153.56030163665082,134.97373781235422,134.97373781235422,10.324777141055732,10.324777141055732,10.324777141055732,-1.2655538951694933,-1.2655538951694933,-1.2655538951694933,11.590331036225225,11.590331036225225,11.590331036225225,0.0,0.0,0.0,145.29851495340995
2022-12-15,134.8603409531097,136.78477034537943,153.7379307796425,134.8603409531097,134.8603409531097,10.328249641230546,10.328249641230546,10.328249641230546,-1.3636887768324382,-1.3636887768324382,-1.3636887768324382,11.691938418062984,11.691938418062984,11.691938418062984,0.0,0.0,0.0,145.18859059434024
2022-12-16,134.74694409386515,137.41545205935833,153.85196374898138,134.74694409386515,134.74694409386515,10.517453321939232,10.517453321939232,10.517453321939232,-1.2444231541406434,-1.2444231541406434,-1.2444231541406434,11.761876476079875,11.761876476079875,11.761876476079875,0.0,0.0,0.0,145.26439741580438
2022-12-19,134.40675351613146,136.58158615785038,153.54239540550515,134.40675351613146,134.40675351613146,10.661694795897711,10.661694795897711,10.661694795897711,-1.1144795683851507,-1.1144795683851507,-1.1144795683851507,11.776174364282863,11.776174364282863,11.776174364282863,0.0,0.0,0.0,145.06844831202918
2022-12-20,134.29335665688694,136.3275802339728,152.70772916490787,134.29335665688694,134.29335665688694,10.548734998857293,10.548734998857293,10.548734998857293,-1.1667503843743554,-1.1667503843743554,-1.1667503843743554,11.715485383231648,11.715485383231648,11.715485383231648,0.0,0.0,0.0,144.84209165574424
2022-12-21,134.17995979764237,136.0126768158546,153.4532901097474,134.17995979764237,134.17995979764237,10.357208107092369,10.357208107092369,10.357208107092369,-1.2655538951696048,-1.2655538951696048,-1.2655538951696048,11.622762002261974,11.622762002261974,11.622762002261974,0.0,0.0,0.0,144.53716790473473
2022-12-22,134.06656293839782,135.6524908635215,152.6391709359552,134.06656293839782,134.06656293839782,10.135254513475713,10.135254513475713,10.135254513475713,-1.3636887768319865,-1.3636887768319865,-1.3636887768319865,11.4989432903077,11.4989432903077,11.4989432903077,0.0,0.0,0.0,144.20181745187352
2022-12-23,133.9531660791533,135.43740371572272,152.20079213437174,133.9531660791533,133.9531660791533,10.100899331879404,10.100899331879404,10.100899331879404,-1.244423154140553,-1.244423154140553,-1.244423154140553,11.345322486019956,11.345322486019956,11.345322486019956,0.0,0.0,0.0,144.0540654110327
2022-12-27,133.49957864217507,133.98081032269593,150.71779051664092,133.49957864217507,133.49957864217507,9.303964805618307,9.303964805618307,9.303964805618307,-1.1667503843732194,-1.1667503843732194,-1.1667503843732194,10.470715189991527,10.470715189991527,10.470715189991527,0.0,0.0,0.0,142.80354344779337
2022-12-28,133.3861817829305,133.77795174600678,150.58589352435592,133.3861817829305,133.3861817829305,8.933748131525588,8.933748131525588,8.933748131525588,-1.2655538951696832,-1.2655538951696832,-1.2655538951696832,10.199302026695273,10.199302026695273,10.199302026695273,0.0,0.0,0.0,142.31992991445608
2022-12-29,133.27278492368598,133.647818969913,150.10918819831147,133.27278492368598,133.27278492368598,8.54898894443711,8.54898894443711,8.54898894443711,-1.3636887768331518,-1.3636887768331518,-1.3636887768331518,9.912677721270262,9.912677721270262,9.912677721270262,0.0,0.0,0.0,141.82177386812307
2022-12-30,133.15938806444143,133.57849661169124,149.83753250875526,133.15938806444143,133.15938806444143,8.369769790316427,8.369769790316427,8.369769790316427,-1.244423154134569,-1.244423154134569,-1.244423154134569,9.614192944450997,9.614192944450997,9.614192944450997,0.0,0.0,0.0,141.52915785475787
2023-01-03,132.70580062746322,132.61663111265625,148.0510298717061,132.70580062746322,132.70580062746322,7.20684131724261,7.20684131724261,7.20684131724261,-1.1667503843737608,-1.1667503843737608,-1.1667503843737608,8.37359170161637,8.37359170161637,8.37359170161637,0.0,0.0,0.0,139.91264194470583
2023-01-04,132.5924037682187,131.7881864692307,147.30682529289436,132.5924037682187,132.5924037682187,6.804766952410474,6.804766952410474,6.804766952410474,-1.265553895169795,-1.265553895169795,-1.265553895169795,8.07032084758027,8.07032084758027,8.07032084758027,0.0,0.0,0.0,139.39717072062916
2023-01-05,132.4790069089741,130.37000348874014,146.5640090684241,132.4790069089741,132.4790069089741,6.413466034755158,6.413466034755158,6.413466034755158,-1.3636887768283101,-1.3636887768283101,-1.3636887768283101,7.777154811583468,7.777154811583468,7.777154811583468,0.0,0.0,0.0,138.89247294372925
2023-01-06,132.36561004972958,129.75655849603862,147.2314414294095,132.36561004972958,132.36561004972958,6.253164957638451,6.253164957638451,6.253164957638451,-1.2444231541344788,-1.2444231541344788,-1.2444231541344788,7.49758811177293,7.49758811177293,7.49758811177293,0.0,0.0,0.0,138.61877500736804
2023-01-09,132.02541947199592,129.546649480603,145.8418420550816,132.02541947199592,132.02541947199592,5.6577964565138785,5.6577964565138785,5.6577964565138785,-1.114479568387966,-1.114479568387966,-1.114479568387966,6.772276024901844,6.772276024901844,6.772276024901844,0.0,0.0,0.0,137.6832159285098
2023-01-10,131.91202261275134,129.24892715739816,145.73093836893366,131.91202261275134,131.91202261275134,5.410745683110684,5.410745683110684,5.410745683110684,-1.1667503843709484,-1.1667503843709484,-1.1667503843709484,6.577496067481632,6.577496067481632,6.577496067481632,0.0,0.0,0.0,137.32276829586203
2023-01-11,131.79862575350683,128.99926611361573,145.41789997287995,131.79862575350683,131.79862575350683,5.144391691285895,5.144391691285895,5.144391691285895,-1.2655538951693666,-1.2655538951693666,-1.2655538951693666,6.409945586455263,6.409945586455263,6.409945586455263,0.0,0.0,0.0,136.94301744479273
2023-01-12,131.68522889426225,128.20575920313127,144.5632483011144,131.68522889426225,131.68522889426225,4.907572153194568,4.907572153194568,4.907572153194568,-1.3636887768310921,-1.3636887768310921,-1.3636887768310921,6.27126093002566,6.27126093002566,6.27126093002566,0.0,0.0,0.0,136.59280104745682
2023-01-13,131.57183203501776,128.02424696670994,145.12755169632837,131.57183203501776,131.57183203501776,4.918204131291587,4.918204131291587,4.918204131291587,-1.2444231541343886,-1.2444231541343886,-1.2444231541343886,6.162627285425976,6.162627285425976,6.162627285425976,0.0,0.0,0.0,136.49003616630935
2023-01-17,133.3653719316705,130.05099669496786,146.22082314246478,133.3653719316705,133.3653719316705,4.868430341190627,4.868430341190627,4.868430341190627,-1.1667503843714897,-1.1667503843714897,-1.1667503843714897,6.035180725562116,6.035180725562116,6.035180725562116,0.0,0.0,0.0,138.2338022728611
2023-01-18,133.81375690583363,130.2575736220973,146.69866757696923,133.81375690583363,133.81375690583363,4.811706482700842,4.811706482700842,4.811706482700842,-1.2655538951694785,-1.2655538951694785,-1.2655538951694785,6.07726037787032,6.07726037787032,6.07726037787032,0.0,0.0,0.0,138.62546338853446
2023-01-19,134.26214187999685,130.14278773597627,147.08496141461328,134.26214187999685,134.26214187999685,4.782287925073455,4.782287925073455,4.782287925073455,-1.3636887768306405,-1.3636887768306405,-1.3636887768306405,6.145976701904096,6.145976701904096,6.145976701904096,0.0,0.0,0.0,139.0444298050703
2023-01-20,134.71052685415998,131.60197447036344,148.08869738033408,134.71052685415998,134.71052685415998,4.994555291497615,4.994555291497615,4.994555291497615,-1.2444231541313513,-1.2444231541313513,-1.2444231541313513,6.238978445628966,6.238978445628966,6.238978445628966,0.0,0.0,0.0,139.7050821456576
2023-01-23,136.05568177664952,133.59882575425604,149.8086914855698,136.05568177664952,136.05568177664952,5.51880185544971,5.51880185544971,5.51880185544971,-1.114479568381433,-1.114479568381433,-1.114479568381433,6.633281423831143,6.633281423831143,6.633281423831143,0.0,0.0,0.0,141.57448363209923
2023-01-24,136.5040667508127,133.6727396953079,150.71606237585004,136.5040667508127,136.5040667508127,5.624203978558469,5.624203978558469,5.624203978558469,-1.166750384372032,-1.166750384372032,-1.166750384372032,6.790954362930502,6.790954362930502,6.790954362930502,0.0,0.0,0.0,142.1282707293712
2023-01-25,136.95245172497584,134.5493436473916,151.21744370756943,136.95245172497584,136.95245172497584,5.689221656503899,5.689221656503899,5.689221656503899,-1.2655538951695569,-1.2655538951695569,-1.2655538951695569,6.954775551673456,6.954775551673456,6.954775551673456,0.0,0.0,0.0,142.64167338147973
2023-01-26,137.4008366991391,134.81034861196238,151.14691911654225,137.4008366991391,137.4008366991391,5.756458419031601,5.756458419031601,5.756458419031601,-1.3636887768318056,-1.3636887768318056,-1.3636887768318056,7.120147195863406,7.120147195863406,7.120147195863406,0.0,0.0,0.0,143.15729511817068
2023-01-27,137.84922167330225,136.04216713692878,151.85421317819237,137.84922167330225,137.84922167330225,6.03785430873215,6.03785430873215,6.03785430873215,-1.2444231541442932,-1.2444231541442932,-1.2444231541442932,7.2822774628764435,7.2822774628764435,7.2822774628764435,0.0,0.0,0.0,143.8870759820344
2023-01-30,139.19437659579177,137.28349972356665,154.26397125503553,139.19437659579177,139.19437659579177,6.585296753330583,6.585296753330583,6.585296753330583,-1.1144795683813753,-1.1144795683813753,-1.1144795683813753,7.699776321711958,7.699776321711958,7.699776321711958,0.0,0.0,0.0,145.77967334912236
2023-01-31,139.64276156995496,138.04999266785572,154.5596482910519,139.64276156995496,139.64276156995496,6.632726054249477,6.632726054249477,6.632726054249477,-1.1667503843708957,-1.1667503843708957,-1.1667503843708957,7.799476438620372,7.799476438620372,7.799476438620372,0.0,0.0,0.0,146.27548762420443
2023-02-01,140.09114654411812,138.28409933526785,155.51598096329252,140.09114654411812,140.09114654411812,6.605878826310017,6.605878826310017,6.605878826310017,-1.2655538951690948,-1.2655538951690948,-1.2655538951690948,7.871432721479112,7.871432721479112,7.871432721479112,0.0,0.0,0.0,146.69702537042812
2023-02-02,140.53953151828136,139.41715840724288,155.6845662589656,140.53953151828136,140.53953151828136,6.547445198965418,6.547445198965418,6.547445198965418,-1.3636887768329709,-1.3636887768329709,-1.3636887768329709,7.911133975798388,7.911133975798388,7.911133975798388,0.0,0.0,0.0,147.08697671724678
2023-02-03,140.9879164924445,138.99847580185133,156.09854524361762,140.9879164924445,140.9879164924445,6.669941194434356,6.669941194434356,6.669941194434356,-1.2444231541383095,-1.2444231541383095,-1.2444231541383095,7.914364348572665,7.914364348572665,7.914364348572665,0.0,0.0,0.0,147.65785768687886
2023-02-06,142.33307141493398,141.21712980773486,157.6793801679692,142.33307141493398,142.33307141493398,6.554399019673687,6.554399019673687,6.554399019673687,-1.1144795683843063,-1.1144795683843063,-1.1144795683843063,7.668878588057993,7.668878588057993,7.668878588057993,0.0,0.0,0.0,148.88747043460768
2023-02-07,142.78145638909723,140.46926795906055,157.41377257780502,142.78145638909723,142.78145638909723,6.325475565613941,6.325475565613941,6.325475565613941,-1.166750384375589,-1.166750384375589,-1.166750384375589,7.492225949989531,7.492225949989531,7.492225949989531,0.0,0.0,0.0,149.10693195471117
2023-02-08,143.22984136326036,141.0746603784053,157.59584945907108,143.22984136326036,143.22984136326036,5.999081839946802,5.999081839946802,5.999081839946802,-1.2655538951691732,-1.2655538951691732,-1.2655538951691732,7.264635735115976,7.264635735115976,7.264635735115976,0.0,0.0,0.0,149.22892320320716
2023-02-09,143.67822633742358,141.3845022003005,157.6258898924847,143.67822633742358,143.67822633742358,5.621206884070541,5.621206884070541,5.621206884070541,-1.3636887768341357,-1.3636887768341357,-1.3636887768341357,6.984895660904678,6.984895660904678,6.984895660904678,0.0,0.0,0.0,149.29943322149413
2023-02-10,144.12661131158671,140.80749911530538,157.41462643468148,144.12661131158671,144.12661131158671,5.408016441815773,5.408016441815773,5.408016441815773,-1.2444231541382191,-1.2444231541382191,-1.2444231541382191,6.652439595953991,6.652439595953991,6.652439595953991,0.0,0.0,0.0,149.53462775340248
2023-02-13,145.47176623407623,141.47426058432794,157.6052848530429,145.47176623407623,145.47176623407623,4.2286690162909695,4.2286690162909695,4.2286690162909695,-1.114479568387237,-1.114479568387237,-1.114479568387237,5.3431485846782065,5.3431485846782065,5.3431485846782065,0.0,0.0,0.0,149.7004352503672
2023-02-14,145.9201512082395,141.53697187898857,157.73196700719745,145.9201512082395,145.9201512082395,3.6408181732558944,3.6408181732558944,3.6408181732558944,-1.1667503843710993,-1.1667503843710993,-1.1667503843710993,4.807568557626993,4.807568557626993,4.807568557626993,0.0,0.0,0.0,149.5609693814954
2023-02-15,146.36853618240264,141.0335873278743,157.81190721144316,146.36853618240264,146.36853618240264,2.96091912424009,2.96091912424009,2.96091912424009,-1.2655538951693184,-1.2655538951693184,-1.2655538951693184,4.226473019409409,4.226473019409409,4.226473019409409,0.0,0.0,0.0,149.32945530664273
2023-02-16,146.81692115656583,140.48853659240154,157.4242450283521,146.81692115656583,146.81692115656583,2.2395466122330903,2.2395466122330903,2.2395466122330903,-1.3636887768336843,-1.3636887768336843,-1.3636887768336843,3.6032353890667745,3.6032353890667745,3.6032353890667745,0.0,0.0,0.0,149.0564677687989
2023-02-17,147.26530613072896,140.41634880443664,157.2739244364102,147.26530613072896,147.26530613072896,1.697378928851667,1.697378928851667,1.697378928851667,-1.2444231541351818,-1.2444231541351818,-1.2444231541351818,2.941802082986849,2.941802082986849,2.941802082986849,0.0,0.0,0.0,148.96268505958062
2023-02-21,149.0588460273817,139.8710512662781,156.33062538906074,149.0588460273817,149.0588460273817,-1.1566854253810395,-1.1566854253810395,-1.1566854253810395,-1.1667503843716407,-1.1667503843716407,-1.1667503843716407,0.010064958990601239,0.010064958990601239,0.010064958990601239,0.0,0.0,0.0,147.90216060200066
2023-02-22,149.50723100154485,139.06774511639722,154.99581407424898,149.50723100154485,149.50723100154485,-2.0326034507717585,-2.0326034507717585,-2.0326034507717585,-1.2655538951693968,-1.2655538951693968,-1.2655538951693968,-0.7670495556023617,-0.7670495556023617,-0.7670495556023617,0.0,0.0,0.0,147.4746275507731
2023-02-23,149.95561597570799,138.5895299718059,155.68908709352974,149.95561597570799,149.95561597570799,-2.9136875645272657,-2.9136875645272657,-2.9136875645272657,-1.3636887768304595,-1.3636887768304595,-1.3636887768304595,-1.5499987876968064,-1.5499987876968064,-1.5499987876968064,0.0,0.0,0.0,147.04192841118072
2023-02-24,150.40400094987123,138.89450938426253,155.641139813588,150.40400094987123,150.40400094987123,-3.5770648041461666,-3.5770648041461666,-3.5770648041461666,-1.2444231541451773,-1.2444231541451773,-1.2444231541451773,-2.3326416500009897,-2.3326416500009897,-2.3326416500009897,0.0,0.0,0.0,146.82693614572506
2023-02-27,151.74915587236072,137.4299589249569,154.70526230456892,151.74915587236072,151.74915587236072,-5.732518630955766,-5.732518630955766,-5.732518630955766,-1.1144795683901096,-1.1144795683901096,-1.1144795683901096,-4.618039062565656,-4.618039062565656,-4.618039062565656,0.0,0.0,0.0,146.01663724140496
2023-02-28,152.1975408465239,136.75574010740252,154.0278642081586,152.1975408465239,152.1975408465239,-6.5063653010261016,-6.5063653010261016,-6.5063653010261016,-1.1667503843746563,-1.1667503843746563,-1.1667503843746563,-5.3396149166514455,-5.3396149166514455,-5.3396149166514455,0.0,0.0,0.0,145.6911755454978
2023-03-01,152.6459258206871,137.20733619499248,153.81542567359577,152.6459258206871,152.6459258206871,-7.297662893659374,-7.297662893659374,-7.297662893659374,-1.265553895169475,-1.265553895169475,-1.265553895169475,-6.032108998489899,-6.032108998489899,-6.032108998489899,0.0,0.0,0.0,145.34826292702772
2023-03-02,153.09431079485017,136.7143757859441,153.49182953509333,153.09431079485017,153.09431079485017,-8.054423555135623,-8.054423555135623,-8.054423555135623,-1.3636887768300077,-1.3636887768300077,-1.3636887768300077,-6.6907347783056155,-6.6907347783056155,-6.6907347783056155,0.0,0.0,0.0,145.03988723971455
2023-03-03,153.5426957690135,136.334165511768,152.8912122422026,153.5426957690135,153.5426957690135,-8.555623321176817,-8.555623321176817,-8.555623321176817,-1.2444231541421404,-1.2444231541421404,-1.2444231541421404,-7.311200167034677,-7.311200167034677,-7.311200167034677,0.0,0.0,0.0,144.98707244783668
2023-03-06,154.88785069150296,136.45084901934254,152.87906003964324,154.88785069150296,154.88785069150296,-10.023781363881582,-10.023781363881582,-10.023781363881582,-1.114479568380646,-1.114479568380646,-1.114479568380646,-8.909301795500937,-8.909301795500937,-8.909301795500937,0.0,0.0,0.0,144.8640693276214
2023-03-07,155.33623566566618,137.09653817845194,153.04636040102554,155.33623566566618,155.33623566566618,-10.512705227531683,-10.512705227531683,-10.512705227531683,-1.1667503843751983,-1.1667503843751983,-1.1667503843751983,-9.345954843156484,-9.345954843156484,-9.345954843156484,0.0,0.0,0.0,144.8235304381345
2023-03-08,155.78462063982937,136.32529128131566,153.26154043134662,155.78462063982937,155.78462063982937,-10.997676000222345,-10.997676000222345,-10.997676000222345,-1.2655538951696201,-1.2655538951696201,-1.2655538951696201,-9.732122105052726,-9.732122105052726,-9.732122105052726,0.0,0.0,0.0,144.78694463960701
2023-03-09,156.23300561399245,136.67522866865656,152.44448822798793,156.23300561399245,156.23300561399245,-11.43104961375464,-11.43104961375464,-11.43104961375464,-1.3636887768327897,-1.3636887768327897,-1.3636887768327897,-10.06736083692185,-10.06736083692185,-10.06736083692185,0.0,0.0,0.0,144.8019560002378
2023-03-10,156.68139058815575,137.17593429255882,153.20880683882928,156.68139058815575,156.68139058815575,-11.596336983586093,-11.596336983586093,-11.596336983586093,-1.244423154139103,-1.244423154139103,-1.244423154139103,-10.35191382944699,-10.35191382944699,-10.35191382944699,0.0,0.0,0.0,145.08505360456965
2023-03-13,158.02654551064524,136.5981682427569,154.4568401366662,158.02654551064524,158.02654551064524,-12.028179703635253,-12.028179703635253,-12.028179703635253,-1.114479568383577,-1.114479568383577,-1.114479568383577,-10.913700135251675,-10.913700135251675,-10.913700135251675,0.0,0.0,0.0,145.99836580700998
2023-03-14,158.4749304848083,138.53792500809533,154.42043185073737,158.4749304848083,158.4749304848083,-12.17751527490597,-12.17751527490597,-12.17751527490597,-1.1667503843740625,-1.1667503843740625,-1.1667503843740625,-11.010764890531906,-11.010764890531906,-11.010764890531906,0.0,0.0,0.0,146.29741520990234
2023-03-15,158.9233154632994,138.78622249941333,155.34645488657785,158.9233154632994,158.9233154632994,-12.33316270167001,-12.33316270167001,-12.33316270167001,-1.2655538951696987,-1.2655538951696987,-1.2655538951696987,-11.067608806500312,-11.067608806500312,-11.067608806500312,0.0,0.0,0.0,146.59015276162938
2023-03-16,159.37170044179035,138.4556029040811,155.31265591418807,159.37170044179035,159.37170044179035,-12.451516726281339,-12.451516726281339,-12.451516726281339,-1.3636887768323382,-1.3636887768323382,-1.3636887768323382,-11.087827949449,-11.087827949449,-11.087827949449,0.0,0.0,0.0,146.920183715509
2023-03-17,159.82008542028143,139.6197594863993,156.0924947750143,159.82008542028143,159.82008542028143,-12.319788595764829,-12.319788595764829,-12.319788595764829,-1.2444231541360653,-1.2444231541360653,-1.2444231541360653,-11.075365441628763,-11.075365441628763,-11.075365441628763,0.0,0.0,0.0,147.5002968245166
2023-03-20,161.16524035575443,140.89130743695853,157.35534149494396,161.16524035575443,161.16524035575443,-11.999353045193999,-11.999353045193999,-11.999353045193999,-1.1144795683894966,-1.1144795683894966,-1.1144795683894966,-10.884873476804502,-10.884873476804502,-10.884873476804502,0.0,0.0,0.0,149.16588731056044
2023-03-21,161.6136253342454,141.5835380627751,158.1299771767913,161.6136253342454,161.6136253342454,-11.952034104952272,-11.952034104952272,-11.952034104952272,-1.166750384372927,-1.166750384372927,-1.166750384372927,-10.785283720579345,-10.785283720579345,-10.785283720579345,0.0,0.0,0.0,149.66159122929312
2023-03-22,162.0620103127365,141.8023059884098,159.12797704364775,162.0620103127365,162.0620103127365,-11.940694107283642,-11.940694107283642,-11.940694107283642,-1.2655538951692367,-1.2655538951692367,-1.2655538951692367,-10.675140212114407,-10.675140212114407,-10.675140212114407,0.0,0.0,0.0,150.12131620545287
2023-03-23,162.51039529122747,142.05731468437017,158.46369064536893,162.51039529122747,162.51039529122747,-11.922474323031418,-11.922474323031418,-11.922474323031418,-1.3636887768318864,-1.3636887768318864,-1.3636887768318864,-10.55878554619953,-10.55878554619953,-10.55878554619953,0.0,0.0,0.0,150.58792096819604
2023-03-24,162.95878026971855,143.27013678326819,159.3886142156978,162.95878026971855,162.95878026971855,-11.68478071368031,-11.68478071368031,-11.68478071368031,-1.2444231541359754,-1.2444231541359754,-1.2444231541359754,-10.440357559544335,-10.440357559544335,-10.440357559544335,0.0,0.0,0.0,151.27399955603823
2023-03-27,164.30393520519144,144.6370840358554,161.31279629680404,164.30393520519144,164.30393520519144,-11.224097595294609,-11.224097595294609,-11.224097595294609,-1.1144795683770445,-1.1144795683770445,-1.1144795683770445,-10.109618026917566,-10.109618026917566,-10.109618026917566,0.0,0.0,0.0,153.07983760989683
2023-03-28,164.7523201836824,146.13316935142754,162.4218150488669,164.7523201836824,164.7523201836824,-11.184801876522195,-11.184801876522195,-11.184801876522195,-1.1667503843717912,-1.1667503843717912,-1.1667503843717912,-10.018051492150406,-10.018051492150406,-10.018051492150406,0.0,0.0,0.0,153.5675183071602
2023-03-29,165.20070516217348,146.29051705837637,163.77373614873005,165.20070516217348,165.20070516217348,-11.205574140572814,-11.205574140572814,-11.205574140572814,-1.2655538951693148,-1.2655538951693148,-1.2655538951693148,-9.940020245403497,-9.940020245403497,-9.940020245403497,0.0,0.0,0.0,153.99513102160066
2023-03-30,165.64909014066444,146.07531917407212,162.9039555805941,165.64909014066444,165.64909014066444,-11.2410426144222,-11.2410426144222,-11.2410426144222,-1.3636887768302783,-1.3636887768302783,-1.3636887768302783,-9.877353837591922,-9.877353837591922,-9.877353837591922,0.0,0.0,0.0,154.40804752624223
2023-03-31,166.09747511915552,146.68186733887944,163.36813353446837,166.09747511915552,166.09747511915552,-11.075829309143675,-11.075829309143675,-11.075829309143675,-1.2444231541299913,-1.2444231541299913,-1.2444231541299913,-9.831406155013683,-9.831406155013683,-9.831406155013683,0.0,0.0,0.0,155.02164581001185
2023-04-03,167.44263005462852,148.29411806225488,164.934377750576,167.44263005462852,167.44263005462852,-10.914865329372269,-10.914865329372269,-10.914865329372269,-1.1144795683799753,-1.1144795683799753,-1.1144795683799753,-9.800385760992294,-9.800385760992294,-9.800385760992294,0.0,0.0,0.0,156.52776472525625
2023-04-04,167.8910150331195,148.36792203021704,164.92066119117933,167.8910150331195,167.8910150331195,-10.992357763838436,-10.992357763838436,-10.992357763838436,-1.1667503843723332,-1.1667503843723332,-1.1667503843723332,-9.825607379466103,-9.825607379466103,-9.825607379466103,0.0,0.0,0.0,156.89865726928105
2023-04-05,168.33940001161056,149.04024476515153,165.63633449048734,168.33940001161056,168.33940001161056,-11.133137724143822,-11.133137724143822,-11.133137724143822,-1.2655538951694265,-1.2655538951694265,-1.2655538951694265,-9.867583828974395,-9.867583828974395,-9.867583828974395,0.0,0.0,0.0,157.20626228746676
2023-04-06,168.78778499010153,149.24842482103574,166.0093813245067,168.78778499010153,168.78778499010153,-11.28887053399932,-11.28887053399932,-11.28887053399932,-1.3636887768298267,-1.3636887768298267,-1.3636887768298267,-9.925181757169494,-9.925181757169494,-9.925181757169494,0.0,0.0,0.0,157.4989144561022
2023-04-10,170.58132490406564,151.14973850249004,166.82873936369018,170.58132490406564,170.58132490406564,-11.395030782570803,-11.395030782570803,-11.395030782570803,-1.1144795683799176,-1.1144795683799176,-1.1144795683799176,-10.280551214190886,-10.280551214190886,-10.280551214190886,0.0,0.0,0.0,159.18629412149483
2023-04-11,171.0297098825566,150.88188627982447,167.54476291759786,171.0297098825566,171.0297098825566,-11.558218306507317,-11.558218306507317,-11.558218306507317,-1.1667503843695204,-1.1667503843695204,-1.1667503843695204,-10.391467922137796,-10.391467922137796,-10.391467922137796,0.0,0.0,0.0,159.4714915760493
2023-04-12,171.47809486104757,151.14694193455185,167.7589609192306,171.47809486104757,171.47809486104757,-11.77287343645615,-11.77287343645615,-11.77287343645615,-1.2655538951695386,-1.2655538951695386,-1.2655538951695386,-10.507319541286613,-10.507319541286613,-10.507319541286613,0.0,0.0,0.0,159.70522142459143
2023-04-13,171.92647983953853,151.77631049397453,167.87403646126384,171.92647983953853,171.92647983953853,-11.98988654277646,-11.98988654277646,-11.98988654277646,-1.3636887768326087,-1.3636887768326087,-1.3636887768326087,-10.626197765943852,-10.626197765943852,-10.626197765943852,0.0,0.0,0.0,159.93659329676206
2023-04-14,172.3748648180295,152.51664822317605,168.919798090586,172.3748648180295,172.3748648180295,-11.990718705490755,-11.990718705490755,-11.990718705490755,-1.2444231541398962,-1.2444231541398962,-1.2444231541398962,-10.746295551350858,-10.746295551350858,-10.746295551350858,0.0,0.0,0.0,160.38414611253873
2023-04-17,173.7200197535026,152.9642282801266,170.22265421729537,173.7200197535026,173.7200197535026,-12.212661655876413,-12.212661655876413,-12.212661655876413,-1.1144795683798592,-1.1144795683798592,-1.1144795683798592,-11.098182087496554,-11.098182087496554,-11.098182087496554,0.0,0.0,0.0,161.5073580976262
2023-04-18,174.16840473199358,153.01085828331017,170.04782123740108,174.16840473199358,174.16840473199358,-12.37517748551384,-12.37517748551384,-12.37517748551384,-1.1667503843742133,-1.1667503843742133,-1.1667503843742133,-11.208427101139627,-11.208427101139627,-11.208427101139627,0.0,0.0,0.0,161.79322724647974
2023-04-19,174.61678971048465,153.88649741000896,169.54349200695356,174.61678971048465,174.61678971048465,-12.579143061609539,-12.579143061609539,-12.579143061609539,-1.2655538951696503,-1.2655538951696503,-1.2655538951696503,-11.313589166439888,-11.313589166439888,-11.313589166439888,0.0,0.0,0.0,162.03764664887512
2023-04-20,175.06517468897562,153.78462623247248,170.44756759666475,175.06517468897562,175.06517468897562,-12.776781739705633,-12.776781739705633,-12.776781739705633,-1.3636887768321568,-1.3636887768321568,-1.3636887768321568,-11.413092962873478,-11.413092962873478,-11.413092962873478,0.0,0.0,0.0,162.28839294927
2023-04-21,175.51355966746658,153.96944356644858,170.7142305292035,175.51355966746658,175.51355966746658,-12.751023864163287,-12.751023864163287,-12.751023864163287,-1.244423154139806,-1.244423154139806,-1.244423154139806,-11.50660071002348,-11.50660071002348,-11.50660071002348,0.0,0.0,0.0,162.7625358033033
2023-04-24,176.8587146029397,155.89746304223704,172.12327889583986,176.8587146029397,176.8587146029397,-12.86552056300004,-12.86552056300004,-12.86552056300004,-1.114479568385779,-1.114479568385779,-1.114479568385779,-11.75104099461426,-11.75104099461426,-11.75104099461426,0.0,0.0,0.0,163.99319403993965
2023-04-25,177.30709958143066,156.18372425756567,172.68437416661197,177.30709958143066,177.30709958143066,-12.98814085363441,-12.98814085363441,-12.98814085363441,-1.1667503843730775,-1.1667503843730775,-1.1667503843730775,-11.821390469261333,-11.821390469261333,-11.821390469261333,0.0,0.0,0.0,164.31895872779626
2023-04-26,177.75548455992174,156.0324718033331,172.64324279563388,177.75548455992174,177.75548455992174,-13.152539629992091,-13.152539629992091,-13.152539629992091,-1.2655538951691885,-1.2655538951691885,-1.2655538951691885,-11.886985734822902,-11.886985734822902,-11.886985734822902,0.0,0.0,0.0,164.60294492992966
2023-04-27,178.2038695384127,156.56920580078207,172.9086862488409,178.2038695384127,178.2038695384127,-13.31214654012162,-13.31214654012162,-13.31214654012162,-1.363688776833322,-1.363688776833322,-1.363688776833322,-11.9484577632883,-11.9484577632883,-11.9484577632883,0.0,0.0,0.0,164.89172299829107
2023-04-28,178.65225451690367,157.3227409513627,174.0988507944417,178.65225451690367,178.65225451690367,-13.250903591606257,-13.250903591606257,-13.250903591606257,-1.2444231541397157,-1.2444231541397157,-1.2444231541397157,-12.00648043746654,-12.00648043746654,-12.00648043746654,0.0,0.0,0.0,165.4013509252974
2023-05-01,179.9974094523767,158.4843888366529,174.88385431165887,179.9974094523767,179.9974094523767,-13.280900755288886,-13.280900755288886,-13.280900755288886,-1.1144795683857214,-1.1144795683857214,-1.1144795683857214,-12.166421186903166,-12.166421186903166,-12.166421186903166,0.0,0.0,0.0,166.71650869708782
2023-05-02,180.44579443086766,159.41040552821215,176.07203654822118,180.44579443086766,180.44579443086766,-13.383652431316602,-13.383652431316602,-13.383652431316602,-1.1667503843736196,-1.1667503843736196,-1.1667503843736196,-12.21690204694298,-12.21690204694298,-12.21690204694298,0.0,0.0,0.0,167.06214199955107
2023-05-03,180.89417940935863,158.92607112625458,176.0010080439346,180.89417940935863,180.89417940935863,-13.532188001847224,-13.532188001847224,-13.532188001847224,-1.2655538951693002,-1.2655538951693002,-1.2655538951693002,-12.266634106677925,-12.266634106677925,-12.266634106677925,0.0,0.0,0.0,167.3619914075114
2023-05-04,181.3425643878497,159.3805060970447,175.91760916883612,181.3425643878497,181.3425643878497,-13.67948818556844,-13.67948818556844,-13.67948818556844,-1.3636887768300974,-1.3636887768300974,-1.3636887768300974,-12.315799408738343,-12.315799408738343,-12.315799408738343,0.0,0.0,0.0,167.66307620228127
2023-05-05,181.79094936634067,159.8926583913998,176.3835605897848,181.79094936634067,181.79094936634067,-13.608830288052342,-13.608830288052342,-13.608830288052342,-1.2444231541337314,-1.2444231541337314,-1.2444231541337314,-12.36440713391861,-12.36440713391861,-12.36440713391861,0.0,0.0,0.0,168.18211907828834
2023-05-08,183.1361043018138,161.681106273764,178.31059042646174,183.1361043018138,183.1361043018138,-13.61867849460146,-13.61867849460146,-13.61867849460146,-1.114479568388652,-1.114479568388652,-1.114479568388652,-12.504198926212807,-12.504198926212807,-12.504198926212807,0.0,0.0,0.0,169.51742580721233
2023-05-09,183.58448928030475,161.64690245530724,178.08160348246855,183.58448928030475,183.58448928030475,-13.713716784305166,-13.713716784305166,-13.713716784305166,-1.166750384374161,-1.166750384374161,-1.166750384374161,-12.546966399931005,-12.546966399931005,-12.546966399931005,0.0,0.0,0.0,169.87077249599957
2023-05-10,184.03287425879563,161.75513436051688,178.49180740021364,184.03287425879563,184.03287425879563,-13.852033581485276,-13.852033581485276,-13.852033581485276,-1.2655538951693788,-1.2655538951693788,-1.2655538951693788,-12.586479686315899,-12.586479686315899,-12.586479686315899,0.0,0.0,0.0,170.18084067731036
2023-05-11,183.9946741623439,161.66920685685042,178.14081863457776,183.9946741623439,183.9946741623439,-13.98540336262269,-13.98540336262269,-13.98540336262269,-1.3636887768312627,-1.3636887768312627,-1.3636887768312627,-12.62171458579143,-12.62171458579143,-12.62171458579143,0.0,0.0,0.0,170.0092707997212
2023-05-12,183.95647406589214,161.79046369696374,178.61645887984469,183.95647406589214,183.95647406589214,-13.895958188756763,-13.895958188756763,-13.895958188756763,-1.2444231541336412,-1.2444231541336412,-1.2444231541336412,-12.651535034623123,-12.651535034623123,-12.651535034623123,0.0,0.0,0.0,170.06051587713537
2023-05-15,183.84187377653691,162.09991366046071,178.15715261945556,183.84187377653691,183.84187377653691,-13.810629180886664,-13.810629180886664,-13.810629180886664,-1.1144795683791884,-1.1144795683791884,-1.1144795683791884,-12.696149612507476,-12.696149612507476,-12.696149612507476,0.0,0.0,0.0,170.03124459565026
2023-05-16,183.80367368008515,161.75191120267698,177.87794774181071,183.80367368008515,183.80367368008515,-13.858620454461642,-13.858620454461642,-13.858620454461642,-1.1667503843713478,-1.1667503843713478,-1.1667503843713478,-12.691870070090292,-12.691870070090292,-12.691870070090292,0.0,0.0,0.0,169.94505322562352
2023-05-17,183.7654735836334,161.45409295866935,177.64807135012643,183.7654735836334,183.7654735836334,-13.941557615655482,-13.941557615655482,-13.941557615655482,-1.2655538951695238,-1.2655538951695238,-1.2655538951695238,-12.676003720485957,-12.676003720485957,-12.676003720485957,0.0,0.0,0.0,169.8239159679779
2023-05-18,183.72727348718166,161.68272524252652,178.1271233877449,183.72727348718166,183.72727348718166,-14.011163755992483,-14.011163755992483,-14.011163755992483,-1.3636887768308108,-1.3636887768308108,-1.3636887768308108,-12.647474979161673,-12.647474979161673,-12.647474979161673,0.0,0.0,0.0,169.7161097311892
2023-05-19,183.68907339072993,161.0703462587114,178.3260757625954,183.68907339072993,183.68907339072993,-13.84976664990335,-13.84976664990335,-13.84976664990335,-1.2444231541306043,-1.2444231541306043,-1.2444231541306043,-12.605343495772745,-12.605343495772745,-12.605343495772745,0.0,0.0,0.0,169.83930674082657
2023-05-22,183.5744731013747,162.29014919423548,178.84010832614695,183.5744731013747,183.5744731013747,-13.505021022246172,-13.505021022246172,-13.505021022246172,-1.1144795683821191,-1.1144795683821191,-1.1144795683821191,-12.390541453864053,-12.390541453864053,-12.390541453864053,0.0,0.0,0.0,170.06945207912852
2023-05-23,183.53627300492298,162.29014630894144,178.51364934072103,183.53627300492298,183.53627300492298,-13.454973967585978,-13.454973967585978,-13.454973967585978,-1.1667503843718896,-1.1667503843718896,-1.1667503843718896,-12.288223583214089,-12.288223583214089,-12.288223583214089,0.0,0.0,0.0,170.081299037337
2023-05-24,183.4980729084712,162.16843640392753,178.10659058771057,183.4980729084712,183.4980729084712,-13.436028066826397,-13.436028066826397,-13.436028066826397,-1.265553895169602,-1.265553895169602,-1.265553895169602,-12.170474171656796,-12.170474171656796,-12.170474171656796,0.0,0.0,0.0,170.0620448416448
2023-05-25,183.45987281201946,161.41345625275952,178.0899720148279,183.45987281201946,183.45987281201946,-13.401275410466848,-13.401275410466848,-13.401275410466848,-1.363688776831976,-1.363688776831976,-1.363688776831976,-12.037586633634872,-12.037586633634872,-12.037586633634872,0.0,0.0,0.0,170.05859740155262
2023-05-26,183.42167271556772,162.03028097646592,178.6218209660117,183.42167271556772,183.42167271556772,-13.134493227763093,-13.134493227763093,-13.134493227763093,-1.2444231541405997,-1.2444231541405997,-1.2444231541405997,-11.890070073622493,-11.890070073622493,-11.890070073622493,0.0,0.0,0.0,170.28717948780462
2023-05-30,183.26887232976074,162.7872236245202,179.01357961494543,183.26887232976074,183.26887232976074,-12.337114585164748,-12.337114585164748,-12.337114585164748,-1.1667503843732285,-1.1667503843732285,-1.1667503843732285,-11.17036420079152,-11.17036420079152,-11.17036420079152,0.0,0.0,0.0,170.93175774459598
2023-05-31,183.230672233309,162.47069328276015,178.71913045433104,183.230672233309,183.230672233309,-12.228962693813402,-12.228962693813402,-12.228962693813402,-1.2655538951691403,-1.2655538951691403,-1.2655538951691403,-10.963408798644263,-10.963408798644263,-10.963408798644263,0.0,0.0,0.0,171.0017095394956
2023-06-01,183.19247213685725,163.5244122129624,178.3174501080871,183.19247213685725,183.19247213685725,-12.111769341045253,-12.111769341045253,-12.111769341045253,-1.3636887768315245,-1.3636887768315245,-1.3636887768315245,-10.74808056421373,-10.74808056421373,-10.74808056421373,0.0,0.0,0.0,171.080702795812
2023-06-02,183.15427204040552,162.60680050307786,179.94068532230258,183.15427204040552,183.15427204040552,-11.770050393582952,-11.770050393582952,-11.770050393582952,-1.244423154137562,-1.244423154137562,-1.244423154137562,-10.525627239445392,-10.525627239445392,-10.525627239445392,0.0,0.0,0.0,171.38422164682257
2023-06-05,183.03967175105026,164.14020322316867,180.71454301058955,183.03967175105026,183.03967175105026,-10.941419266276242,-10.941419266276242,-10.941419266276242,-1.1144795683849922,-1.1144795683849922,-1.1144795683849922,-9.82693969789125,-9.82693969789125,-9.82693969789125,0.0,0.0,0.0,172.09825248477404
2023-06-06,183.00147165459853,163.96195774160046,180.71502263592993,183.00147165459853,183.00147165459853,-10.753519716554287,-10.753519716554287,-10.753519716554287,-1.16675038437377,-1.16675038437377,-1.16675038437377,-9.586769332180516,-9.586769332180516,-9.586769332180516,0.0,0.0,0.0,172.24795193804425
2023-06-07,182.9632715581468,164.37571983916362,180.70896524147366,182.9632715581468,182.9632715581468,-10.609652099921698,-10.609652099921698,-10.609652099921698,-1.2655538951692522,-1.2655538951692522,-1.2655538951692522,-9.344098204752445,-9.344098204752445,-9.344098204752445,0.0,0.0,0.0,172.3536194582251
2023-06-08,182.925071461695,164.3250365288102,180.3232530676053,182.925071461695,182.925071461695,-10.462966361955694,-10.462966361955694,-10.462966361955694,-1.3636887768343062,-1.3636887768343062,-1.3636887768343062,-9.099277585121385,-9.099277585121385,-9.099277585121385,0.0,0.0,0.0,172.46210509973932
2023-06-09,182.8868713652433,164.13003881848903,181.4185936184524,182.8868713652433,182.8868713652433,-10.096832427945015,-10.096832427945015,-10.096832427945015,-1.2444231541345252,-1.2444231541345252,-1.2444231541345252,-8.85240927381049,-8.85240927381049,-8.85240927381049,0.0,0.0,0.0,172.7900389372983
2023-06-12,182.77227107588806,165.06888652193211,181.88939744899105,182.77227107588806,182.77227107588806,-9.211117475374673,-9.211117475374673,-9.211117475374673,-1.114479568384935,-1.114479568384935,-1.114479568384935,-8.096637906989736,-8.096637906989736,-8.096637906989736,0.0,0.0,0.0,173.5611536005134
2023-06-13,182.73407097943632,165.22853402576055,182.41237373001226,182.73407097943632,182.73407097943632,-9.004179796363957,-9.004179796363957,-9.004179796363957,-1.1667503843726341,-1.1667503843726341,-1.1667503843726341,-7.837429411991322,-7.837429411991322,-7.837429411991322,0.0,0.0,0.0,173.72989118307237
2023-06-14,182.6958708829846,165.2260760036813,181.8168885705757,182.6958708829846,182.6958708829846,-8.838440564707977,-8.838440564707977,-8.838440564707977,-1.2655538951693637,-1.2655538951693637,-1.2655538951693637,-7.5728866695386134,-7.5728866695386134,-7.5728866695386134,0.0,0.0,0.0,173.8574303182766
2023-06-15,182.65767078653283,165.72046516666714,182.47600646264823,182.65767078653283,182.65767078653283,-8.665395968519583,-8.665395968519583,-8.665395968519583,-1.3636887768338546,-1.3636887768338546,-1.3636887768338546,-7.301707191685728,-7.301707191685728,-7.301707191685728,0.0,0.0,0.0,173.99227481801324
2023-06-16,182.61947069008107,166.76578677395173,182.85199662660585,182.61947069008107,182.61947069008107,-8.266874614299693,-8.266874614299693,-8.266874614299693,-1.24442315414452,-1.24442315414452,-1.24442315414452,-7.022451460155172,-7.022451460155172,-7.022451460155172,0.0,0.0,0.0,174.35259607578138
2023-06-20,182.4666703042741,167.45150122344808,183.18042749309217,182.4666703042741,182.4666703042741,-6.960683466911262,-6.960683466911262,-6.960683466911262,-1.1667503843714988,-1.1667503843714988,-1.1667503843714988,-5.7939330825397635,-5.7939330825397635,-5.7939330825397635,0.0,0.0,0.0,175.50598683736283
2023-06-21,182.42847020782236,167.1279138040341,183.97297199610492,182.42847020782236,182.42847020782236,-6.717119071692055,-6.717119071692055,-6.717119071692055,-1.265553895169442,-1.265553895169442,-1.265553895169442,-5.451565176522613,-5.451565176522613,-5.451565176522613,0.0,0.0,0.0,175.7113511361303
2023-06-22,182.39027011137063,167.968477945066,184.06301258117205,182.39027011137063,182.39027011137063,-6.45631179683616,-6.45631179683616,-6.45631179683616,-1.36368877683063,-1.36368877683063,-1.36368877683063,-5.09262302000553,-5.09262302000553,-5.09262302000553,0.0,0.0,0.0,175.93395831453446
2023-06-23,182.35207001491887,168.37400785810928,184.5731540394333,182.35207001491887,182.35207001491887,-5.960691856142294,-5.960691856142294,-5.960691856142294,-1.2444231541444304,-1.2444231541444304,-1.2444231541444304,-4.716268701997864,-4.716268701997864,-4.716268701997864,0.0,0.0,0.0,176.39137815877658
2023-06-26,182.23746972556367,169.37597917591148,186.35217263460848,182.23746972556367,182.23746972556367,-4.593887996236752,-4.593887996236752,-4.593887996236752,-1.1144795683813904,-1.1144795683813904,-1.1144795683813904,-3.479408427855363,-3.479408427855363,-3.479408427855363,0.0,0.0,0.0,177.6435817293269
2023-06-27,182.19926962911188,169.01896548667574,186.21899356091353,182.19926962911188,182.19926962911188,-4.198810927253784,-4.198810927253784,-4.198810927253784,-1.1667503843745144,-1.1667503843745144,-1.1667503843745144,-3.0320605428792695,-3.0320605428792695,-3.0320605428792695,0.0,0.0,0.0,178.0004587018581
2023-06-28,182.16106953266015,170.3605035096984,186.768840482889,182.16106953266015,182.16106953266015,-3.8342666030082824,-3.8342666030082824,-3.8342666030082824,-1.2655538951695202,-1.2655538951695202,-1.2655538951695202,-2.5687127078387624,-2.5687127078387624,-2.5687127078387624,0.0,0.0,0.0,178.32680292965188
2023-06-29,182.12286943620842,170.30842179780214,186.55013527078466,182.12286943620842,182.12286943620842,-3.454662564859311,-3.454662564859311,-3.454662564859311,-1.363688776831795,-1.363688776831795,-1.363688776831795,-2.090973788027516,-2.090973788027516,-2.090973788027516,0.0,0.0,0.0,178.6682068713491
2023-06-30,182.0846693397567,170.6367718574631,188.12307479801726,182.0846693397567,182.0846693397567,-2.845336547296426,-2.845336547296426,-2.845336547296426,-1.244423154138446,-1.244423154138446,-1.244423154138446,-1.60091339315798,-1.60091339315798,-1.60091339315798,0.0,0.0,0.0,179.23933279246026
2023-07-03,181.97006905040143,172.11800983550205,188.8673207472389,181.97006905040143,181.97006905040143,-1.1984593403217385,-1.1984593403217385,-1.1984593403217385,-1.1144795683843212,-1.1144795683843212,-1.1144795683843212,-0.08397977193741717,-0.08397977193741717,-0.08397977193741717,0.0,0.0,0.0,180.7716097100797
2023-07-05,181.89366885749794,173.68315902415284,189.79906168531417,181.89366885749794,181.89366885749794,-0.33292648542266423,-0.33292648542266423,-0.33292648542266423,-1.2655538951696323,-1.2655538951696323,-1.2655538951696323,0.932627409746968,0.932627409746968,0.932627409746968,0.0,0.0,0.0,181.56074237207528
2023-07-06,181.8554687610462,173.74226852876237,190.428539467792,181.8554687610462,181.8554687610462,0.06727866882037398,0.06727866882037398,0.06727866882037398,-1.3636887768329602,-1.3636887768329602,-1.3636887768329602,1.4309674456533341,1.4309674456533341,1.4309674456533341,0.0,0.0,0.0,181.92274742986658
2023-07-07,181.81726866459445,173.65048394784336,190.4009196904678,181.81726866459445,181.81726866459445,0.6727194131768006,0.6727194131768006,0.6727194131768006,-1.2444231541383561,-1.2444231541383561,-1.2444231541383561,1.9171425673151565,1.9171425673151565,1.9171425673151565,0.0,0.0,0.0,182.48998807777124
2023-07-10,181.7026683752392,175.33204928950028,191.6304637999074,181.7026683752392,181.7026683752392,2.1468631148351793,2.1468631148351793,2.1468631148351793,-1.1144795683842634,-1.1144795683842634,-1.1144795683842634,3.2613426832194428,3.2613426832194428,3.2613426832194428,0.0,0.0,0.0,183.84953149007438
2023-07-11,181.63322982143234,175.8573630716533,192.5567141375901,181.63322982143234,181.63322982143234,2.4915354847865676,2.4915354847865676,2.4915354847865676,-1.166750384372243,-1.166750384372243,-1.166750384372243,3.6582858691588105,3.6582858691588105,3.6582858691588105,0.0,0.0,0.0,184.1247653062189
2023-07-12,181.56379126762553,176.35778464735574,192.5039291642133,181.56379126762553,181.56379126762553,2.7583130692975097,2.7583130692975097,2.7583130692975097,-1.2655538951697436,-1.2655538951697436,-1.2655538951697436,4.023866964467254,4.023866964467254,4.023866964467254,0.0,0.0,0.0,184.32210433692305
2023-07-13,181.4943527138187,176.30744748819188,193.1305099613419,181.4943527138187,181.4943527138187,2.991528286828503,2.991528286828503,2.991528286828503,-1.3636887768297354,-1.3636887768297354,-1.3636887768297354,4.355217063658238,4.355217063658238,4.355217063658238,0.0,0.0,0.0,184.4858810006472
2023-07-14,181.42491416001184,175.47593014173097,193.867055886655,181.42491416001184,181.42491416001184,3.4055651426372022,3.4055651426372022,3.4055651426372022,-1.2444231541353186,-1.2444231541353186,-1.2444231541353186,4.649988296772521,4.649988296772521,4.649988296772521,0.0,0.0,0.0,184.83047930264905
2023-07-17,181.21659849859134,177.3580010175498,193.97100939142203,181.21659849859134,181.21659849859134,4.186059922813196,4.186059922813196,4.186059922813196,-1.1144795683871946,-1.1144795683871946,-1.1144795683871946,5.30053949120039,5.30053949120039,5.30053949120039,0.0,0.0,0.0,185.40265842140454
2023-07-18,181.14715994478453,177.42055763187594,194.61631600855375,181.14715994478453,181.14715994478453,4.271360948178689,4.271360948178689,4.271360948178689,-1.166750384372785,-1.166750384372785,-1.166750384372785,5.438111332551474,5.438111332551474,5.438111332551474,0.0,0.0,0.0,185.41852089296322
2023-07-19,181.0777213909777,177.05675878970098,193.21010410230141,181.0777213909777,181.0777213909777,4.27161793972203,4.27161793972203,4.27161793972203,-1.2655538951692822,-1.2655538951692822,-1.2655538951692822,5.537171834891312,5.537171834891312,5.537171834891312,0.0,0.0,0.0,185.34933933069973
2023-07-20,181.00828283717087,177.09488156518643,193.5283255454896,181.00828283717087,181.00828283717087,4.235811267749253,4.235811267749253,4.235811267749253,-1.3636887768309005,-1.3636887768309005,-1.3636887768309005,5.599500044580154,5.599500044580154,5.599500044580154,0.0,0.0,0.0,185.24409410492012
2023-07-21,180.938844283364,177.32559589482423,193.05586917326931,180.938844283364,180.938844283364,4.383167722786982,4.383167722786982,4.383167722786982,-1.2444231541352282,-1.2444231541352282,-1.2444231541352282,5.62759087692221,5.62759087692221,5.62759087692221,0.0,0.0,0.0,185.322012006151
2023-07-24,180.73052862194353,177.71757966110974,193.91173419878612,180.73052862194353,180.73052862194353,4.426774106461453,4.426774106461453,4.426774106461453,-1.1144795683777307,-1.1144795683777307,-1.1144795683777307,5.541253674839184,5.541253674839184,5.541253674839184,0.0,0.0,0.0,185.157302728405
2023-07-25,180.66109006813667,176.57083531013345,192.2638443880932,180.66109006813667,180.66109006813667,4.303307853967847,4.303307853967847,4.303307853967847,-1.1667503843716491,-1.1667503843716491,-1.1667503843716491,5.4700582383394964,5.4700582383394964,5.4700582383394964,0.0,0.0,0.0,184.96439792210452
2023-07-26,180.59165151432987,176.7850531464016,192.5932321331508,180.59165151432987,180.59165151432987,4.120464273395789,4.120464273395789,4.120464273395789,-1.2655538951693603,-1.2655538951693603,-1.2655538951693603,5.386018168565149,5.386018168565149,5.386018168565149,0.0,0.0,0.0,184.71211578772565
2023-07-27,180.52221296052304,176.21281536437266,192.70650476461248,180.52221296052304,180.52221296052304,3.9309375232452064,3.9309375232452064,3.9309375232452064,-1.3636887768304489,-1.3636887768304489,-1.3636887768304489,5.294626300075655,5.294626300075655,5.294626300075655,0.0,0.0,0.0,184.45315048376824
2023-07-28,180.45277440671617,175.267950324856,193.08039646737458,180.45277440671617,180.45277440671617,3.9571121422414697,3.9571121422414697,3.9571121422414697,-1.244423154132191,-1.244423154132191,-1.244423154132191,5.2015352963736605,5.2015352963736605,5.2015352963736605,0.0,0.0,0.0,184.40988654895764
2023-07-31,180.24445874529567,176.05066962546005,192.66856597562378,180.24445874529567,180.24445874529567,3.853950027662886,3.853950027662886,3.853950027662886,-1.1144795683806614,-1.1144795683806614,-1.1144795683806614,4.968429596043547,4.968429596043547,4.968429596043547,0.0,0.0,0.0,184.09840877295855
2023-08-01,180.17502019148887,175.81623702878161,191.8768038734652,180.17502019148887,180.17502019148887,3.757227777272521,3.757227777272521,3.757227777272521,-1.1667503843721911,-1.1667503843721911,-1.1667503843721911,4.923978161644712,4.923978161644712,4.923978161644712,0.0,0.0,0.0,183.9322479687614
2023-08-02,180.10558163768204,175.09804314306984,192.34457250151522,180.10558163768204,180.10558163768204,3.638638546009588,3.638638546009588,3.638638546009588,-1.2655538951695058,-1.2655538951695058,-1.2655538951695058,4.904192441179093,4.904192441179093,4.904192441179093,0.0,0.0,0.0,183.74422018369162
2023-08-03,180.0361430838752,175.71526249559994,191.4284207892847,180.0361430838752,180.0361430838752,3.549432732790203,3.549432732790203,3.549432732790203,-1.3636887768332309,-1.3636887768332309,-1.3636887768332309,4.913121509623434,4.913121509623434,4.913121509623434,0.0,0.0,0.0,183.5855758166654
2023-08-04,179.96670453006837,175.45054330361384,192.7845965114659,179.96670453006837,179.96670453006837,3.709730434759856,3.709730434759856,3.709730434759856,-1.2444231541421864,-1.2444231541421864,-1.2444231541421864,4.9541535889020425,4.9541535889020425,4.9541535889020425,0.0,0.0,0.0,183.67643496482822
2023-08-07,179.75838886864787,175.5695140829961,191.97016024295147,179.75838886864787,179.75838886864787,4.177644887479932,4.177644887479932,4.177644887479932,-1.1144795683806037,-1.1144795683806037,-1.1144795683806037,5.292124455860536,5.292124455860536,5.292124455860536,0.0,0.0,0.0,183.9360337561278
2023-08-08,179.68895031484104,175.9973608164209,192.35314973319402,179.68895031484104,179.68895031484104,4.312778111782484,4.312778111782484,4.312778111782484,-1.1667503843710554,-1.1667503843710554,-1.1667503843710554,5.47952849615354,5.47952849615354,5.47952849615354,0.0,0.0,0.0,184.00172842662352
2023-08-09,179.6195117610342,175.72197593118636,192.30891941923812,179.6195117610342,179.6195117610342,4.4380382536289975,4.4380382536289975,4.4380382536289975,-1.2655538951690104,-1.2655538951690104,-1.2655538951690104,5.703592148798008,5.703592148798008,5.703592148798008,0.0,0.0,0.0,184.0575500146632
2023-08-10,179.55007320722737,175.78774533780899,192.09641758484233,179.55007320722737,179.55007320722737,4.598811373670057,4.598811373670057,4.598811373670057,-1.363688776832779,-1.363688776832779,-1.363688776832779,5.962500150502836,5.962500150502836,5.962500150502836,0.0,0.0,0.0,184.14888458089743
2023-08-11,179.4806346534205,176.16458535759241,192.78533085442703,179.4806346534205,179.4806346534205,5.009112172886326,5.009112172886326,5.009112172886326,-1.244423154139149,-1.244423154139149,-1.244423154139149,6.2535353270254745,6.2535353270254745,6.2535353270254745,0.0,0.0,0.0,184.48974682630683
2023-08-14,179.272318992,177.5524848174158,194.26248752599614,179.272318992,179.272318992,6.165253124508214,6.165253124508214,6.165253124508214,-1.1144795683865232,-1.1144795683865232,-1.1144795683865232,7.279732692894738,7.279732692894738,7.279732692894738,0.0,0.0,0.0,185.43757211650822
2023-08-15,179.20288043819323,177.32090380197883,194.01459811041963,179.20288043819323,179.20288043819323,6.489202570112567,6.489202570112567,6.489202570112567,-1.1667503843740714,-1.1667503843740714,-1.1667503843740714,7.655952954486638,7.655952954486638,7.655952954486638,0.0,0.0,0.0,185.6920830083058
2023-08-16,179.13344188438637,177.90961949200835,194.1236121569954,179.13344188438637,179.13344188438637,6.773765828468677,6.773765828468677,6.773765828468677,-1.2655538951691556,-1.2655538951691556,-1.2655538951691556,8.039319723637833,8.039319723637833,8.039319723637833,0.0,0.0,0.0,185.90720771285504
2023-08-17,179.06400333057954,177.9157869733512,194.35390574531414,179.06400333057954,179.06400333057954,7.059529092956526,7.059529092956526,7.059529092956526,-1.3636887768323274,-1.3636887768323274,-1.3636887768323274,8.423217869788854,8.423217869788854,8.423217869788854,0.0,0.0,0.0,186.12353242353606
2023-08-18,178.9945647767727,178.34716882847752,194.7352152282278,178.9945647767727,178.9945647767727,7.5563507085253265,7.5563507085253265,7.5563507085253265,-1.2444231541390587,-1.2444231541390587,-1.2444231541390587,8.800773862664386,8.800773862664386,8.800773862664386,0.0,0.0,0.0,186.55091548529802
2023-08-21,178.7862491153522,179.39250389964351,195.48971919077178,178.7862491153522,178.7862491153522,8.711214954852197,8.711214954852197,8.711214954852197,-1.1144795683864657,-1.1144795683864657,-1.1144795683864657,9.825694523238665,9.825694523238665,9.825694523238665,0.0,0.0,0.0,187.49746407020442
2023-08-22,178.71681056154537,179.83003522223612,196.19046862218133,178.71681056154537,178.71681056154537,8.94210622243895,8.94210622243895,8.94210622243895,-1.1667503843729354,-1.1667503843729354,-1.1667503843729354,10.108856606811885,10.108856606811885,10.108856606811885,0.0,0.0,0.0,187.65891678398432
2023-08-23,178.64737200773854,179.5769089508582,196.01389915236695,178.64737200773854,178.64737200773854,9.086763360407776,9.086763360407776,9.086763360407776,-1.265553895169234,-1.265553895169234,-1.265553895169234,10.35231725557701,10.35231725557701,10.35231725557701,0.0,0.0,0.0,187.73413536814633
2023-08-24,178.5779334539317,179.8535664682026,196.21101877690492,178.5779334539317,178.5779334539317,9.186875224270016,9.186875224270016,9.186875224270016,-1.3636887768334927,-1.3636887768334927,-1.3636887768334927,10.55056400110351,10.55056400110351,10.55056400110351,0.0,0.0,0.0,187.76480867820172
2023-08-25,178.5084949001249,180.1460393741093,196.7580791896123,178.5084949001249,178.5084949001249,9.454335555065862,9.454335555065862,9.454335555065862,-1.2444231541330746,-1.2444231541330746,-1.2444231541330746,10.698758709198936,10.698758709198936,10.698758709198936,0.0,0.0,0.0,187.96283045519075
2023-08-28,178.30017923870435,179.62786536978092,195.87560290584952,178.30017923870435,178.30017923870435,9.69227389503572,9.69227389503572,9.69227389503572,-1.1144795683864073,-1.1144795683864073,-1.1144795683864073,10.806753463422128,10.806753463422128,10.806753463422128,0.0,0.0,0.0,187.99245313374007
2023-08-29,178.23074068489757,179.7690459389125,195.96750609075272,178.23074068489757,178.23074068489757,9.556253398796091,9.556253398796091,9.556253398796091,-1.1667503843734774,-1.1667503843734774,-1.1667503843734774,10.723003783169569,10.723003783169569,10.723003783169569,0.0,0.0,0.0,187.78699408369366
2023-08-30,178.1613021310907,178.5176171967051,195.7203680105431,178.1613021310907,178.1613021310907,9.31248675353423,9.31248675353423,9.31248675353423,-1.2655538951693457,-1.2655538951693457,-1.2655538951693457,10.578040648703576,10.578040648703576,10.578040648703576,0.0,0.0,0.0,187.47378888462492
2023-08-31,178.09186357728387,178.49501882806143,195.2130377076196,178.09186357728387,178.09186357728387,9.008877036162648,9.008877036162648,9.008877036162648,-1.363688776828651,-1.363688776828651,-1.363688776828651,10.372565812991297,10.372565812991297,10.372565812991297,0.0,0.0,0.0,187.10074061344653
2023-09-01,178.02242502347707,178.15139192953504,194.88065110062678,178.02242502347707,178.02242502347707,8.863852518945805,8.863852518945805,8.863852518945805,-1.2444231541329844,-1.2444231541329844,-1.2444231541329844,10.10827567307879,10.10827567307879,10.10827567307879,0.0,0.0,0.0,186.88627754242287
2023-09-05,177.7446708082497,176.9139493222492,193.45984677281524,177.7446708082497,177.7446708082497,7.362557321641164,7.362557321641164,7.362557321641164,-1.1667503843748162,-1.1667503843748162,-1.1667503843748162,8.52930770601598,8.52930770601598,8.52930770601598,0.0,0.0,0.0,185.10722812989087
2023-09-06,177.67523225444296,176.01327752224836,193.34292755735115,177.67523225444296,177.67523225444296,6.762273566621655,6.762273566621655,6.762273566621655,-1.2655538951694574,-1.2655538951694574,-1.2655538951694574,8.027827461791112,8.027827461791112,8.027827461791112,0.0,0.0,0.0,184.4375058210646
2023-09-07,177.65257943927307,174.3699768929905,192.00857357467982,177.65257943927307,177.65257943927307,6.1317773600672485,6.1317773600672485,6.1317773600672485,-1.363688776831433,-1.363688776831433,-1.363688776831433,7.495466136898681,7.495466136898681,7.495466136898681,0.0,0.0,0.0,183.78435679934032
2023-09-08,177.6299266241032,175.12259974955475,190.78366234712914,177.6299266241032,177.6299266241032,5.694558221933369,5.694558221933369,5.694558221933369,-1.2444231541328943,-1.2444231541328943,-1.2444231541328943,6.938981376066263,6.938981376066263,6.938981376066263,0.0,0.0,0.0,183.32448484603657
2023-09-11,177.56196817859356,172.7144690023233,189.76696364283524,177.56196817859356,177.56196817859356,4.0813577183978955,4.0813577183978955,4.0813577183978955,-1.114479568376886,-1.114479568376886,-1.114479568376886,5.195837286774781,5.195837286774781,5.195837286774781,0.0,0.0,0.0,181.64332589699146
2023-09-12,177.53931536342367,172.4818073529555,188.93047727913552,177.53931536342367,177.53931536342367,3.44738213778721,3.44738213778721,3.44738213778721,-1.1667503843753582,-1.1667503843753582,-1.1667503843753582,4.614132522162568,4.614132522162568,4.614132522162568,0.0,0.0,0.0,180.98669750121087
2023-09-13,177.51666254825378,171.71080555338335,188.4683521735599,177.51666254825378,177.51666254825378,2.7781491277374974,2.7781491277374974,2.7781491277374974,-1.2655538951695693,-1.2655538951695693,-1.2655538951695693,4.043703022907067,4.043703022907067,4.043703022907067,0.0,0.0,0.0,180.29481167599127
2023-09-14,177.4940097330839,171.5100387763431,188.6988661758122,177.4940097330839,177.4940097330839,2.1273495888737206,2.1273495888737206,2.1273495888737206,-1.3636887768309813,-1.3636887768309813,-1.3636887768309813,3.4910383657047017,3.4910383657047017,3.4910383657047017,0.0,0.0,0.0,179.62135932195764
2023-09-15,177.47135691791402,171.55064228182098,187.8616441813071,177.47135691791402,177.47135691791402,1.7177300879780815,1.7177300879780815,1.7177300879780815,-1.2444231541298574,-1.2444231541298574,-1.2444231541298574,2.962153242107939,2.962153242107939,2.962153242107939,0.0,0.0,0.0,179.1890870058921
2023-09-18,177.4033984724044,169.85629203624376,185.88570766669906,177.4033984724044,177.4033984724044,0.45473301267325755,0.45473301267325755,0.45473301267325755,-1.1144795683828057,-1.1144795683828057,-1.1144795683828057,1.569212581056063,1.569212581056063,1.569212581056063,0.0,0.0,0.0,177.85813148507765
2023-09-19,177.38074565723448,169.08870877854696,186.33630699829422,177.38074565723448,177.38074565723448,0.01616990850454177,0.01616990850454177,0.01616990850454177,-1.1667503843725449,-1.1667503843725449,-1.1667503843725449,1.1829202928770866,1.1829202928770866,1.1829202928770866,0.0,0.0,0.0,177.39691556573902
2023-09-20,177.35809284206462,168.83791933540712,185.5127091524095,177.35809284206462,177.35809284206462,-0.42515961123463336,-0.42515961123463336,-0.42515961123463336,-1.2655538951696474,-1.2655538951696474,-1.2655538951696474,0.8403942839350143,0.8403942839350143,0.8403942839350143,0.0,0.0,0.0,176.93293323083
2023-09-21,177.33544002689473,168.3792000462753,184.86775140466415,177.33544002689473,177.33544002689473,-0.82044702562604,-0.82044702562604,-0.82044702562604,-1.3636887768321464,-1.3636887768321464,-1.3636887768321464,0.5432417512061065,0.5432417512061065,0.5432417512061065,0.0,0.0,0.0,176.5149930012687
2023-09-22,177.31278721172487,168.18140582229287,184.9667062554448,177.31278721172487,177.31278721172487,-0.9521944942479501,-0.9521944942479501,-0.9521944942479501,-1.2444231541398527,-1.2444231541398527,-1.2444231541398527,0.2922286598919024,0.2922286598919024,0.2922286598919024,0.0,0.0,0.0,176.36059271747692
2023-09-25,177.24482876621522,167.72742154677874,183.6108279581455,177.24482876621522,177.24482876621522,-1.3029731729623661,-1.3029731729623661,-1.3029731729623661,-1.1144795683827478,-1.1144795683827478,-1.1144795683827478,-0.18849360457961847,-0.18849360457961847,-0.18849360457961847,0.0,0.0,0.0,175.94185559325285
2023-09-26,177.22217595104533,167.25208206591722,184.24962320806122,177.22217595104533,177.22217595104533,-1.4299860600584413,-1.4299860600584413,-1.4299860600584413,-1.1667503843730866,-1.1667503843730866,-1.1667503843730866,-0.2632356756853547,-0.2632356756853547,-0.2632356756853547,0.0,0.0,0.0,175.7921898909869
2023-09-27,177.19952313587547,167.58813680288708,183.92388020486422,177.19952313587547,177.19952313587547,-1.5650913277013838,-1.5650913277013838,-1.5650913277013838,-1.2655538951691856,-1.2655538951691856,-1.2655538951691856,-0.29953743253219806,-0.29953743253219806,-0.29953743253219806,0.0,0.0,0.0,175.63443180817407
2023-09-28,177.17687032070558,167.25112640611573,184.51213698219132,177.17687032070558,177.17687032070558,-1.664516657873232,-1.664516657873232,-1.664516657873232,-1.3636887768333117,-1.3636887768333117,-1.3636887768333117,-0.30082788103992025,-0.30082788103992025,-0.30082788103992025,0.0,0.0,0.0,175.51235366283234
2023-09-29,177.1542175055357,167.59384909969546,183.64847020589232,177.1542175055357,177.1542175055357,-1.5153978533155708,-1.5153978533155708,-1.5153978533155708,-1.2444231541338686,-1.2444231541338686,-1.2444231541338686,-0.2709746991817022,-0.2709746991817022,-0.2709746991817022,0.0,0.0,0.0,175.63881965222015
2023-10-02,177.08625906002607,167.76581673913125,183.65757612523913,177.08625906002607,177.08625906002607,-1.1522306564060851,-1.1522306564060851,-1.1522306564060851,-1.1144795683856785,-1.1144795683856785,-1.1144795683856785,-0.0377510880204066,-0.0377510880204066,-0.0377510880204066,0.0,0.0,0.0,175.93402840361998
2023-10-03,177.06360624485615,167.6037766399142,184.10284069172675,177.06360624485615,177.06360624485615,-1.0940712222995215,-1.0940712222995215,-1.0940712222995215,-1.166750384373628,-1.166750384373628,-1.166750384373628,0.07267916207410662,0.07267916207410662,0.07267916207410662,0.0,0.0,0.0,175.9695350225566
2023-10-04,177.04095342968628,167.79476067937452,184.3048857102747,177.04095342968628,177.04095342968628,-1.0737487827817473,-1.0737487827817473,-1.0737487827817473,-1.265553895169264,-1.265553895169264,-1.265553895169264,0.19180511238751638,0.19180511238751638,0.19180511238751638,0.0,0.0,0.0,175.96720464690455
2023-10-05,177.01830061451642,167.75022753570474,184.26043341630614,177.01830061451642,177.01830061451642,-1.0484801496937655,-1.0484801496937655,-1.0484801496937655,-1.3636887768344768,-1.3636887768344768,-1.3636887768344768,0.31520862714071113,0.31520862714071113,0.31520862714071113,0.0,0.0,0.0,175.96982046482265
2023-10-06,176.99564779934656,167.46653094672308,185.34407704305022,176.99564779934656,176.99564779934656,-0.8057147085588277,-0.8057147085588277,-0.8057147085588277,-1.2444231541337778,-1.2444231541337778,-1.2444231541337778,0.4387084455749503,0.4387084455749503,0.4387084455749503,0.0,0.0,0.0,176.18993309078772
2023-10-09,176.9276893538369,168.15370282707104,184.4273775352276,176.9276893538369,176.9276893538369,-0.34140997706108767,-0.34140997706108767,-0.34140997706108767,-1.1144795683762148,-1.1144795683762148,-1.1144795683762148,0.7730695913151271,0.7730695913151271,0.7730695913151271,0.0,0.0,0.0,176.58627937677582
2023-10-10,176.905036538667,168.19724072969572,184.50602457350274,176.905036538667,176.905036538667,-0.30439677181158503,-0.30439677181158503,-0.30439677181158503,-1.1667503843708151,-1.1667503843708151,-1.1667503843708151,0.8623536125592302,0.8623536125592302,0.8623536125592302,0.0,0.0,0.0,176.6006397668554
2023-10-11,176.88238372349713,168.60571510117146,184.88378838959827,176.88238372349713,176.88238372349713,-0.32885135272919136,-0.32885135272919136,-0.32885135272919136,-1.2655538951694094,-1.2655538951694094,-1.2655538951694094,0.936702542440218,0.936702542440218,0.936702542440218,0.0,0.0,0.0,176.55353237076793
2023-10-12,176.85973090832726,168.3870851974084,185.14722308244623,176.85973090832726,176.85973090832726,-0.3690974116913749,-0.3690974116913749,-0.3690974116913749,-1.3636887768340251,-1.3636887768340251,-1.3636887768340251,0.9945913651426502,0.9945913651426502,0.9945913651426502,0.0,0.0,0.0,176.4906334966359
2023-10-13,176.83707809315737,168.10895603180194,184.5755815373698,176.83707809315737,176.83707809315737,-0.20938889979643224,-0.20938889979643224,-0.20938889979643224,-1.2444231541437731,-1.2444231541437731,-1.2444231541437731,1.035034254347341,1.035034254347341,1.035034254347341,0.0,0.0,0.0,176.62768919336094
2023-10-16,176.76911964764773,168.05590828867906,185.28309014628147,176.76911964764773,176.76911964764773,-0.06473978781639397,-0.06473978781639397,-0.06473978781639397,-1.114479568379146,-1.114479568379146,-1.114479568379146,1.049739780562752,1.049739780562752,1.049739780562752,0.0,0.0,0.0,176.70437985983133
2023-10-17,176.74646683247784,168.06427721210298,184.5105376511626,176.74646683247784,176.74646683247784,-0.14582090542961526,-0.14582090542961526,-0.14582090542961526,-1.1667503843713565,-1.1667503843713565,-1.1667503843713565,1.0209294789417414,1.0209294789417414,1.0209294789417414,0.0,0.0,0.0,176.60064592704822
2023-10-18,176.72381401730797,168.23037729438545,184.30706750877445,176.72381401730797,176.72381401730797,-0.2882603263739319,-0.2882603263739319,-0.2882603263739319,-1.2655538951694871,-1.2655538951694871,-1.2655538951694871,0.9772935687955554,0.9772935687955554,0.9772935687955554,0.0,0.0,0.0,176.43555369093403
2023-10-19,176.7011612021381,167.52619264976138,185.03135289266808,176.7011612021381,176.7011612021381,-0.4430642999724921,-0.4430642999724921,-0.4430642999724921,-1.3636887768324173,-1.3636887768324173,-1.3636887768324173,0.9206244768599252,0.9206244768599252,0.9206244768599252,0.0,0.0,0.0,176.25809690216562
2023-10-20,176.67850838696822,167.60757442664087,185.32693694732757,176.67850838696822,176.67850838696822,-0.3914004318932985,-0.3914004318932985,-0.3914004318932985,-1.2444231541436832,-1.2444231541436832,-1.2444231541436832,0.8530227222503847,0.8530227222503847,0.8530227222503847,0.0,0.0,0.0,176.28710795507493
2023-10-23,176.61054994145857,167.7411578965556,184.02817197924767,176.61054994145857,176.61054994145857,-0.5054753460761366,-0.5054753460761366,-0.5054753460761366,-1.1144795683820765,-1.1144795683820765,-1.1144795683820765,0.6090042223059398,0.6090042223059398,0.6090042223059398,0.0,0.0,0.0,176.10507459538243
2023-10-24,176.58789712628868,167.68448597450381,184.3178563351195,176.58789712628868,176.58789712628868,-0.6439952416770284,-0.6439952416770284,-0.6439952416770284,-1.166750384374373,-1.166750384374373,-1.166750384374373,0.5227551426973446,0.5227551426973446,0.5227551426973446,0.0,0.0,0.0,175.94390188461165
2023-10-25,176.5652443111188,167.3781857846631,184.195096376372,176.5652443111188,176.5652443111188,-0.8269474933571208,-0.8269474933571208,-0.8269474933571208,-1.2655538951695657,-1.2655538951695657,-1.2655538951695657,0.43860640181244487,0.43860640181244487,0.43860640181244487,0.0,0.0,0.0,175.73829681776166
2023-10-26,176.54259149594893,167.0989953604006,183.8891377086298,176.54259149594893,176.54259149594893,-1.0044318044811644,-1.0044318044811644,-1.0044318044811644,-1.3636887768319654,-1.3636887768319654,-1.3636887768319654,0.35925697235080095,0.35925697235080095,0.35925697235080095,0.0,0.0,0.0,175.53815969146777
2023-10-27,176.51993868077906,167.27959202916566,183.45014652667948,176.51993868077906,176.51993868077906,-0.9571118845082904,-0.9571118845082904,-0.9571118845082904,-1.244423154140646,-1.244423154140646,-1.244423154140646,0.2873112696323554,0.2873112696323554,0.2873112696323554,0.0,0.0,0.0,175.56282679627077
2023-10-30,176.45198023526942,167.02928903420195,183.54909777712584,176.45198023526942,176.45198023526942,-0.9748468915760499,-0.9748468915760499,-0.9748468915760499,-1.1144795683850077,-1.1144795683850077,-1.1144795683850077,0.13963267680895777,0.13963267680895777,0.13963267680895777,0.0,0.0,0.0,175.47713334369337
2023-10-31,176.4293274200995,167.0570680962095,183.69965836986034,176.4293274200995,176.4293274200995,-1.0467189462015312,-1.0467189462015312,-1.0467189462015312,-1.1667503843749143,-1.1667503843749143,-1.1667503843749143,0.12003143817338312,0.12003143817338312,0.12003143817338312,0.0,0.0,0.0,175.38260847389796
2023-11-01,176.40667460492952,166.95654429671515,183.0207446479992,176.40667460492952,176.40667460492952,-1.14744879473377,-1.14744879473377,-1.14744879473377,-1.2655538951697114,-1.2655538951697114,-1.2655538951697114,0.11810510043594159,0.11810510043594159,0.11810510043594159,0.0,0.0,0.0,175.25922581019574
2023-11-02,176.3840217920571,166.78971173082383,183.16442271696923,176.3840217920571,176.3840217920571,-1.2285047732498038,-1.2285047732498038,-1.2285047732498038,-1.3636887768347474,-1.3636887768347474,-1.3636887768347474,0.13518400358494365,0.13518400358494365,0.13518400358494365,0.0,0.0,0.0,175.1555170188073
2023-11-03,176.36136897918468,166.70596821903206,183.00349812331393,176.36136897918468,176.36136897918468,-1.0720922112469067,-1.0720922112469067,-1.0720922112469067,-1.2444231541376087,-1.2444231541376087,-1.2444231541376087,0.17233094289070183,0.17233094289070183,0.17233094289070183,0.0,0.0,0.0,175.28927676793776
2023-11-06,176.29341054056738,167.2379113287928,183.95794011966518,176.29341054056738,176.29341054056738,-0.7036149752704683,-0.7036149752704683,-0.7036149752704683,-1.1144795683849495,-1.1144795683849495,-1.1144795683849495,0.4108645931144812,0.4108645931144812,0.4108645931144812,0.0,0.0,0.0,175.58979556529692
2023-11-07,176.27075772769496,167.71830054100974,183.3905340629696,176.27075772769496,176.27075772769496,-0.6330257173371555,-0.6330257173371555,-0.6330257173371555,-1.1667503843737785,-1.1667503843737785,-1.1667503843737785,0.5337246670366229,0.5337246670366229,0.5337246670366229,0.0,0.0,0.0,175.6377320103578
2023-11-08,176.24810491482253,166.9266112271822,183.75834167883784,176.24810491482253,176.24810491482253,-0.5873696589680335,-0.5873696589680335,-0.5873696589680335,-1.2655538951697896,-1.2655538951697896,-1.2655538951697896,0.6781842362017558,0.6781842362017558,0.6781842362017558,0.0,0.0,0.0,175.6607352558545
2023-11-09,176.2254521019501,167.5410666010324,184.00694867454988,176.2254521019501,176.2254521019501,-0.5197895524443821,-0.5197895524443821,-0.5197895524443821,-1.3636887768299057,-1.3636887768299057,-1.3636887768299057,0.8438992243855239,0.8438992243855239,0.8438992243855239,0.0,0.0,0.0,175.70566254950572
2023-11-10,176.2027992890777,167.66734788013022,184.48508155527168,176.2027992890777,176.2027992890777,-0.21406600652977623,-0.21406600652977623,-0.21406600652977623,-1.2444231541345716,-1.2444231541345716,-1.2444231541345716,1.0303571476047955,1.0303571476047955,1.0303571476047955,0.0,0.0,0.0,175.9887332825479
2023-11-13,176.1348408504604,168.55212124877394,184.85365136667608,176.1348408504604,176.1348408504604,0.5925414211456542,0.5925414211456542,0.5925414211456542,-1.1144795683908693,-1.1144795683908693,-1.1144795683908693,1.7070209895365236,1.7070209895365236,1.7070209895365236,0.0,0.0,0.0,176.72738227160605
2023-11-14,176.11218803758797,168.15491656015539,185.03364945009847,176.11218803758797,176.11218803758797,0.8020061750330143,0.8020061750330143,0.8020061750330143,-1.166750384372643,-1.166750384372643,-1.166750384372643,1.9687565594056573,1.9687565594056573,1.9687565594056573,0.0,0.0,0.0,176.914194212621
2023-11-15,176.08953522471552,168.7223512051937,184.51549610575418,176.08953522471552,176.08953522471552,0.9813772650100697,0.9813772650100697,0.9813772650100697,-1.2655538951693275,-1.2655538951693275,-1.2655538951693275,2.2469311601793973,2.2469311601793973,2.2469311601793973,0.0,0.0,0.0,177.0709124897256
2023-11-16,176.0668824118431,169.0957818847595,185.6951745015485,176.0668824118431,176.0668824118431,1.176784357531564,1.176784357531564,1.176784357531564,-1.3636887768310708,-1.3636887768310708,-1.3636887768310708,2.5404731343626348,2.5404731343626348,2.5404731343626348,0.0,0.0,0.0,177.24366676937467
2023-11-17,176.04422959897067,169.00762581579409,185.8118719637639,176.04422959897067,176.04422959897067,1.6038521178990268,1.6038521178990268,1.6038521178990268,-1.2444231541344812,-1.2444231541344812,-1.2444231541344812,2.8482752720335083,2.8482752720335083,2.8482752720335083,0.0,0.0,0.0,177.6480817168697
2023-11-20,175.9762711603534,170.5673314527475,187.26480858990007,175.9762711603534,175.9762711603534,2.7313223338031625,2.7313223338031625,2.7313223338031625,-1.114479568378417,-1.114479568378417,-1.114479568378417,3.845801902181579,3.845801902181579,3.845801902181579,0.0,0.0,0.0,178.70759349415655
2023-11-21,175.95361834748098,171.0674186814425,188.05661458242352,175.95361834748098,175.95361834748098,3.0323560897602153,3.0323560897602153,3.0323560897602153,-1.1667503843715077,-1.1667503843715077,-1.1667503843715077,4.199106474131724,4.199106474131724,4.199106474131724,0.0,0.0,0.0,178.9859744372412
2023-11-22,175.93096553460856,171.04849504602512,187.3182476809014,175.93096553460856,175.93096553460856,3.295249822985598,3.295249822985598,3.295249822985598,-1.2655538951694392,-1.2655538951694392,-1.2655538951694392,4.560803718155038,4.560803718155038,4.560803718155038,0.0,0.0,0.0,179.22621535759416
2023-11-24,175.8856599088637,171.46757088783866,188.1602808511268,175.8856599088637,175.8856599088637,4.059957480339604,4.059957480339604,4.059957480339604,-1.244423154128497,-1.244423154128497,-1.244423154128497,5.304380634468101,5.304380634468101,5.304380634468101,0.0,0.0,0.0,179.94561738920328
2023-11-27,175.81770147024642,173.32180413300955,189.78100313071042,175.81770147024642,175.81770147024642,5.335937178938786,5.335937178938786,5.335937178938786,-1.1144795683813475,-1.1144795683813475,-1.1144795683813475,6.4504167473201335,6.4504167473201335,6.4504167473201335,0.0,0.0,0.0,181.1536386491852
2023-11-28,175.795048657374,173.08119241673788,189.68603099136922,175.795048657374,175.795048657374,5.668209017869932,5.668209017869932,5.668209017869932,-1.1667503843720493,-1.1667503843720493,-1.1667503843720493,6.8349594022419815,6.8349594022419815,6.8349594022419815,0.0,0.0,0.0,181.46325767524394
2023-11-29,175.77239584450157,173.91529564851706,189.87759679519326,175.77239584450157,175.77239584450157,5.952669411124899,5.952669411124899,5.952669411124899,-1.2655538951695513,-1.2655538951695513,-1.2655538951695513,7.218223306294449,7.218223306294449,7.218223306294449,0.0,0.0,0.0,181.72506525562648
2023-11-30,175.74974303162912,172.91057568214853,190.42135142018313,175.74974303162912,175.74974303162912,6.234881384035859,6.234881384035859,6.234881384035859,-1.3636887768301673,-1.3636887768301673,-1.3636887768301673,7.598570160866026,7.598570160866026,7.598570160866026,0.0,0.0,0.0,181.984624415665
2023-12-01,175.7270902187567,173.43451157706696,190.75389930367658,175.7270902187567,175.7270902187567,6.729860137871016,6.729860137871016,6.729860137871016,-1.244423154141439,-1.244423154141439,-1.244423154141439,7.974283292012455,7.974283292012455,7.974283292012455,0.0,0.0,0.0,182.45695035662771
2023-12-04,175.6591317801394,174.86522081862904,191.44990902491452,175.6591317801394,175.6591317801394,7.940839696042932,7.940839696042932,7.940839696042932,-1.1144795683812898,-1.1144795683812898,-1.1144795683812898,9.055319264424222,9.055319264424222,9.055319264424222,0.0,0.0,0.0,183.59997147618233
2023-12-05,175.63647896726698,176.0347350311676,192.15149861151016,175.63647896726698,175.63647896726698,8.227112513845077,8.227112513845077,8.227112513845077,-1.166750384369236,-1.166750384369236,-1.166750384369236,9.393862898214312,9.393862898214312,9.393862898214312,0.0,0.0,0.0,183.86359148111205
2023-12-06,175.61382615439456,175.17909246885478,192.21491804065008,175.61382615439456,175.61382615439456,8.452606774176227,8.452606774176227,8.452606774176227,-1.2655538951690894,-1.2655538951690894,-1.2655538951690894,9.718160669345316,9.718160669345316,9.718160669345316,0.0,0.0,0.0,184.06643292857078
2023-12-07,175.59117334152214,176.03036029595816,192.2205827915203,175.59117334152214,175.59117334152214,8.662473081874113,8.662473081874113,8.662473081874113,-1.3636887768329495,-1.3636887768329495,-1.3636887768329495,10.026161858707065,10.026161858707065,10.026161858707065,0.0,0.0,0.0,184.25364642339625
2023-12-08,175.56852052864969,176.02832244963,192.46166382715398,175.56852052864969,175.56852052864969,9.071391887074277,9.071391887074277,9.071391887074277,-1.244423154138402,-1.244423154138402,-1.244423154138402,10.31581504121268,10.31581504121268,10.31581504121268,0.0,0.0,0.0,184.63991241572396
2023-12-11,175.50056209003245,177.14039480787594,193.29699235084243,175.50056209003245,175.50056209003245,9.940212330260241,9.940212330260241,9.940212330260241,-1.1144795683812319,-1.1144795683812319,-1.1144795683812319,11.054691898641474,11.054691898641474,11.054691898641474,0.0,0.0,0.0,185.44077442029268
2023-12-12,175.47790927716,176.9751088029816,193.93111361339533,175.47790927716,175.47790927716,10.084579384741202,10.084579384741202,10.084579384741202,-1.1667503843739295,-1.1667503843739295,-1.1667503843739295,11.251329769115133,11.251329769115133,11.251329769115133,0.0,0.0,0.0,185.5624886619012
2023-12-13,175.45525646428757,176.7073886628753,194.29341510791423,175.45525646428757,175.45525646428757,10.154731963802355,10.154731963802355,10.154731963802355,-1.265553895169201,-1.265553895169201,-1.265553895169201,11.420285858971557,11.420285858971557,11.420285858971557,0.0,0.0,0.0,185.60998842808993
2023-12-14,175.43260365141515,177.2667006664345,193.10990044409672,175.43260365141515,175.43260365141515,10.196400049926146,10.196400049926146,10.196400049926146,-1.3636887768324981,-1.3636887768324981,-1.3636887768324981,11.560088826758644,11.560088826758644,11.560088826758644,0.0,0.0,0.0,185.6290037013413
2023-12-15,175.40995083854273,177.24937632365865,194.5817578934994,175.40995083854273,175.40995083854273,10.425048984534742,10.425048984534742,10.425048984534742,-1.2444231541383117,-1.2444231541383117,-1.2444231541383117,11.669472138673056,11.669472138673056,11.669472138673056,0.0,0.0,0.0,185.83499982307748
2023-12-18,175.34199239992546,177.53072534182473,193.90913758007162,175.34199239992546,175.34199239992546,10.691646454747941,10.691646454747941,10.691646454747941,-1.1144795683871518,-1.1144795683871518,-1.1144795683871518,11.806126023135093,11.806126023135093,11.806126023135093,0.0,0.0,0.0,186.0336388546734
2023-12-19,175.319339587053,176.81842314344587,193.92004330543463,175.319339587053,175.319339587053,10.619514415198982,10.619514415198982,10.619514415198982,-1.166750384371117,-1.166750384371117,-1.166750384371117,11.786264799570098,11.786264799570098,11.786264799570098,0.0,0.0,0.0,185.938854002252
2023-12-20,175.29668677418059,177.45213648798602,194.19528880065167,175.29668677418059,175.29668677418059,10.468135864882104,10.468135864882104,10.468135864882104,-1.265553895169279,-1.265553895169279,-1.265553895169279,11.733689760051384,11.733689760051384,11.733689760051384,0.0,0.0,0.0,185.7648226390627
2023-12-21,175.27403396130816,177.26740211386698,193.9250468662975,175.27403396130816,175.27403396130816,10.285211996872684,10.285211996872684,10.285211996872684,-1.363688776833663,-1.363688776833663,-1.363688776833663,11.648900773706346,11.648900773706346,11.648900773706346,0.0,0.0,0.0,185.55924595818084
2023-12-22,175.25138114843574,177.45017485245265,193.54311063270288,175.25138114843574,175.25138114843574,10.2883253165774,10.2883253165774,10.2883253165774,-1.2444231541382216,-1.2444231541382216,-1.2444231541382216,11.532748470715621,11.532748470715621,11.532748470715621,0.0,0.0,0.0,185.53970646501313
2023-12-26,175.16076989694602,176.41759377938976,192.7082401065657,175.16076989694602,175.16076989694602,9.617078617097304,9.617078617097304,9.617078617097304,-1.1667503843716582,-1.1667503843716582,-1.1667503843716582,10.78382900146896,10.78382900146896,10.78382900146896,0.0,0.0,0.0,184.7778485140433
2023-12-27,175.1381170840736,175.7445022291055,192.24768852061894,175.1381170840736,175.1381170840736,9.270264615576375,9.270264615576375,9.270264615576375,-1.2655538951693912,-1.2655538951693912,-1.2655538951693912,10.535818510745766,10.535818510745766,10.535818510745766,0.0,0.0,0.0,184.40838169964996
2023-12-28,175.11546427120118,175.67097242669158,192.22967954682872,175.11546427120118,175.11546427120118,8.90501916114601,8.90501916114601,8.90501916114601,-1.3636887768304382,-1.3636887768304382,-1.3636887768304382,10.268707937976448,10.268707937976448,10.268707937976448,0.0,0.0,0.0,184.0204834323472
2023-12-29,175.09281145832873,175.33705953070552,191.70211841389548,175.09281145832873,175.09281145832873,8.741156660247233,8.741156660247233,8.741156660247233,-1.2444231541322375,-1.2444231541322375,-1.2444231541322375,9.985579814379472,9.985579814379472,9.985579814379472,0.0,0.0,0.0,183.83396811857597
2024-01-02,175.78796175112205,174.97596674965052,192.0224555426654,175.78796175112205,175.78796175112205,7.5945998407511555,7.5945998407511555,7.5945998407511555,-1.166750384374674,-1.166750384374674,-1.166750384374674,8.76135022512583,8.76135022512583,8.76135022512583,0.0,0.0,0.0,183.3825615918732
2024-01-03,175.9617493243204,175.51874850231266,191.4034785146575,175.9617493243204,175.9617493243204,7.185011135687403,7.185011135687403,7.185011135687403,-1.2655538951694691,-1.2655538951694691,-1.2655538951694691,8.450565030856874,8.450565030856874,8.450565030856874,0.0,0.0,0.0,183.1467604600078
2024-01-04,176.13553689751876,175.13821574089891,191.0907679691834,176.13553689751876,176.13553689751876,6.781642371191638,6.781642371191638,6.781642371191638,-1.3636887768316035,-1.3636887768316035,-1.3636887768316035,8.145331148023242,8.145331148023242,8.145331148023242,0.0,0.0,0.0,182.9171792687104
2024-01-05,176.30932447071706,174.47113188817852,191.34422729729368,176.30932447071706,176.30932447071706,6.604881898910344,6.604881898910344,6.604881898910344,-1.244423154139286,-1.244423154139286,-1.244423154139286,7.84930505304963,7.84930505304963,7.84930505304963,0.0,0.0,0.0,182.9142063696274
2024-01-08,176.8306871903121,174.5862143324961,191.0192581982746,176.8306871903121,176.8306871903121,5.936395957365802,5.936395957365802,5.936395957365802,-1.1144795683805608,-1.1144795683805608,-1.1144795683805608,7.050875525746363,7.050875525746363,7.050875525746363,0.0,0.0,0.0,182.76708314767788
2024-01-09,177.00447476351042,174.655205216708,191.2853616926771,177.00447476351042,177.00447476351042,5.658243125147553,5.658243125147553,5.658243125147553,-1.1667503843735387,-1.1667503843735387,-1.1667503843735387,6.824993509521092,6.824993509521092,6.824993509521092,0.0,0.0,0.0,182.66271788865797
2024-01-10,177.17826233670874,174.43397727048708,191.10370016854085,177.17826233670874,177.17826233670874,5.358157784530072,5.358157784530072,5.358157784530072,-1.2655538951696146,-1.2655538951696146,-1.2655538951696146,6.623711679699688,6.623711679699688,6.623711679699688,0.0,0.0,0.0,182.53642012123882
2024-01-11,177.3520499099071,174.31536430441128,190.56151686473052,177.3520499099071,177.3520499099071,5.085494701675336,5.085494701675336,5.085494701675336,-1.3636887768311516,-1.3636887768311516,-1.3636887768311516,6.449183478506487,6.449183478506487,6.449183478506487,0.0,0.0,0.0,182.43754461158244
2024-01-12,177.5258374831054,174.5175565135237,191.01338893277216,177.5258374831054,177.5258374831054,5.058729967813967,5.058729967813967,5.058729967813967,-1.2444231541391955,-1.2444231541391955,-1.2444231541391955,6.303153121953163,6.303153121953163,6.303153121953163,0.0,0.0,0.0,182.58456745091937
2024-01-16,178.22098777589875,174.3347363073157,191.29962323215645,178.22098777589875,178.22098777589875,4.8560667187845965,4.8560667187845965,4.8560667187845965,-1.1667503843724032,-1.1667503843724032,-1.1667503843724032,6.022817103156999,6.022817103156999,6.022817103156999,0.0,0.0,0.0,183.07705449468335
2024-01-17,178.39477534909707,174.5898811602256,191.30659087229495,178.39477534909707,178.39477534909707,4.76349748055527,4.76349748055527,4.76349748055527,-1.265553895169693,-1.265553895169693,-1.265553895169693,6.029051375724963,6.029051375724963,6.029051375724963,0.0,0.0,0.0,183.15827282965233
2024-01-18,178.56856292229543,174.4008299492541,191.40441851486716,178.56856292229543,178.56856292229543,4.700473402120554,4.700473402120554,4.700473402120554,-1.363688776832317,-1.363688776832317,-1.363688776832317,6.064162178952871,6.064162178952871,6.064162178952871,0.0,0.0,0.0,183.269036324416
2024-01-19,178.74235049549372,174.78703756111955,191.84849549737416,178.74235049549372,178.74235049549372,4.881997580081899,4.881997580081899,4.881997580081899,-1.2444231541391055,-1.2444231541391055,-1.2444231541391055,6.126420734221004,6.126420734221004,6.126420734221004,0.0,0.0,0.0,183.62434807557563
2024-01-22,179.26371321508876,176.49867361595037,192.94915317354847,179.26371321508876,179.26371321508876,5.336944093570457,5.336944093570457,5.336944093570457,-1.1144795683864228,-1.1144795683864228,-1.1144795683864228,6.45142366195688,6.45142366195688,6.45142366195688,0.0,0.0,0.0,184.6006573086592
2024-01-23,179.4375007882871,176.5660019223944,192.52985351146472,179.4375007882871,179.4375007882871,5.4285888314571205,5.4285888314571205,5.4285888314571205,-1.1667503843729445,-1.1667503843729445,-1.1667503843729445,6.595339215830064,6.595339215830064,6.595339215830064,0.0,0.0,0.0,184.86608961974423
2024-01-24,179.6112883614854,176.56690195880842,193.69556941148076,179.6112883614854,179.6112883614854,5.48523138394989,5.48523138394989,5.48523138394989,-1.2655538951692311,-1.2655538951692311,-1.2655538951692311,6.750785279119122,6.750785279119122,6.750785279119122,0.0,0.0,0.0,185.0965197454353
2024-01-25,179.78507593468376,177.09938400095479,193.38820435583028,179.78507593468376,179.78507593468376,5.549802721785761,5.549802721785761,5.549802721785761,-1.363688776831865,-1.363688776831865,-1.363688776831865,6.913491498617626,6.913491498617626,6.913491498617626,0.0,0.0,0.0,185.33487865646953
2024-01-26,179.95886350788206,177.40638547474146,193.9535980686505,179.95886350788206,179.95886350788206,5.834495109799475,5.834495109799475,5.834495109799475,-1.2444231541360682,-1.2444231541360682,-1.2444231541360682,7.0789182639355435,7.0789182639355435,7.0789182639355435,0.0,0.0,0.0,185.79335861768152
2024-01-29,180.4802262274771,179.25355637754484,195.17795107472193,180.4802262274771,180.4802262274771,6.428888627790147,6.428888627790147,6.428888627790147,-1.114479568376959,-1.114479568376959,-1.114479568376959,7.543368196167106,7.543368196167106,7.543368196167106,0.0,0.0,0.0,186.90911485526723
2024-01-30,180.65401380067544,178.6664913311009,194.90088262476405,180.65401380067544,180.65401380067544,6.504317081170902,6.504317081170902,6.504317081170902,-1.166750384373486,-1.166750384373486,-1.166750384373486,7.671067465544388,7.671067465544388,7.671067465544388,0.0,0.0,0.0,187.15833088184635
2024-01-31,180.82780137387374,179.55600611481947,195.2348520339275,180.82780137387374,180.82780137387374,6.511416778545143,6.511416778545143,6.511416778545143,-1.2655538951693428,-1.2655538951693428,-1.2655538951693428,7.776970673714486,7.776970673714486,7.776970673714486,0.0,0.0,0.0,187.33921815241888
2024-02-01,181.0015889470721,179.14352176764908,195.7095286105138,181.0015889470721,181.0015889470721,6.492607083141547,6.492607083141547,6.492607083141547,-1.3636887768318742,-1.3636887768318742,-1.3636887768318742,7.856295859973422,7.856295859973422,7.856295859973422,0.0,0.0,0.0,187.49419603021363
2024-02-02,181.1753765202704,179.6342719531963,196.37615234384933,181.1753765202704,181.1753765202704,6.660045660143427,6.660045660143427,6.660045660143427,-1.2444231541330308,-1.2444231541330308,-1.2444231541330308,7.904468814276458,7.904468814276458,7.904468814276458,0.0,0.0,0.0,187.83542218041381
2024-02-05,181.69673923986542,180.35462133702381,196.96055302181225,181.69673923986542,181.69673923986542,6.706427186072314,6.706427186072314,6.706427186072314,-1.1144795683769013,-1.1144795683769013,-1.1144795683769013,7.820906754449214,7.820906754449214,7.820906754449214,0.0,0.0,0.0,188.40316642593774
2024-02-06,181.87052681306378,180.34723437810456,196.98788510913437,181.87052681306378,181.87052681306378,6.538533719456238,6.538533719456238,6.538533719456238,-1.1667503843723506,-1.1667503843723506,-1.1667503843723506,7.705284103828588,7.705284103828588,7.705284103828588,0.0,0.0,0.0,188.40906053252002
2024-02-07,182.04431438626207,180.0716668787279,196.58689900275024,182.04431438626207,182.04431438626207,6.275549432970277,6.275549432970277,6.275549432970277,-1.2655538951694547,-1.2655538951694547,-1.2655538951694547,7.541103328139732,7.541103328139732,7.541103328139732,0.0,0.0,0.0,188.31986381923235
2024-02-08,182.21810195946043,179.7984448796656,195.87895201772832,182.21810195946043,182.21810195946043,5.962697059787006,5.962697059787006,5.962697059787006,-1.3636887768314225,-1.3636887768314225,-1.3636887768314225,7.326385836618429,7.326385836618429,7.326385836618429,0.0,0.0,0.0,188.18079901924744
2024-02-09,182.39188953265875,180.1213326147995,197.0888852355504,182.39188953265875,182.39188953265875,5.815338794545442,5.815338794545442,5.815338794545442,-1.2444231541430262,-1.2444231541430262,-1.2444231541430262,7.059761948688467,7.059761948688467,7.059761948688467,0.0,0.0,0.0,188.2072283272042
2024-02-12,182.91325225225376,179.59130504121515,196.3980411141795,182.91325225225376,182.91325225225376,4.829994432525358,4.829994432525358,4.829994432525358,-1.114479568382821,-1.114479568382821,-1.114479568382821,5.94447400090818,5.94447400090818,5.94447400090818,0.0,0.0,0.0,187.7432466847791
2024-02-13,183.0870398254521,178.8990255169555,195.6634877408358,183.0870398254521,183.0870398254521,4.302844026421658,4.302844026421658,4.302844026421658,-1.1667503843712148,-1.1667503843712148,-1.1667503843712148,5.469594410792873,5.469594410792873,5.469594410792873,0.0,0.0,0.0,187.38988385187378
2024-02-14,183.2608273986504,178.7827784398829,195.4022816636165,183.2608273986504,183.2608273986504,3.6802953124870377,3.6802953124870377,3.6802953124870377,-1.2655538951695329,-1.2655538951695329,-1.2655538951695329,4.945849207656571,4.945849207656571,4.945849207656571,0.0,0.0,0.0,186.94112271113744
2024-02-15,183.4346149718488,178.32926652847902,194.4259260677037,183.4346149718488,183.4346149718488,3.012150860763595,3.012150860763595,3.012150860763595,-1.3636887768325874,-1.3636887768325874,-1.3636887768325874,4.375839637596182,4.375839637596182,4.375839637596182,0.0,0.0,0.0,186.44676583261239
2024-02-16,183.60840254504708,177.87843743892984,194.2281280366597,183.60840254504708,183.60840254504708,2.518365999112965,2.518365999112965,2.518365999112965,-1.2444231541429358,-1.2444231541429358,-1.2444231541429358,3.762789153255901,3.762789153255901,3.762789153255901,0.0,0.0,0.0,186.12676854416006
2024-02-20,184.30355283784044,175.95315055194385,192.2069754757781,184.30355283784044,184.30355283784044,-0.20272321295238152,-0.20272321295238152,-0.20272321295238152,-1.1667503843742308,-1.1667503843742308,-1.1667503843742308,0.9640271714218493,0.9640271714218493,0.9640271714218493,0.0,0.0,0.0,184.10082962488806
2024-02-21,184.47734041103877,175.29655622128885,192.14532541428053,184.47734041103877,184.47734041103877,-1.062835673039806,-1.062835673039806,-1.062835673039806,-1.2655538951696113,-1.2655538951696113,-1.2655538951696113,0.2027182221298052,0.2027182221298052,0.2027182221298052,0.0,0.0,0.0,183.41450473799895
2024-02-22,184.65112798423706,174.41785016518583,190.70084997223563,184.65112798423706,184.65112798423706,-1.9356738034321777,-1.9356738034321777,-1.9356738034321777,-1.363688776832136,-1.363688776832136,-1.363688776832136,-0.5719850266000415,-0.5719850266000415,-0.5719850266000415,0.0,0.0,0.0,182.7154541808049
2024-02-23,184.82491555743542,174.0536431911584,190.0899749838012,184.82491555743542,184.82491555743542,-2.598473001558987,-2.598473001558987,-2.598473001558987,-1.2444231541369521,-1.2444231541369521,-1.2444231541369521,-1.354049847422035,-1.354049847422035,-1.354049847422035,0.0,0.0,0.0,182.22644255587642
2024-02-26,185.34627827703042,172.48113440968768,188.92395855918673,185.34627827703042,185.34627827703042,-4.797630014918581,-4.797630014918581,-4.797630014918581,-1.1144795683856938,-1.1144795683856938,-1.1144795683856938,-3.6831504465328875,-3.6831504465328875,-3.6831504465328875,0.0,0.0,0.0,180.54864826211184
2024-02-27,185.5200658502288,171.15157284449407,188.5320130913857,185.5200658502288,185.5200658502288,-5.600454085643238,-5.600454085643238,-5.600454085643238,-1.1667503843747726,-1.1667503843747726,-1.1667503843747726,-4.433703701268465,-4.433703701268465,-4.433703701268465,0.0,0.0,0.0,179.91961176458557
2024-02-28,185.6938534234271,170.77247691496171,186.88355735199127,185.6938534234271,185.6938534234271,-6.427304355796426,-6.427304355796426,-6.427304355796426,-1.2655538951691827,-1.2655538951691827,-1.2655538951691827,-5.1617504606272435,-5.1617504606272435,-5.1617504606272435,0.0,0.0,0.0,179.26654906763068
2024-02-29,185.8676409966254,170.3475213727535,187.0299242648326,185.8676409966254,185.8676409966254,-7.225670394200072,-7.225670394200072,-7.225670394200072,-1.3636887768333013,-1.3636887768333013,-1.3636887768333013,-5.86198161736677,-5.86198161736677,-5.86198161736677,0.0,0.0,0.0,178.64197060242532
2024-03-01,186.04142856982375,170.42199699096,186.58730290398933,186.04142856982375,186.04142856982375,-7.773920400151141,-7.773920400151141,-7.773920400151141,-1.2444231541368618,-1.2444231541368618,-1.2444231541368618,-6.529497246014279,-6.529497246014279,-6.529497246014279,0.0,0.0,0.0,178.26750816967262
2024-03-04,186.56279128941875,169.21375504204804,185.14835058025417,186.56279128941875,186.56279128941875,-9.40876443457517,-9.40876443457517,-9.40876443457517,-1.1144795683856359,-1.1144795683856359,-1.1144795683856359,-8.294284866189535,-8.294284866189535,-8.294284866189535,0.0,0.0,0.0,177.15402685484358
2024-03-05,186.73657886261708,168.61743856972035,185.24541407492745,186.73657886261708,186.73657886261708,-9.959118349409835,-9.959118349409835,-9.959118349409835,-1.1667503843719598,-1.1667503843719598,-1.1667503843719598,-8.792367965037874,-8.792367965037874,-8.792367965037874,0.0,0.0,0.0,176.77746051320725
2024-03-06,186.91036643581543,168.14972929332282,184.9855088275982,186.91036643581543,186.91036643581543,-10.507046013206763,-10.507046013206763,-10.507046013206763,-1.2655538951693281,-1.2655538951693281,-1.2655538951693281,-9.241492118037437,-9.241492118037437,-9.241492118037437,0.0,0.0,0.0,176.40332042260866
2024-03-07,187.08415400901373,168.1203721373448,184.63599747796158,187.08415400901373,187.08415400901373,-11.004038131844222,-11.004038131844222,-11.004038131844222,-1.363688776830076,-1.363688776830076,-1.363688776830076,-9.640349355014147,-9.640349355014147,-9.640349355014147,0.0,0.0,0.0,176.0801158771695
2024-03-08,187.25794158221208,168.20985213730162,184.55913738779543,187.25794158221208,187.25794158221208,-11.232747161669304,-11.232747161669304,-11.232747161669304,-1.2444231541338244,-1.2444231541338244,-1.2444231541338244,-9.98832400753548,-9.98832400753548,-9.98832400753548,0.0,0.0,0.0,176.0251944205428
2024-03-11,187.77930430180712,166.88256015041944,184.00117394941876,187.77930430180712,187.77930430180712,-11.845495193450763,-11.845495193450763,-11.845495193450763,-1.114479568388567,-1.114479568388567,-1.114479568388567,-10.731015625062195,-10.731015625062195,-10.731015625062195,0.0,0.0,0.0,175.93380910835634
2024-03-12,187.9530918750054,167.90254229135527,184.40254169864872,187.9530918750054,187.9530918750054,-12.04951742117924,-12.04951742117924,-12.04951742117924,-1.1667503843725013,-1.1667503843725013,-1.1667503843725013,-10.88276703680674,-10.88276703680674,-10.88276703680674,0.0,0.0,0.0,175.90357445382617
2024-03-13,188.12687944820377,167.76088720684794,184.34093875239833,188.12687944820377,188.12687944820377,-12.255955080358863,-12.255955080358863,-12.255955080358863,-1.2655538951694065,-1.2655538951694065,-1.2655538951694065,-10.990401185189455,-10.990401185189455,-10.990401185189455,0.0,0.0,0.0,175.8709243678449
2024-03-14,188.30066702140206,167.20361526038363,184.13875706775778,188.30066702140206,188.30066702140206,-12.420667159650442,-12.420667159650442,-12.420667159650442,-1.3636887768312413,-1.3636887768312413,-1.3636887768312413,-11.0569783828192,-11.0569783828192,-11.0569783828192,0.0,0.0,0.0,175.87999986175163
2024-03-15,188.47445459460042,167.72741573575544,184.5479946698189,188.47445459460042,188.47445459460042,-12.330419465391914,-12.330419465391914,-12.330419465391914,-1.244423154133734,-1.244423154133734,-1.244423154133734,-11.08599631125818,-11.08599631125818,-11.08599631125818,0.0,0.0,0.0,176.1440351292085
2024-03-18,188.99581731419545,168.69442313982591,185.20887999225582,188.99581731419545,188.99581731419545,-12.10217444727348,-12.10217444727348,-12.10217444727348,-1.1144795683791031,-1.1144795683791031,-1.1144795683791031,-10.987694878894377,-10.987694878894377,-10.987694878894377,0.0,0.0,0.0,176.89364286692197
2024-03-19,189.16960488739375,168.3146552627776,185.1882449822961,189.16960488739375,189.16960488739375,-12.07434964621341,-12.07434964621341,-12.07434964621341,-1.1667503843713658,-1.1667503843713658,-1.1667503843713658,-10.907599261842044,-10.907599261842044,-10.907599261842044,0.0,0.0,0.0,177.09525524118033
2024-03-20,189.3433924605921,169.03301300578494,185.25372906288837,189.3433924605921,189.3433924605921,-12.076897597148173,-12.076897597148173,-12.076897597148173,-1.2655538951694845,-1.2655538951694845,-1.2655538951694845,-10.81134370197869,-10.81134370197869,-10.81134370197869,0.0,0.0,0.0,177.26649486344394
2024-03-21,189.5171800337904,169.0157727467592,185.72237282592056,189.5171800337904,189.5171800337904,-12.067113828034966,-12.067113828034966,-12.067113828034966,-1.3636887768307897,-1.3636887768307897,-1.3636887768307897,-10.703425051204176,-10.703425051204176,-10.703425051204176,0.0,0.0,0.0,177.45006620575543
2024-03-22,189.69096760698875,169.86485612580603,185.75697202859385,189.69096760698875,189.69096760698875,-11.83264923468463,-11.83264923468463,-11.83264923468463,-1.244423154130697,-1.244423154130697,-1.244423154130697,-10.588226080553934,-10.588226080553934,-10.588226080553934,0.0,0.0,0.0,177.85831837230413
2024-03-25,190.21233032658378,170.35714772801327,187.20513077619253,190.21233032658378,190.21233032658378,-11.354048311570477,-11.354048311570477,-11.354048311570477,-1.1144795683820343,-1.1144795683820343,-1.1144795683820343,-10.239568743188443,-10.239568743188443,-10.239568743188443,0.0,0.0,0.0,178.85828201501332
2024-03-26,190.38611789978208,171.21425185126927,187.32192499895166,190.38611789978208,190.38611789978208,-11.30111584689003,-11.30111584689003,-11.30111584689003,-1.1667503843719074,-1.1667503843719074,-1.1667503843719074,-10.134365462518122,-10.134365462518122,-10.134365462518122,0.0,0.0,0.0,179.08500205289204
2024-03-27,190.55990547298043,170.94124267077686,187.3837542749171,190.55990547298043,190.55990547298043,-11.305309924880836,-11.305309924880836,-11.305309924880836,-1.2655538951695966,-1.2655538951695966,-1.2655538951695966,-10.03975602971124,-10.03975602971124,-10.03975602971124,0.0,0.0,0.0,179.2545955480996
2024-03-28,190.73369304617873,171.6031606467605,187.48901383699132,190.73369304617873,190.73369304617873,-11.321839748304475,-11.321839748304475,-11.321839748304475,-1.3636887768335715,-1.3636887768335715,-1.3636887768335715,-9.958150971470904,-9.958150971470904,-9.958150971470904,0.0,0.0,0.0,179.41185329787425
2024-04-01,191.42884333897211,171.59847859591983,188.74746513127005,191.42884333897211,191.42884333897211,-10.908092226077178,-10.908092226077178,-10.908092226077178,-1.1144795683819761,-1.1144795683819761,-1.1144795683819761,-9.793612657695203,-9.793612657695203,-9.793612657695203,0.0,0.0,0.0,180.52075111289494
2024-04-02,191.6026309121704,172.55732785755941,188.97505844016956,191.6026309121704,191.6026309121704,-10.963550957187534,-10.963550957187534,-10.963550957187534,-1.1667503843732463,-1.1667503843732463,-1.1667503843732463,-9.796800572814288,-9.796800572814288,-9.796800572814288,0.0,0.0,0.0,180.6390799549829
2024-04-03,191.77641848536877,171.7526650880238,188.9593779571161,191.77641848536877,191.77641848536877,-11.083247669413039,-11.083247669413039,-11.083247669413039,-1.265553895169101,-1.265553895169101,-1.265553895169101,-9.817693774243937,-9.817693774243937,-9.817693774243937,0.0,0.0,0.0,180.69317081595574
2024-04-04,191.95020605856706,172.80016346174705,188.8183904418871,191.95020605856706,191.95020605856706,-11.219264561352755,-11.219264561352755,-11.219264561352755,-1.36368877683312,-1.36368877683312,-1.36368877683312,-9.855575784519635,-9.855575784519635,-9.855575784519635,0.0,0.0,0.0,180.7309414972143
2024-04-05,192.12399363176544,172.55939215397564,188.61793272499668,192.12399363176544,192.12399363176544,-11.153813832924362,-11.153813832924362,-11.153813832924362,-1.2444231541376547,-1.2444231541376547,-1.2444231541376547,-9.909390678786707,-9.909390678786707,-9.909390678786707,0.0,0.0,0.0,180.9701797988411
2024-04-08,192.64535635136045,173.01964073345383,189.3912207116212,192.64535635136045,192.64535635136045,-11.266315095813448,-11.266315095813448,-11.266315095813448,-1.114479568387896,-1.114479568387896,-1.114479568387896,-10.151835527425552,-10.151835527425552,-10.151835527425552,0.0,0.0,0.0,181.379041255547
2024-04-09,192.81914392455874,173.4904861664515,189.5500168747257,192.81914392455874,192.81914392455874,-11.420572998490792,-11.420572998490792,-11.420572998490792,-1.1667503843721105,-1.1667503843721105,-1.1667503843721105,-10.253822614118683,-10.253822614118683,-10.253822614118683,0.0,0.0,0.0,181.39857092606795
2024-04-10,192.9929314977571,172.9214798007283,189.45580374175208,192.9929314977571,192.9929314977571,-11.62875387806981,-11.62875387806981,-11.62875387806981,-1.2655538951692464,-1.2655538951692464,-1.2655538951692464,-10.363199982900563,-10.363199982900563,-10.363199982900563,0.0,0.0,0.0,181.3641776196873
2024-04-11,193.16671907095542,172.39338084930094,189.43869695619267,193.16671907095542,193.16671907095542,-11.841688511299054,-11.841688511299054,-11.841688511299054,-1.3636887768326682,-1.3636887768326682,-1.3636887768326682,-10.477999734466387,-10.477999734466387,-10.477999734466387,0.0,0.0,0.0,181.32503055965637
2024-04-12,193.34050664415378,173.28331258361902,189.419583291018,193.34050664415378,193.34050664415378,-11.84071858577702,-11.84071858577702,-11.84071858577702,-1.244423154134618,-1.244423154134618,-1.244423154134618,-10.596295431642403,-10.596295431642403,-10.596295431642403,0.0,0.0,0.0,181.49978805837677
2024-04-15,193.86186936374878,173.8652707601555,190.33982386646187,193.86186936374878,193.86186936374878,-12.068974822880175,-12.068974822880175,-12.068974822880175,-1.114479568387838,-1.114479568387838,-1.114479568387838,-10.954495254492338,-10.954495254492338,-10.954495254492338,0.0,0.0,0.0,181.79289454086862
2024-04-16,194.03565693694708,173.84096056446663,190.19087247224263,194.03565693694708,194.03565693694708,-12.236667455234388,-12.236667455234388,-12.236667455234388,-1.1667503843709748,-1.1667503843709748,-1.1667503843709748,-11.069917070863413,-11.069917070863413,-11.069917070863413,0.0,0.0,0.0,181.79898948171268
2024-04-17,194.20944451014546,173.88348086757168,189.9549920455486,194.20944451014546,194.20944451014546,-12.446868485598397,-12.446868485598397,-12.446868485598397,-1.2655538951693246,-1.2655538951693246,-1.2655538951693246,-11.181314590429073,-11.181314590429073,-11.181314590429073,0.0,0.0,0.0,181.76257602454706
2024-04-18,194.38323208334376,173.0768143175072,189.85431814791943,194.38323208334376,194.38323208334376,-12.65149953448981,-12.65149953448981,-12.65149953448981,-1.3636887768338335,-1.3636887768338335,-1.3636887768338335,-11.287810757655977,-11.287810757655977,-11.287810757655977,0.0,0.0,0.0,181.73173254885396
2024-04-19,194.5570196565421,173.33258730607722,189.7551810478625,194.5570196565421,194.5570196565421,-12.633193078859357,-12.633193078859357,-12.633193078859357,-1.2444231541446134,-1.2444231541446134,-1.2444231541446134,-11.388769924714744,-11.388769924714744,-11.388769924714744,0.0,0.0,0.0,181.92382657768275
2024-04-22,195.0783823761371,174.0219028581991,190.63255326810665,195.0783823761371,195.0783823761371,-12.770071972955206,-12.770071972955206,-12.770071972955206,-1.1144795683877802,-1.1144795683877802,-1.1144795683877802,-11.655592404567425,-11.655592404567425,-11.655592404567425,0.0,0.0,0.0,182.3083104031819
2024-04-23,195.25216994933544,174.19117922717442,191.0073544261786,195.25216994933544,195.25216994933544,-12.899394454060268,-12.899394454060268,-12.899394454060268,-1.1667503843715161,-1.1667503843715161,-1.1667503843715161,-11.732644069688751,-11.732644069688751,-11.732644069688751,0.0,0.0,0.0,182.35277549527518
2024-04-24,195.4259575225338,173.72505281680384,189.9459634765562,195.4259575225338,195.4259575225338,-13.069825849822857,-13.069825849822857,-13.069825849822857,-1.2655538951694363,-1.2655538951694363,-1.2655538951694363,-11.804271954653421,-11.804271954653421,-11.804271954653421,0.0,0.0,0.0,182.35613167271094
2024-04-25,195.5997450957321,174.65577570919592,191.10566860625133,195.5997450957321,195.5997450957321,-13.234687930498977,-13.234687930498977,-13.234687930498977,-1.3636887768289918,-1.3636887768289918,-1.3636887768289918,-11.870999153669983,-11.870999153669983,-11.870999153669983,0.0,0.0,0.0,182.3650571652331
2024-04-26,195.77353266893044,174.1496114075048,190.70196919526177,195.77353266893044,195.77353266893044,-13.177862975699188,-13.177862975699188,-13.177862975699188,-1.2444231541445228,-1.2444231541445228,-1.2444231541445228,-11.933439821554664,-11.933439821554664,-11.933439821554664,0.0,0.0,0.0,182.59566969323126
2024-04-29,196.29489538852548,174.91698142290213,191.53958044528775,196.29489538852548,196.29489538852548,-13.21621970283136,-13.21621970283136,-13.21621970283136,-1.1144795683813051,-1.1144795683813051,-1.1144795683813051,-12.101740134450054,-12.101740134450054,-12.101740134450054,0.0,0.0,0.0,183.07867568569412
2024-04-30,196.46868296172377,174.94558798432337,191.46379533468547,196.46868296172377,196.46868296172377,-13.32039791858083,-13.32039791858083,-13.32039791858083,-1.1667503843745322,-1.1667503843745322,-1.1667503843745322,-12.1536475342063,-12.1536475342063,-12.1536475342063,0.0,0.0,0.0,183.14828504314295
2024-05-01,196.64247053492207,174.82697213203448,191.0590984606508,196.64247053492207,196.64247053492207,-13.469916612176434,-13.469916612176434,-13.469916612176434,-1.2655538951695484,-1.2655538951695484,-1.2655538951695484,-12.204362717006886,-12.204362717006886,-12.204362717006886,0.0,0.0,0.0,183.17255392274564
2024-05-02,196.81625810812042,175.17237362724427,191.2755322022529,196.81625810812042,196.81625810812042,-13.617947271541572,-13.617947271541572,-13.617947271541572,-1.3636887768317738,-1.3636887768317738,-1.3636887768317738,-12.254258494709799,-12.254258494709799,-12.254258494709799,0.0,0.0,0.0,183.19831083657886
2024-05-03,196.99004568131878,175.49161048809236,191.8497749576476,196.99004568131878,196.99004568131878,-13.547980787223914,-13.547980787223914,-13.547980787223914,-1.2444231541385387,-1.2444231541385387,-1.2444231541385387,-12.303557633085376,-12.303557633085376,-12.303557633085376,0.0,0.0,0.0,183.44206489409487
2024-05-06,197.5114084009138,175.43743759794827,192.33639661663966,197.5114084009138,197.5114084009138,-13.56197678439138,-13.56197678439138,-13.56197678439138,-1.1144795683812472,-1.1144795683812472,-1.1144795683812472,-12.447497216010133,-12.447497216010133,-12.447497216010133,0.0,0.0,0.0,183.94943161652242
2024-05-07,197.6851959741121,175.96379020730464,192.97429743839922,197.6851959741121,197.6851959741121,-13.659856117578787,-13.659856117578787,-13.659856117578787,-1.166750384375074,-1.166750384375074,-1.166750384375074,-12.493105733203713,-12.493105733203713,-12.493105733203713,0.0,0.0,0.0,184.02533985653332
2024-05-08,197.8589835473104,176.09160970128247,191.95402825389723,197.8589835473104,197.8589835473104,-13.80209636188084,-13.80209636188084,-13.80209636188084,-1.2655538951696599,-1.2655538951696599,-1.2655538951696599,-12.536542466711182,-12.536542466711182,-12.536542466711182,0.0,0.0,0.0,184.05688718542956
2024-05-09,198.03277112050876,176.1038334905244,192.56641260362355,198.03277112050876,198.03277112050876,-13.940649096875138,-13.940649096875138,-13.940649096875138,-1.3636887768313222,-1.3636887768313222,-1.3636887768313222,-12.576960320043815,-12.576960320043815,-12.576960320043815,0.0,0.0,0.0,184.0921220236336
2024-05-10,198.2065586937071,175.9367114716934,192.8068328459307,198.2065586937071,198.2065586937071,-13.857790610961398,-13.857790610961398,-13.857790610961398,-1.2444231541384485,-1.2444231541384485,-1.2444231541384485,-12.61336745682295,-12.61336745682295,-12.61336745682295,0.0,0.0,0.0,184.34876808274572
2024-05-13,198.72792141330208,176.56930942677437,193.24298900145035,198.72792141330208,198.72792141330208,-13.801485370807448,-13.801485370807448,-13.801485370807448,-1.1144795683871669,-1.1144795683871669,-1.1144795683871669,-12.687005802420282,-12.687005802420282,-12.687005802420282,0.0,0.0,0.0,184.92643604249463
2024-05-14,198.90170898650044,176.95257243218637,192.98026282586753,198.90170898650044,198.90170898650044,-13.862295701586758,-13.862295701586758,-13.862295701586758,-1.166750384372261,-1.166750384372261,-1.166750384372261,-12.695545317214497,-12.695545317214497,-12.695545317214497,0.0,0.0,0.0,185.03941328491368
2024-05-15,199.07549655969873,176.14457269349657,193.84984683008548,199.07549655969873,199.07549655969873,-13.959535589792821,-13.959535589792821,-13.959535589792821,-1.265553895169738,-1.265553895169738,-1.265553895169738,-12.693981694623083,-12.693981694623083,-12.693981694623083,0.0,0.0,0.0,185.11596096990593
2024-05-16,199.2492841328971,176.96293509837483,193.6105677217202,199.2492841328971,199.2492841328971,-14.044806235785828,-14.044806235785828,-14.044806235785828,-1.3636887768297143,-1.3636887768297143,-1.3636887768297143,-12.681117458956114,-12.681117458956114,-12.681117458956114,0.0,0.0,0.0,185.20447789711125
2024-05-17,199.42307170609544,177.26820787451646,193.17924013754225,199.42307170609544,199.42307170609544,-13.900271446797854,-13.900271446797854,-13.900271446797854,-1.2444231541383584,-1.2444231541383584,-1.2444231541383584,-12.655848292659496,-12.655848292659496,-12.655848292659496,0.0,0.0,0.0,185.52280025929758
2024-05-20,199.94443442569042,178.01704654060293,194.2303242493582,199.94443442569042,199.94443442569042,-13.611134530609963,-13.611134530609963,-13.611134530609963,-1.1144795683871092,-1.1144795683871092,-1.1144795683871092,-12.496654962222852,-12.496654962222852,-12.496654962222852,0.0,0.0,0.0,186.33329989508044
2024-05-21,200.11822199888877,177.87724761639592,194.64054049469422,200.11822199888877,200.11822199888877,-13.580447075545877,-13.580447075545877,-13.580447075545877,-1.1667503843728024,-1.1667503843728024,-1.1667503843728024,-12.413696691173074,-12.413696691173074,-12.413696691173074,0.0,0.0,0.0,186.5377749233429
2024-05-22,200.29200957208707,178.06852207616038,195.40595229356114,200.29200957208707,200.29200957208707,-13.580810217583295,-13.580810217583295,-13.580810217583295,-1.2655538951692764,-1.2655538951692764,-1.2655538951692764,-12.315256322414019,-12.315256322414019,-12.315256322414019,0.0,0.0,0.0,186.71119935450378
2024-05-23,200.46579714528542,179.49751779384937,195.07845001120762,200.46579714528542,200.46579714528542,-13.56503474245353,-13.56503474245353,-13.56503474245353,-1.3636887768292625,-1.3636887768292625,-1.3636887768292625,-12.201345965624267,-12.201345965624267,-12.201345965624267,0.0,0.0,0.0,186.9007624028319
2024-05-24,200.6395847184838,180.03217258618557,195.4781431480946,200.6395847184838,200.6395847184838,-13.316626589899968,-13.316626589899968,-13.316626589899968,-1.2444231541323743,-1.2444231541323743,-1.2444231541323743,-12.072203435767594,-12.072203435767594,-12.072203435767594,0.0,0.0,0.0,187.32295812858382
2024-05-28,201.3347350112771,180.66311903639684,197.5136098016682,201.3347350112771,201.3347350112771,-12.582121973869937,-12.582121973869937,-12.582121973869937,-1.166750384373344,-1.166750384373344,-1.166750384373344,-11.415371589496592,-11.415371589496592,-11.415371589496592,0.0,0.0,0.0,188.75261303740717
2024-05-29,201.5085225844754,180.6760656372602,197.32618099655386,201.5085225844754,201.5085225844754,-12.48620095013954,-12.48620095013954,-12.48620095013954,-1.265553895169355,-1.265553895169355,-1.265553895169355,-11.220647054970186,-11.220647054970186,-11.220647054970186,0.0,0.0,0.0,189.02232163433587
2024-05-30,201.68231015767378,181.25338957081738,197.85808810140338,201.68231015767378,201.68231015767378,-12.379670663453846,-12.379670663453846,-12.379670663453846,-1.3636887768304278,-1.3636887768304278,-1.3636887768304278,-11.015981886623418,-11.015981886623418,-11.015981886623418,0.0,0.0,0.0,189.30263949421993
2024-05-31,201.85609773087214,181.36061449363532,198.09205929305048,201.85609773087214,201.85609773087214,-12.047051919929128,-12.047051919929128,-12.047051919929128,-1.2444231541322839,-1.2444231541322839,-1.2444231541322839,-10.802628765796843,-10.802628765796843,-10.802628765796843,0.0,0.0,0.0,189.80904581094302
2024-06-03,202.37746045046708,182.45957579644397,198.84121989952868,202.37746045046708,202.37746045046708,-11.23720836108233,-11.23720836108233,-11.23720836108233,-1.1144795683775874,-1.1144795683775874,-1.1144795683775874,-10.122728792704743,-10.122728792704743,-10.122728792704743,0.0,0.0,0.0,191.14025208938475
2024-06-04,202.55124802366544,183.94867688922614,199.78113958774165,202.55124802366544,202.55124802366544,-11.053278424973776,-11.053278424973776,-11.053278424973776,-1.1667503843705318,-1.1667503843705318,-1.1667503843705318,-9.886528040603244,-9.886528040603244,-9.886528040603244,0.0,0.0,0.0,191.49796959869167
2024-06-05,202.72503559686376,183.97271159876541,200.1698239817218,202.72503559686376,202.72503559686376,-10.912619237121662,-10.912619237121662,-10.912619237121662,-1.2655538951695002,-1.2655538951695002,-1.2655538951695002,-9.647065341952162,-9.647065341952162,-9.647065341952162,0.0,0.0,0.0,191.8124163597421
2024-06-06,202.89882317006212,183.86240981411746,200.23800433020372,202.89882317006212,202.89882317006212,-10.76866585066048,-10.76866585066048,-10.76866585066048,-1.363688776831593,-1.363688776831593,-1.363688776831593,-9.404977073828888,-9.404977073828888,-9.404977073828888,0.0,0.0,0.0,192.13015731940163
2024-06-07,203.07261074326047,183.98158712175987,200.87106084780845,203.07261074326047,203.07261074326047,-10.405097451574363,-10.405097451574363,-10.405097451574363,-1.2444231541422792,-1.2444231541422792,-1.2444231541422792,-9.160674297432086,-9.160674297432086,-9.160674297432086,0.0,0.0,0.0,192.6675132916861
2024-06-10,203.59397346285542,186.13655323403268,202.22753406887145,203.59397346285542,203.59397346285542,-9.529319145953492,-9.529319145953492,-9.529319145953492,-1.1144795683805184,-1.1144795683805184,-1.1144795683805184,-8.414839577572975,-8.414839577572975,-8.414839577572975,0.0,0.0,0.0,194.06465431690194
2024-06-11,203.76776103605377,185.95071306120738,202.91166348065778,203.76776103605377,203.76776103605377,-9.327493085689396,-9.327493085689396,-9.327493085689396,-1.1667503843710734,-1.1667503843710734,-1.1667503843710734,-8.160742701318322,-8.160742701318322,-8.160742701318322,0.0,0.0,0.0,194.4402679503644
2024-06-12,203.9415486092521,186.44070407480453,203.18768331094302,203.9415486092521,203.9415486092521,-9.168238273825942,-9.168238273825942,-9.168238273825942,-1.265553895169038,-1.265553895169038,-1.265553895169038,-7.902684378656904,-7.902684378656904,-7.902684378656904,0.0,0.0,0.0,194.77331033542615
2024-06-13,204.11533618245045,186.49587371244948,203.59266500515676,204.11533618245045,204.11533618245045,-9.00327976023254,-9.00327976023254,-9.00327976023254,-1.363688776832758,-1.363688776832758,-1.363688776832758,-7.63959098339978,-7.63959098339978,-7.63959098339978,0.0,0.0,0.0,195.1120564222179
2024-06-14,204.2891237556488,187.1683085781931,203.92396736479714,204.2891237556488,204.2891237556488,-8.614624223830564,-8.614624223830564,-8.614624223830564,-1.244423154142189,-1.244423154142189,-1.244423154142189,-7.370201069688376,-7.370201069688376,-7.370201069688376,0.0,0.0,0.0,195.67449953181824
2024-06-17,204.81048647524375,189.27707006880527,205.31861406778597,204.81048647524375,204.81048647524375,-7.624182323661455,-7.624182323661455,-7.624182323661455,-1.1144795683834492,-1.1144795683834492,-1.1144795683834492,-6.509702755278006,-6.509702755278006,-6.509702755278006,0.0,0.0,0.0,197.1863041515823
2024-06-18,204.98427404844213,189.45673535648092,205.37220592219012,204.98427404844213,204.98427404844213,-7.367036307159336,-7.367036307159336,-7.367036307159336,-1.166750384374089,-1.166750384374089,-1.166750384374089,-6.200285922785247,-6.200285922785247,-6.200285922785247,0.0,0.0,0.0,197.6172377412828
2024-06-20,205.33184919483878,190.05282790350464,206.69180711533375,205.33184919483878,205.33184919483878,-6.902360781594041,-6.902360781594041,-6.902360781594041,-1.3636887768323063,-1.3636887768323063,-1.3636887768323063,-5.538672004761735,-5.538672004761735,-5.538672004761735,0.0,0.0,0.0,198.42948841324474
2024-06-21,205.50563676803714,190.72094115390547,207.32967916012794,205.50563676803714,205.50563676803714,-6.428386422064136,-6.428386422064136,-6.428386422064136,-1.2444231541391517,-1.2444231541391517,-1.2444231541391517,-5.183963267924985,-5.183963267924985,-5.183963267924985,0.0,0.0,0.0,199.077250345973
2024-06-24,206.0269994876321,192.11100335802863,209.294993001796,206.0269994876321,206.0269994876321,-5.128873178834421,-5.128873178834421,-5.128873178834421,-1.11447956838638,-1.11447956838638,-1.11447956838638,-4.014393610448041,-4.014393610448041,-4.014393610448041,0.0,0.0,0.0,200.89812630879769
2024-06-25,206.20078706083046,193.3918392099058,209.61867551539535,206.20078706083046,206.20078706083046,-4.755351548996629,-4.755351548996629,-4.755351548996629,-1.1667503843746303,-1.1667503843746303,-1.1667503843746303,-3.588601164621999,-3.588601164621999,-3.588601164621999,0.0,0.0,0.0,201.44543551183384
2024-06-26,206.37457463402876,193.91733107768152,209.75904850143013,206.37457463402876,206.37457463402876,-4.411004022136654,-4.411004022136654,-4.411004022136654,-1.2655538951692282,-1.2655538951692282,-1.2655538951692282,-3.145450126967427,-3.145450126967427,-3.145450126967427,0.0,0.0,0.0,201.9635706118921
2024-06-27,206.54836220722711,193.98979699768847,210.32240162193813,206.54836220722711,206.54836220722711,-4.04965840063353,-4.04965840063353,-4.04965840063353,-1.363688776835088,-1.363688776835088,-1.363688776835088,-2.685969623798442,-2.685969623798442,-2.685969623798442,0.0,0.0,0.0,202.4987038065936
2024-06-28,206.72214978042547,194.68357807786654,211.77324858504662,206.72214978042547,206.72214978042547,-3.4560754199752064,-3.4560754199752064,-3.4560754199752064,-1.2444231541361148,-1.2444231541361148,-1.2444231541361148,-2.2116522658390916,-2.2116522658390916,-2.2116522658390916,0.0,0.0,0.0,203.26607436045026
2024-07-01,207.24351250002044,196.83994065871596,214.3540630574426,207.24351250002044,207.24351250002044,-1.8359358891597932,-1.8359358891597932,-1.8359358891597932,-1.1144795683863222,-1.1144795683863222,-1.1144795683863222,-0.721456320773471,-0.721456320773471,-0.721456320773471,0.0,0.0,0.0,205.40757661086064
2024-07-02,207.4173000732188,198.36183793588742,214.65182625426885,207.4173000732188,207.4173000732188,-1.3784519525661285,-1.3784519525661285,-1.3784519525661285,-1.1667503843734952,-1.1667503843734952,-1.1667503843734952,-0.21170156819263342,-0.21170156819263342,-0.21170156819263342,0.0,0.0,0.0,206.03884812065266
2024-07-03,207.5910876464171,198.43729093107535,214.4307807814933,207.5910876464171,207.5910876464171,-0.9666181502182553,-0.9666181502182553,-0.9666181502182553,-1.2655538951693064,-1.2655538951693064,-1.2655538951693064,0.2989357449510511,0.2989357449510511,0.2989357449510511,0.0,0.0,0.0,206.62446949619883
2024-07-05,207.9386627928138,199.96462689479085,216.29227240838887,207.9386627928138,207.9386627928138,0.0629360150679622,0.0629360150679622,0.0629360150679622,-1.2444231541330775,-1.2444231541330775,-1.2444231541330775,1.3073591692010396,1.3073591692010396,1.3073591692010396,0.0,0.0,0.0,208.00159880788178
2024-07-08,208.46002551240878,201.5070756532704,218.34501758261874,208.46002551240878,208.46002551240878,1.6116607758848494,1.6116607758848494,1.6116607758848494,-1.114479568392242,-1.114479568392242,-1.114479568392242,2.7261403442770913,2.7261403442770913,2.7261403442770913,0.0,0.0,0.0,210.07168628829362
2024-07-09,208.63381308560707,202.52137106328,218.93930866298908,208.63381308560707,208.63381308560707,1.990835691063395,1.990835691063395,1.990835691063395,-1.1667503843748335,-1.1667503843748335,-1.1667503843748335,3.157586075438229,3.157586075438229,3.157586075438229,0.0,0.0,0.0,210.62464877667045
2024-07-10,208.80760065880543,202.93881006998316,219.6127471010189,208.80760065880543,208.80760065880543,2.296313949202832,2.296313949202832,2.296313949202832,-1.2655538951694518,-1.2655538951694518,-1.2655538951694518,3.561867844372284,3.561867844372284,3.561867844372284,0.0,0.0,0.0,211.10391460800827
2024-07-11,208.98138823200378,203.25377765276608,220.04420085067238,208.98138823200378,208.98138823200378,2.5718883316642227,2.5718883316642227,2.5718883316642227,-1.3636887768314117,-1.3636887768314117,-1.3636887768314117,3.9355771084956346,3.9355771084956346,3.9355771084956346,0.0,0.0,0.0,211.553276563668
2024-07-12,209.15517580520216,203.76366239194004,220.05364509741582,209.15517580520216,209.15517580520216,3.03130353288164,3.03130353288164,3.03130353288164,-1.244423154132987,-1.244423154132987,-1.244423154132987,4.275726687014627,4.275726687014627,4.275726687014627,0.0,0.0,0.0,212.1864793380838
2024-07-15,209.6765385247971,205.4828756729655,222.23645929107477,209.6765385247971,209.6765385247971,3.958418437478658,3.958418437478658,3.958418437478658,-1.1144795683797897,-1.1144795683797897,-1.1144795683797897,5.072898005858447,5.072898005858447,5.072898005858447,0.0,0.0,0.0,213.63495696227577
2024-07-16,209.8503260979954,206.01068708303404,222.12175020083106,209.8503260979954,209.8503260979954,4.093240153975409,4.093240153975409,4.093240153975409,-1.1667503843736977,-1.1667503843736977,-1.1667503843736977,5.259990538349107,5.259990538349107,5.259990538349107,0.0,0.0,0.0,213.94356625197082
2024-07-17,210.02411367119376,205.60042301710087,222.58731697925847,210.02411367119376,210.02411367119376,4.141828334626022,4.141828334626022,4.141828334626022,-1.2655538951695302,-1.2655538951695302,-1.2655538951695302,5.4073822297955525,5.4073822297955525,5.4073822297955525,0.0,0.0,0.0,214.16594200581977
2024-07-18,210.1979012443921,206.10060229507735,222.58164772919824,210.1979012443921,210.1979012443921,4.152243520523277,4.152243520523277,4.152243520523277,-1.36368877683096,-1.36368877683096,-1.36368877683096,5.5159322973542375,5.5159322973542375,5.5159322973542375,0.0,0.0,0.0,214.3501447649154
2024-07-19,210.3716888175905,206.60184016831823,222.67693241518552,210.3716888175905,210.3716888175905,4.342814003664021,4.342814003664021,4.342814003664021,-1.2444231541270028,-1.2444231541270028,-1.2444231541270028,5.587237157791024,5.587237157791024,5.587237157791024,0.0,0.0,0.0,214.7145028212545
2024-07-22,210.89305153718544,207.0380210660825,223.64542180858925,210.89305153718544,210.89305153718544,4.4897909782331125,4.4897909782331125,4.4897909782331125,-1.1144795683827202,-1.1144795683827202,-1.1144795683827202,5.604270546615832,5.604270546615832,5.604270546615832,0.0,0.0,0.0,215.38284251541856
2024-07-23,211.06683911038374,207.3708111501416,224.09844896423652,211.06683911038374,211.06683911038374,4.389676079348067,4.389676079348067,4.389676079348067,-1.1667503843742397,-1.1667503843742397,-1.1667503843742397,5.556426463722308,5.556426463722308,5.556426463722308,0.0,0.0,0.0,215.45651518973182
2024-07-24,211.2406266835821,207.6457610482393,223.48093132101846,211.2406266835821,211.2406266835821,4.223716766199559,4.223716766199559,4.223716766199559,-1.265553895169642,-1.265553895169642,-1.265553895169642,5.4892706613692015,5.4892706613692015,5.4892706613692015,0.0,0.0,0.0,215.46434344978167
2024-07-25,211.41441425678047,206.9649443223454,223.68042579996154,211.41441425678047,211.41441425678047,4.044246844747712,4.044246844747712,4.044246844747712,-1.3636887768305086,-1.3636887768305086,-1.3636887768305086,5.40793562157822,5.40793562157822,5.40793562157822,0.0,0.0,0.0,215.45866110152818
2024-07-26,211.58820182997883,206.39235534380444,223.72249064214688,211.58820182997883,211.58820182997883,4.073432825093503,4.073432825093503,4.073432825093503,-1.2444231541399453,-1.2444231541399453,-1.2444231541399453,5.317855979233449,5.317855979233449,5.317855979233449,0.0,0.0,0.0,215.66163465507233
2024-07-29,212.10956454957378,207.74697703029418,224.1270602361417,212.10956454957378,212.10956454957378,3.9371321943648363,3.9371321943648363,3.9371321943648363,-1.1144795683826625,-1.1144795683826625,-1.1144795683826625,5.051611762747499,5.051611762747499,5.051611762747499,0.0,0.0,0.0,216.0466967439386
2024-07-30,212.28335212277207,208.1614689403336,224.17039543604193,212.28335212277207,212.28335212277207,3.8161166069402093,3.8161166069402093,3.8161166069402093,-1.1667503843731042,-1.1667503843731042,-1.1667503843731042,4.982866991313314,4.982866991313314,4.982866991313314,0.0,0.0,0.0,216.09946872971227
2024-07-31,212.45713969597045,207.6728109887304,224.88397520632483,212.45713969597045,212.45713969597045,3.6673960283001237,3.6673960283001237,3.6673960283001237,-1.26555389516918,-1.26555389516918,-1.26555389516918,4.9329499234693035,4.9329499234693035,4.9329499234693035,0.0,0.0,0.0,216.12453572427057
2024-08-01,212.6309272691688,207.41096502713108,225.03062244330692,212.6309272691688,212.6309272691688,3.542905679936901,3.542905679936901,3.542905679936901,-1.3636887768332906,-1.3636887768332906,-1.3636887768332906,4.906594456770192,4.906594456770192,4.906594456770192,0.0,0.0,0.0,216.1738329491057
2024-08-02,212.80471484236716,207.9887459645984,225.15815752867817,212.80471484236716,212.80471484236716,3.66357662547404,3.66357662547404,3.66357662547404,-1.244423154133961,-1.244423154133961,-1.244423154133961,4.9079997796080015,4.9079997796080015,4.9079997796080015,0.0,0.0,0.0,216.4682914678412
2024-08-05,213.3260775619621,209.45815752284378,225.81679567941197,213.3260775619621,213.3260775619621,3.9962104719511116,3.9962104719511116,3.9962104719511116,-1.1144795683826048,-1.1144795683826048,-1.1144795683826048,5.110690040333716,5.110690040333716,5.110690040333716,0.0,0.0,0.0,217.32228803391322
2024-08-06,213.49986513516043,208.98595424680474,225.11816868038613,213.49986513516043,213.49986513516043,4.084375919446998,4.084375919446998,4.084375919446998,-1.1667503843736458,-1.1667503843736458,-1.1667503843736458,5.2511263038206435,5.2511263038206435,5.2511263038206435,0.0,0.0,0.0,217.58424105460745
2024-08-07,213.6736527083588,208.99092656273257,225.76633111106491,213.6736527083588,213.6736527083588,4.163636071733469,4.163636071733469,4.163636071733469,-1.2655538951692917,-1.2655538951692917,-1.2655538951692917,5.429189966902761,5.429189966902761,5.429189966902761,0.0,0.0,0.0,217.83728878009225
2024-08-08,213.84744028155714,209.47756795320873,226.49266959480255,213.84744028155714,213.84744028155714,4.280534232015439,4.280534232015439,4.280534232015439,-1.3636887768328387,-1.3636887768328387,-1.3636887768328387,5.644223008848278,5.644223008848278,5.644223008848278,0.0,0.0,0.0,218.12797451357258
2024-08-09,214.02122785475544,210.54751698007914,226.72292974457443,214.02122785475544,214.02122785475544,4.650216852925615,4.650216852925615,4.650216852925615,-1.2444231541338708,-1.2444231541338708,-1.2444231541338708,5.894640007059486,5.894640007059486,5.894640007059486,0.0,0.0,0.0,218.67144470768105
2024-08-12,214.54259057435047,211.96295219303047,228.35201988439408,214.54259057435047,214.54259057435047,5.7144644146786,5.7144644146786,5.7144644146786,-1.1144795683791187,-1.1144795683791187,-1.1144795683791187,6.8289439830577185,6.8289439830577185,6.8289439830577185,0.0,0.0,0.0,220.25705498902906
2024-08-13,214.71637814754882,212.52601826717148,229.47167109956132,214.71637814754882,214.71637814754882,6.020783772252764,6.020783772252764,6.020783772252764,-1.166750384370833,-1.166750384370833,-1.166750384370833,7.187534156623596,7.187534156623596,7.187534156623596,0.0,0.0,0.0,220.7371619198016
2024-08-14,214.89016572074712,212.9787078491429,229.16653039471132,214.89016572074712,214.89016572074712,6.295423193700181,6.295423193700181,6.295423193700181,-1.2655538951693701,-1.2655538951693701,-1.2655538951693701,7.56097708886955,7.56097708886955,7.56097708886955,0.0,0.0,0.0,221.1855889144473
2024-08-15,215.06395329394547,213.3868413197911,229.47671506361323,215.06395329394547,215.06395329394547,6.579475580390764,6.579475580390764,6.579475580390764,-1.363688776834004,-1.363688776834004,-1.363688776834004,7.943164357224767,7.943164357224767,7.943164357224767,0.0,0.0,0.0,221.64342887433625
2024-08-16,215.23774086714377,214.1312450043451,230.793151465836,215.23774086714377,215.23774086714377,7.083143121230885,7.083143121230885,7.083143121230885,-1.2444231541438662,-1.2444231541438662,-1.2444231541438662,8.32756627537475,8.32756627537475,8.32756627537475,0.0,0.0,0.0,222.32088398837465
2024-08-19,215.7591035867388,216.14702342088566,232.7136207182535,215.7591035867388,215.7591035867388,8.310727419398367,8.310727419398367,8.310727419398367,-1.1144795683820494,-1.1144795683820494,-1.1144795683820494,9.425206987780417,9.425206987780417,9.425206987780417,0.0,0.0,0.0,224.06983100613718
2024-08-20,215.93289115993716,216.41397910682198,232.67434183775933,215.93289115993716,215.93289115993716,8.582651379428146,8.582651379428146,8.582651379428146,-1.1667503843713745,-1.1667503843713745,-1.1667503843713745,9.749401763799522,9.749401763799522,9.749401763799522,0.0,0.0,0.0,224.5155425393653
2024-08-21,216.10667873313545,216.80859485205133,232.9064036853397,216.10667873313545,216.10667873313545,8.776005626526832,8.776005626526832,8.776005626526832,-1.2655538951694818,-1.2655538951694818,-1.2655538951694818,10.041559521696312,10.041559521696312,10.041559521696312,0.0,0.0,0.0,224.88268435966228
2024-08-22,216.2804663063338,217.11060117058855,234.13334288266367,216.2804663063338,216.2804663063338,8.931797482898055,8.931797482898055,8.931797482898055,-1.363688776830779,-1.363688776830779,-1.363688776830779,10.295486259728834,10.295486259728834,10.295486259728834,0.0,0.0,0.0,225.21226378923186
2024-08-23,216.4542538795321,217.5262389330431,233.9249715963951,216.4542538795321,216.4542538795321,9.261095067070523,9.261095067070523,9.261095067070523,-1.244423154140829,-1.244423154140829,-1.244423154140829,10.505518221211352,10.505518221211352,10.505518221211352,0.0,0.0,0.0,225.71534894660263
2024-08-26,216.97561659912714,218.36987544559153,235.17472349901252,216.97561659912714,216.97561659912714,9.711441547753143,9.711441547753143,9.711441547753143,-1.1144795683819915,-1.1144795683819915,-1.1144795683819915,10.825921116135136,10.825921116135136,10.825921116135136,0.0,0.0,0.0,226.68705814688028
2024-08-27,217.1494041723255,218.62016867309458,235.18297501909117,217.1494041723255,217.1494041723255,9.651389644406827,9.651389644406827,9.651389644406827,-1.1667503843743903,-1.1667503843743903,-1.1667503843743903,10.818140028781217,10.818140028781217,10.818140028781217,0.0,0.0,0.0,226.80079381673232
2024-08-28,217.3231917455238,217.7026055446844,235.14526497458448,217.3231917455238,217.3231917455238,9.484131352326056,9.484131352326056,9.484131352326056,-1.26555389516956,-1.26555389516956,-1.26555389516956,10.749685247495618,10.749685247495618,10.749685247495618,0.0,0.0,0.0,226.80732309784983
2024-08-29,217.49697931872214,218.70311488613027,234.84456752360543,217.49697931872214,217.49697931872214,9.256310211721587,9.256310211721587,9.256310211721587,-1.3636887768319441,-1.3636887768319441,-1.3636887768319441,10.61999898855353,10.61999898855353,10.61999898855353,0.0,0.0,0.0,226.75328953044374
2024-08-30,217.67076689192044,218.430642313254,234.80880385414082,217.67076689192044,217.67076689192044,9.185108322564727,9.185108322564727,9.185108322564727,-1.2444231541377917,-1.2444231541377917,-1.2444231541377917,10.429531476702518,10.429531476702518,10.429531476702518,0.0,0.0,0.0,226.85587521448517
2024-09-03,218.36591718471382,218.49915265345905,235.11090325922,218.36591718471382,218.36591718471382,7.936367052287485,7.936367052287485,7.936367052287485,-1.1667503843732545,-1.1667503843732545,-1.1667503843732545,9.10311743666074,9.10311743666074,9.10311743666074,0.0,0.0,0.0,226.30228423700132
2024-09-04,218.53970475791212,217.92379269666188,234.73483840722258,218.53970475791212,218.53970475791212,7.383544462594799,7.383544462594799,7.383544462594799,-1.2655538951697052,-1.2655538951697052,-1.2655538951697052,8.649098357764505,8.649098357764505,8.649098357764505,0.0,0.0,0.0,225.92324922050693
2024-09-05,218.71349233111047,217.43689275698856,234.22916316979493,218.71349233111047,218.71349233111047,6.792659683680297,6.792659683680297,6.792659683680297,-1.3636887768331094,-1.3636887768331094,-1.3636887768331094,8.156348460513406,8.156348460513406,8.156348460513406,0.0,0.0,0.0,225.50615201479076
2024-09-06,218.8872799043088,216.61475506036135,233.42092143670394,218.8872799043088,218.8872799043088,6.386664741094856,6.386664741094856,6.386664741094856,-1.2444231541377015,-1.2444231541377015,-1.2444231541377015,7.631087895232558,7.631087895232558,7.631087895232558,0.0,0.0,0.0,225.27394464540365
2024-09-09,219.4086426239038,216.23370614540357,232.07600228505828,219.4086426239038,219.4086426239038,4.813878819660812,4.813878819660812,4.813878819660812,-1.1144795683848643,-1.1144795683848643,-1.1144795683848643,5.928358388045676,5.928358388045676,5.928358388045676,0.0,0.0,0.0,224.2225214435646
2024-09-10,219.58243019710216,215.1733901278597,232.15810328405038,219.58243019710216,219.58243019710216,4.175478024338562,4.175478024338562,4.175478024338562,-1.166750384372119,-1.166750384372119,-1.166750384372119,5.342228408710681,5.342228408710681,5.342228408710681,0.0,0.0,0.0,223.75790822144072
2024-09-11,219.75621777030045,214.02477492787267,231.05502555313328,219.75621777030045,219.75621777030045,3.493210153578688,3.493210153578688,3.493210153578688,-1.2655538951697836,-1.2655538951697836,-1.2655538951697836,4.758764048748471,4.758764048748471,4.758764048748471,0.0,0.0,0.0,223.24942792387915
2024-09-12,219.93000534349883,214.27143603803034,231.41587674962432,219.93000534349883,219.93000534349883,2.821202365986785,2.821202365986785,2.821202365986785,-1.3636887768298849,-1.3636887768298849,-1.3636887768298849,4.18489114281667,4.18489114281667,4.18489114281667,0.0,0.0,0.0,222.7512077094856
2024-09-13,220.10379291669713,214.64851749492726,231.0681880415616,220.10379291669713,220.10379291669713,2.3827778996848417,2.3827778996848417,2.3827778996848417,-1.2444231541376114,-1.2444231541376114,-1.2444231541376114,3.627201053822453,3.627201053822453,3.627201053822453,0.0,0.0,0.0,222.48657081638197
2024-09-16,220.62515563629213,213.06963975859813,229.65284066195744,220.62515563629213,220.62515563629213,0.9953385532155332,0.9953385532155332,0.9953385532155332,-1.1144795683877953,-1.1144795683877953,-1.1144795683877953,2.1098181216033285,2.1098181216033285,2.1098181216033285,0.0,0.0,0.0,221.62049418950767
2024-09-17,220.7989432094905,213.32313942573697,229.3418028770302,220.7989432094905,220.7989432094905,0.5056052619376907,0.5056052619376907,0.5056052619376907,-1.166750384372661,-1.166750384372661,-1.166750384372661,1.6723556463103517,1.6723556463103517,1.6723556463103517,0.0,0.0,0.0,221.30454847142818
2024-09-18,220.9727307826888,212.62906060915117,228.7907799643298,220.9727307826888,220.9727307826888,0.009917696032959653,0.009917696032959653,0.009917696032959653,-1.2655538951693215,-1.2655538951693215,-1.2655538951693215,1.2754715912022812,1.2754715912022812,1.2754715912022812,0.0,0.0,0.0,220.98264847872179
2024-09-19,221.14651835588717,213.26037342980598,229.59809703042308,221.14651835588717,221.14651835588717,-0.4418683983983396,-0.4418683983983396,-0.4418683983983396,-1.363688776829433,-1.363688776829433,-1.363688776829433,0.9218203784310933,0.9218203784310933,0.9218203784310933,0.0,0.0,0.0,220.70464995748884
2024-09-20,221.32030592908546,211.58049824147088,229.85303663192593,221.32030592908546,221.32030592908546,-0.6312032116939041,-0.6312032116939041,-0.6312032116939041,-1.2444231541345743,-1.2444231541345743,-1.2444231541345743,0.6132199424406701,0.6132199424406701,0.6132199424406701,0.0,0.0,0.0,220.68910271739156
2024-09-23,221.84166864868047,211.8305257281412,228.84492402816974,221.84166864868047,221.84166864868047,-1.1511294458215569,-1.1511294458215569,-1.1511294458215569,-1.1144795683783317,-1.1144795683783317,-1.1144795683783317,-0.03664987744322495,-0.03664987744322495,-0.03664987744322495,0.0,0.0,0.0,220.6905392028589
2024-09-24,222.01545622187885,212.75746928121882,229.2687943927414,222.01545622187885,222.01545622187885,-1.3301995569535934,-1.3301995569535934,-1.3301995569535934,-1.1667503843732028,-1.1667503843732028,-1.1667503843732028,-0.16344917258039066,-0.16344917258039066,-0.16344917258039066,0.0,0.0,0.0,220.68525666492525
2024-09-25,222.18924379507715,212.85490532813262,228.7406529761142,222.18924379507715,222.18924379507715,-1.5138308074133981,-1.5138308074133981,-1.5138308074133981,-1.2655538951694334,-1.2655538951694334,-1.2655538951694334,-0.24827691224396478,-0.24827691224396478,-0.24827691224396478,0.0,0.0,0.0,220.67541298766375
2024-09-26,222.3630313682755,212.40133698794338,229.09977855372924,222.3630313682755,222.3630313682755,-1.6575752479606258,-1.6575752479606258,-1.6575752479606258,-1.363688776832215,-1.363688776832215,-1.363688776832215,-0.2938864711284111,-0.2938864711284111,-0.2938864711284111,0.0,0.0,0.0,220.70545612031486
2024-09-27,222.5368189414738,212.75216534761375,229.45774285049876,222.5368189414738,222.5368189414738,-1.548005821066205,-1.548005821066205,-1.548005821066205,-1.244423154131537,-1.244423154131537,-1.244423154131537,-0.3035826669346682,-0.3035826669346682,-0.3035826669346682,0.0,0.0,0.0,220.9888131204076
2024-09-30,223.0581816610688,213.39135019977502,230.2335449078733,223.0581816610688,223.0581816610688,-1.2710717045392346,-1.2710717045392346,-1.2710717045392346,-1.1144795683782738,-1.1144795683782738,-1.1144795683782738,-0.15659213616096068,-0.15659213616096068,-0.15659213616096068,0.0,0.0,0.0,221.78710995652958
2024-10-01,223.23196923426718,214.2189233814707,231.41911106352404,223.23196923426718,223.23196923426718,-1.2302168678636531,-1.2302168678636531,-1.2302168678636531,-1.1667503843720668,-1.1667503843720668,-1.1667503843720668,-0.06346648349158643,-0.06346648349158643,-0.06346648349158643,0.0,0.0,0.0,222.00175236640354
2024-10-02,223.40575680746548,214.14868316207088,230.77132795175316,223.40575680746548,223.40575680746548,-1.2214741172721006,-1.2214741172721006,-1.2214741172721006,-1.2655538951695455,-1.2655538951695455,-1.2655538951695455,0.044079777897444834,0.044079777897444834,0.044079777897444834,0.0,0.0,0.0,222.18428269019338
2024-10-03,223.57954438066383,214.25915296906237,230.70559671365191,223.57954438066383,223.57954438066383,-1.2022353382453357,-1.2022353382453357,-1.2022353382453357,-1.3636887768317631,-1.3636887768317631,-1.3636887768317631,0.1614534385864274,0.1614534385864274,0.1614534385864274,0.0,0.0,0.0,222.3773090424185
2024-10-04,223.75333195386213,215.00164258084465,230.34606914558987,223.75333195386213,223.75333195386213,-0.9602329610635278,-0.9602329610635278,-0.9602329610635278,-1.244423154141532,-1.244423154141532,-1.244423154141532,0.28419019307800414,0.28419019307800414,0.28419019307800414,0.0,0.0,0.0,222.7930989927986
2024-10-07,224.27469467345716,215.7083299721148,232.45527715857236,224.27469467345716,224.27469467345716,-0.47083448454583976,-0.47083448454583976,-0.47083448454583976,-1.1144795683841935,-1.1144795683841935,-1.1144795683841935,0.6436450838383537,0.6436450838383537,0.6436450838383537,0.0,0.0,0.0,223.80386018891133
2024-10-08,224.44848224665552,215.30975267653625,232.6284394614694,224.44848224665552,224.44848224665552,-0.41810581023205223,-0.41810581023205223,-0.41810581023205223,-1.1667503843709308,-1.1667503843709308,-1.1667503843709308,0.7486445741388786,0.7486445741388786,0.7486445741388786,0.0,0.0,0.0,224.03037643642347
2024-10-09,224.6222698198538,216.18145554070722,232.44807524347567,224.6222698198538,224.6222698198538,-0.4241924900326917,-0.4241924900326917,-0.4241924900326917,-1.2655538951690837,-1.2655538951690837,-1.2655538951690837,0.8413614051363918,0.8413614051363918,0.8413614051363918,0.0,0.0,0.0,224.19807732982113
2024-10-10,224.79605739305217,215.8191983146235,232.88032428880095,224.79605739305217,224.79605739305217,-0.44408070033884695,-0.44408070033884695,-0.44408070033884695,-1.3636887768329284,-1.3636887768329284,-1.3636887768329284,0.9196080764940814,0.9196080764940814,0.9196080764940814,0.0,0.0,0.0,224.35197669271332
2024-10-11,224.96984496625046,216.43406277836567,232.5026554590985,224.96984496625046,224.96984496625046,-0.2626977362375666,-0.2626977362375666,-0.2626977362375666,-1.244423154141442,-1.244423154141442,-1.244423154141442,0.9817254179038754,0.9817254179038754,0.9817254179038754,0.0,0.0,0.0,224.7071472300129
2024-10-14,225.4912076858455,217.48955744143723,233.8016790230652,225.4912076858455,225.4912076858455,-0.051714079967375516,-0.051714079967375516,-0.051714079967375516,-1.1144795683841353,-1.1144795683841353,-1.1144795683841353,1.0627654884167597,1.0627654884167597,1.0627654884167597,0.0,0.0,0.0,225.4394936058781
2024-10-15,225.66499525904385,217.37942856664515,233.8025480716815,225.66499525904385,225.66499525904385,-0.11230073795064653,-0.11230073795064653,-0.11230073795064653,-1.1667503843739473,-1.1667503843739473,-1.1667503843739473,1.0544496464233006,1.0544496464233006,1.0544496464233006,0.0,0.0,0.0,225.5526945210932
2024-10-16,225.83878283224215,216.8544791153577,233.83414291004885,225.83878283224215,225.83878283224215,-0.23596949854647087,-0.23596949854647087,-0.23596949854647087,-1.2655538951691951,-1.2655538951691951,-1.2655538951691951,1.0295843966227245,1.0295843966227245,1.0295843966227245,0.0,0.0,0.0,225.60281333369568
2024-10-17,226.01257040544044,217.298991813296,233.87520488596692,226.01257040544044,226.01257040544044,-0.3741886490506735,-0.3741886490506735,-0.3741886490506735,-1.3636887768324768,-1.3636887768324768,-1.3636887768324768,0.9895001277818033,0.9895001277818033,0.9895001277818033,0.0,0.0,0.0,225.63838175638978
2024-10-18,226.1863579786388,217.42940919722022,234.0005178582909,226.1863579786388,226.1863579786388,-0.3085196919921089,-0.3085196919921089,-0.3085196919921089,-1.2444231541354576,-1.2444231541354576,-1.2444231541354576,0.9359034621433487,0.9359034621433487,0.9359034621433487,0.0,0.0,0.0,225.8778382866467
2024-10-21,226.70772069823383,218.3076854804628,234.2516382445462,226.70772069823383,226.70772069823383,-0.39889013722851613,-0.39889013722851613,-0.39889013722851613,-1.1144795683870665,-1.1144795683870665,-1.1144795683870665,0.7155894311585504,0.7155894311585504,0.7155894311585504,0.0,0.0,0.0,226.30883056100532
2024-10-22,226.88150827143218,218.5379645425898,234.8286744897158,226.88150827143218,226.88150827143218,-0.5361770185072477,-0.5361770185072477,-0.5361770185072477,-1.1667503843728118,-1.1667503843728118,-1.1667503843728118,0.630573365865564,0.630573365865564,0.630573365865564,0.0,0.0,0.0,226.34533125292492
2024-10-23,227.05529584463048,218.2536641143158,234.50830777711556,227.05529584463048,227.05529584463048,-0.7213265742757318,-0.7213265742757318,-0.7213265742757318,-1.2655538951692735,-1.2655538951692735,-1.2655538951692735,0.5442273208935418,0.5442273208935418,0.5442273208935418,0.0,0.0,0.0,226.33396927035474
2024-10-24,227.22908341782878,217.5126527232823,234.88141448720228,227.22908341782878,227.22908341782878,-0.9043909471447592,-0.9043909471447592,-0.9043909471447592,-1.3636887768336419,-1.3636887768336419,-1.3636887768336419,0.45929782968888255,0.45929782968888255,0.45929782968888255,0.0,0.0,0.0,226.32469247068403
2024-10-25,227.40287099102716,218.30844904137834,235.02384922173533,227.40287099102716,227.40287099102716,-0.865923242843235,-0.865923242843235,-0.865923242843235,-1.2444231541353676,-1.2444231541353676,-1.2444231541353676,0.37849991129213256,0.37849991129213256,0.37849991129213256,0.0,0.0,0.0,226.53694774818393
2024-10-28,227.92423371062216,218.34173267748275,235.64049869861404,227.92423371062216,227.92423371062216,-0.9279415385178809,-0.9279415385178809,-0.9279415385178809,-1.1144795683870086,-1.1144795683870086,-1.1144795683870086,0.18653802986912768,0.18653802986912768,0.18653802986912768,0.0,0.0,0.0,226.9962921721043
2024-10-29,228.09802128382051,218.91593151008695,235.57277257374685,228.09802128382051,228.09802128382051,-1.019636763567005,-1.019636763567005,-1.019636763567005,-1.1667503843716758,-1.1667503843716758,-1.1667503843716758,0.1471136208046709,0.1471136208046709,0.1471136208046709,0.0,0.0,0.0,227.0783845202535
2024-10-30,228.2718088570188,218.95405861067465,235.4972009581754,228.2718088570188,228.2718088570188,-1.1422213628352036,-1.1422213628352036,-1.1422213628352036,-1.2655538951694192,-1.2655538951694192,-1.2655538951694192,0.12333253233421544,0.12333253233421544,0.12333253233421544,0.0,0.0,0.0,227.1295874941836
2024-10-31,228.4455964302171,219.2809904422975,235.7009065997998,228.4455964302171,228.4455964302171,-1.246836426370839,-1.246836426370839,-1.246836426370839,-1.3636887768304171,-1.3636887768304171,-1.3636887768304171,0.11685235045957802,0.11685235045957802,0.11685235045957802,0.0,0.0,0.0,227.19876000384627
2024-11-01,228.6193840034155,218.9850589279762,235.89423516645763,228.6193840034155,228.6193840034155,-1.1153533177237198,-1.1153533177237198,-1.1153533177237198,-1.2444231541323303,-1.2444231541323303,-1.2444231541323303,0.1290698364086102,0.1290698364086102,0.1290698364086102,0.0,0.0,0.0,227.50403068569176
2024-11-04,229.1407467230105,220.61212372498687,237.01277700587946,229.1407467230105,229.1407467230105,-0.8266025926178904,-0.8266025926178904,-0.8266025926178904,-1.1144795683899396,-1.1144795683899396,-1.1144795683899396,0.28787697577204935,0.28787697577204935,0.28787697577204935,0.0,0.0,0.0,228.3141441303926
2024-11-05,229.3145342962088,220.82575912024433,237.19122981791412,229.3145342962088,229.3145342962088,-0.783203446717007,-0.783203446717007,-0.783203446717007,-1.1667503843763694,-1.1667503843763694,-1.1667503843763694,0.38354693765936226,0.38354693765936226,0.38354693765936226,0.0,0.0,0.0,228.53133084949178
2024-11-06,229.48832186940714,220.32132427373264,237.32129309973502,229.48832186940714,229.48832186940714,-0.7645786116526665,-0.7645786116526665,-0.7645786116526665,-1.2655538951694971,-1.2655538951694971,-1.2655538951694971,0.5009752835168307,0.5009752835168307,0.5009752835168307,0.0,0.0,0.0,228.72374325775448
2024-11-07,229.66210944260547,221.0189331677355,236.70851484993045,229.66210944260547,229.66210944260547,-0.7236286243573509,-0.7236286243573509,-0.7236286243573509,-1.3636887768315824,-1.3636887768315824,-1.3636887768315824,0.6400601524742314,0.6400601524742314,0.6400601524742314,0.0,0.0,0.0,228.9384808182481
2024-11-08,229.83589701580382,221.1956470980671,237.98028962259949,229.83589701580382,229.83589701580382,-0.443920006459035,-0.443920006459035,-0.443920006459035,-1.2444231541423256,-1.2444231541423256,-1.2444231541423256,0.8005031476832907,0.8005031476832907,0.8005031476832907,0.0,0.0,0.0,229.3919770093448
2024-11-11,230.35725973539883,221.83482448406343,238.63587231360333,230.35725973539883,230.35725973539883,0.29004364219258766,0.29004364219258766,0.29004364219258766,-1.1144795683804756,-1.1144795683804756,-1.1144795683804756,1.4045232105730632,1.4045232105730632,1.4045232105730632,0.0,0.0,0.0,230.6473033775914
2024-11-12,230.53104730859712,222.28597417443711,238.76452314843405,230.53104730859712,230.53104730859712,0.4775265637809556,0.4775265637809556,0.4775265637809556,-1.166750384373556,-1.166750384373556,-1.166750384373556,1.6442769481545119,1.6442769481545119,1.6442769481545119,0.0,0.0,0.0,231.0085738723781
2024-11-13,230.7048348817955,223.33854147976933,240.14361212486037,230.7048348817955,230.7048348817955,0.6361866918985216,0.6361866918985216,0.6361866918985216,-1.2655538951695755,-1.2655538951695755,-1.2655538951695755,1.9017405870680972,1.9017405870680972,1.9017405870680972,0.0,0.0,0.0,231.34102157369404
2024-11-14,230.8786224549938,223.62759718384007,240.05303478543854,230.8786224549938,230.8786224549938,0.8122154907593364,0.8122154907593364,0.8122154907593364,-1.3636887768311305,-1.3636887768311305,-1.3636887768311305,2.1759042675904667,2.1759042675904667,2.1759042675904667,0.0,0.0,0.0,231.69083794575315
2024-11-15,231.05241002819216,223.8673676145251,240.41996360434072,231.05241002819216,231.05241002819216,1.2212838334906306,1.2212838334906306,1.2212838334906306,-1.2444231541392883,-1.2444231541392883,-1.2444231541392883,2.465706987629919,2.465706987629919,2.465706987629919,0.0,0.0,0.0,232.27369386168277
2024-11-18,231.57377274778716,225.5379717378486,241.49945204766482,231.57377274778716,231.57377274778716,2.303340633127998,2.303340633127998,2.303340633127998,-1.1144795683834068,-1.1144795683834068,-1.1144795683834068,3.4178202015114048,3.4178202015114048,3.4178202015114048,0.0,0.0,0.0,233.87711338091515
2024-11-19,231.74756032098549,225.8564094115058,242.7683663048988,231.74756032098549,231.74756032098549,2.5921794638143725,2.5921794638143725,2.5921794638143725,-1.1667503843740976,-1.1667503843740976,-1.1667503843740976,3.75892984818847,3.75892984818847,3.75892984818847,0.0,0.0,0.0,234.33973978479986
2024-11-20,231.92134789418384,226.46934626378828,243.03255081420878,231.92134789418384,231.92134789418384,2.8443918020019874,2.8443918020019874,2.8443918020019874,-1.2655538951696872,-1.2655538951696872,-1.2655538951696872,4.109945697171675,4.109945697171675,4.109945697171675,0.0,0.0,0.0,234.76573969618582
2024-11-21,232.09513546738214,227.03116858694463,243.88346962138206,232.09513546738214,232.09513546738214,3.1059711390850935,3.1059711390850935,3.1059711390850935,-1.3636887768339125,-1.3636887768339125,-1.3636887768339125,4.4696599159190065,4.4696599159190065,4.4696599159190065,0.0,0.0,0.0,235.20110660646722
2024-11-22,232.2689230405805,227.18987170743583,244.94358615035148,232.2689230405805,232.2689230405805,3.59241614858772,3.59241614858772,3.59241614858772,-1.2444231541362512,-1.2444231541362512,-1.2444231541362512,4.836839302723972,4.836839302723972,4.836839302723972,0.0,0.0,0.0,235.8613391891682
2024-11-25,232.79028576017552,229.26920580176872,246.01271440295594,232.79028576017552,232.79028576017552,4.855833066287831,4.855833066287831,4.855833066287831,-1.1144795683863373,-1.1144795683863373,-1.1144795683863373,5.970312634674169,5.970312634674169,5.970312634674169,0.0,0.0,0.0,237.64611882646335
2024-11-26,232.96407333337382,230.25908767446018,245.85658641165432,232.96407333337382,232.96407333337382,5.187515551263211,5.187515551263211,5.187515551263211,-1.166750384372962,-1.166750384372962,-1.166750384372962,6.354265935636175,6.354265935636175,6.354265935636175,0.0,0.0,0.0,238.15158888463702
2024-11-27,233.13786090657217,230.6018441466525,247.022997150463,233.13786090657217,233.13786090657217,5.473327435430081,5.473327435430081,5.473327435430081,-1.265553895169192,-1.265553895169192,-1.265553895169192,6.7388813305992725,6.7388813305992725,6.7388813305992725,0.0,0.0,0.0,238.61118834200227
2024-11-29,233.48543605296882,231.23745340114888,247.27372362690915,233.48543605296882,233.48543605296882,6.259426305381226,6.259426305381226,6.259426305381226,-1.244423154133214,-1.244423154133214,-1.244423154133214,7.50384945951444,7.50384945951444,7.50384945951444,0.0,0.0,0.0,239.74486235835005
2024-12-02,234.00679877256385,232.88872713722085,249.88610054456993,234.00679877256385,234.00679877256385,7.500713740012397,7.500713740012397,7.500713740012397,-1.1144795683768742,-1.1144795683768742,-1.1144795683768742,8.615193308389271,8.615193308389271,8.615193308389271,0.0,0.0,0.0,241.50751251257626
2024-12-03,234.18058634576215,233.34427334607005,250.23062722977056,234.18058634576215,234.18058634576215,7.801945540870524,7.801945540870524,7.801945540870524,-1.1667503843718268,-1.1667503843718268,-1.1667503843718268,8.96869592524235,8.96869592524235,8.96869592524235,0.0,0.0,0.0,241.98253188663267
2024-12-04,234.3543739189605,234.41533306903276,250.42908434561815,234.3543739189605,234.3543739189605,8.04492887272926,8.04492887272926,8.04492887272926,-1.2655538951693373,-1.2655538951693373,-1.2655538951693373,9.310482767898597,9.310482767898597,9.310482767898597,0.0,0.0,0.0,242.39930279168976
2024-12-05,234.5281614921588,234.0392903141702,250.8889912811426,234.5281614921588,234.5281614921588,8.274844960160566,8.274844960160566,8.274844960160566,-1.3636887768318529,-1.3636887768318529,-1.3636887768318529,9.63853373699242,9.63853373699242,9.63853373699242,0.0,0.0,0.0,242.80300645231938
2024-12-06,234.70194906535716,235.39780647477153,251.62269153049164,234.70194906535716,234.70194906535716,8.706378606592777,8.706378606592777,8.706378606592777,-1.2444231541331239,-1.2444231541331239,-1.2444231541331239,9.950801760725902,9.950801760725902,9.950801760725902,0.0,0.0,0.0,243.40832767194993
2024-12-09,235.2233117849522,236.68727448557286,252.68551508375012,235.2233117849522,235.2233117849522,9.65800742297564,9.65800742297564,9.65800742297564,-1.1144795683768158,-1.1144795683768158,-1.1144795683768158,10.772486991352455,10.772486991352455,10.772486991352455,0.0,0.0,0.0,244.88131920792782
2024-12-10,235.39709935815048,236.9662101829982,253.74463253785333,235.39709935815048,235.39709935815048,9.834646173513423,9.834646173513423,9.834646173513423,-1.166750384370691,-1.166750384370691,-1.166750384370691,11.001396557884116,11.001396557884116,11.001396557884116,0.0,0.0,0.0,245.2317455316639
2024-12-11,235.57088693134884,237.79544183387327,253.5957429440078,235.57088693134884,235.57088693134884,9.939150041192994,9.939150041192994,9.939150041192994,-1.2655538951694156,-1.2655538951694156,-1.2655538951694156,11.20470393636241,11.20470393636241,11.20470393636241,0.0,0.0,0.0,245.51003697254183
2024-12-12,235.74467450454713,236.88436282352694,254.25457000812932,235.74467450454713,235.74467450454713,10.01703695389849,10.01703695389849,10.01703695389849,-1.3636887768314012,-1.3636887768314012,-1.3636887768314012,11.380725730729893,11.380725730729893,11.380725730729893,0.0,0.0,0.0,245.76171145844563
2024-12-13,235.9184620777455,238.32171471249913,254.57585789703447,235.9184620777455,235.9184620777455,10.283521087008145,10.283521087008145,10.283521087008145,-1.244423154143119,-1.244423154143119,-1.244423154143119,11.527944241151264,11.527944241151264,11.527944241151264,0.0,0.0,0.0,246.20198316475364
2024-12-16,236.43982479734052,239.155168757987,255.5180376831231,236.43982479734052,236.43982479734052,10.670260232911744,10.670260232911744,10.670260232911744,-1.114479568382736,-1.114479568382736,-1.114479568382736,11.78473980129448,11.78473980129448,11.78473980129448,0.0,0.0,0.0,247.11008503025226
2024-12-17,236.61361237053882,239.14925801438886,255.76485874438697,236.61361237053882,236.61361237053882,10.639203574723338,10.639203574723338,10.639203574723338,-1.1667503843712321,-1.1667503843712321,-1.1667503843712321,11.80595395909457,11.80595395909457,11.80595395909457,0.0,0.0,0.0,247.25281594526214
2024-12-18,236.78739994373717,239.56376792810659,255.00681005700127,236.78739994373717,236.78739994373717,10.528755052941097,10.528755052941097,10.528755052941097,-1.2655538951695273,-1.2655538951695273,-1.2655538951695273,11.794308948110624,11.794308948110624,11.794308948110624,0.0,0.0,0.0,247.31615499667828
2024-12-19,236.96118751693547,239.0838957650398,255.8409659059825,236.96118751693547,236.96118751693547,10.386190272249804,10.386190272249804,10.386190272249804,-1.3636887768309496,-1.3636887768309496,-1.3636887768309496,11.749879049080752,11.749879049080752,11.749879049080752,0.0,0.0,0.0,247.34737778918526
2024-12-20,237.13497509013385,239.86969442251043,256.056469654453,237.13497509013385,237.13497509013385,10.428654450732095,10.428654450732095,10.428654450732095,-1.2444231541430284,-1.2444231541430284,-1.2444231541430284,11.673077604875123,11.673077604875123,11.673077604875123,0.0,0.0,0.0,247.56362954086595
2024-12-23,237.65633780972885,239.56954481961554,257.18398419001494,237.65633780972885,237.65633780972885,10.143356944033883,10.143356944033883,10.143356944033883,-1.1144795683826776,-1.1144795683826776,-1.1144795683826776,11.25783651241656,11.25783651241656,11.25783651241656,0.0,0.0,0.0,247.79969475376274
2024-12-24,237.83012538292715,239.13824148448867,256.06917027548974,237.83012538292715,237.83012538292715,9.895951474118384,9.895951474118384,9.895951474118384,-1.1667503843742486,-1.1667503843742486,-1.1667503843742486,11.062701858492632,11.062701858492632,11.062701858492632,0.0,0.0,0.0,247.72607685704554
2024-12-26,238.17770052932383,238.90047939634053,256.2578344947595,238.17770052932383,238.17770052932383,9.23603805121221,9.23603805121221,9.23603805121221,-1.3636887768337314,-1.3636887768337314,-1.3636887768337314,10.599726828045942,10.599726828045942,10.599726828045942,0.0,0.0,0.0,247.41373858053603
2024-12-27,238.35148810252218,238.82228137035437,255.1515300242579,238.35148810252218,238.35148810252218,9.092688523971265,9.092688523971265,9.092688523971265,-1.244423154137045,-1.244423154137045,-1.244423154137045,10.337111678108311,10.337111678108311,10.337111678108311,0.0,0.0,0.0,247.44417662649346
2024-12-30,238.8728508221172,238.85112555780432,255.2888164498925,238.8728508221172,238.8728508221172,8.347117688902081,8.347117688902081,8.347117688902081,-1.1144795683826199,-1.1144795683826199,-1.1144795683826199,9.461597257284701,9.461597257284701,9.461597257284701,0.0,0.0,0.0,247.21996851101926
2024-12-31,239.04663839531548,239.05655643709883,255.19859213452324,239.04663839531548,239.04663839531548,7.985210322236137,7.985210322236137,7.985210322236137,-1.1667503843747904,-1.1667503843747904,-1.1667503843747904,9.151960706610927,9.151960706610927,9.151960706610927,0.0,0.0,0.0,247.0318487175516
2025-01-01,239.22042596851387,238.3969142253525,255.35577482567027,239.22042596851387,239.22042596851387,7.573924201367823,7.573924201367823,7.573924201367823,-1.2655538951697507,-1.2655538951697507,-1.2655538951697507,8.839478096537574,8.839478096537574,8.839478096537574,0.0,0.0,0.0,246.79435016988168
2025-01-02,239.39421354171216,238.1830433341288,255.01358545617578,239.39421354171216,239.39421354171216,7.164196876243712,7.164196876243712,7.164196876243712,-1.3636887768332797,-1.3636887768332797,-1.3636887768332797,8.527885653076991,8.527885653076991,8.527885653076991,0.0,0.0,0.0,246.55841041795588
2025-01-03,239.56800111491052,238.49312656405039,254.82139554595858,239.56800111491052,239.56800111491052,6.976494381166329,6.976494381166329,6.976494381166329,-1.2444231541369546,-1.2444231541369546,-1.2444231541369546,8.220917535303284,8.220917535303284,8.220917535303284,0.0,0.0,0.0,246.54449549607685
2025-01-04,239.7417886881088,242.16582117823202,258.49869611920735,239.7417886881088,239.7417886881088,10.999700737340747,10.999700737340747,10.999700737340747,3.077448241975515,3.077448241975515,3.077448241975515,7.922252495365233,7.922252495365233,7.922252495365233,0.0,0.0,0.0,250.74148942544957
2025-01-05,239.91557626130717,242.40466175134978,258.8341639892235,239.91557626130717,239.91557626130717,10.71290746448131,10.71290746448131,10.71290746448131,3.077447536922066,3.077447536922066,3.077447536922066,7.635459927559244,7.635459927559244,7.635459927559244,0.0,0.0,0.0,250.62848372578847
2025-01-06,240.08936383450546,238.03143440844548,254.3649682389815,240.08936383450546,240.08936383450546,6.249466563110028,6.249466563110028,6.249466563110028,-1.1144795683885398,-1.1144795683885398,-1.1144795683885398,7.363946131498567,7.363946131498567,7.363946131498567,0.0,0.0,0.0,246.33883039761548
2025-01-07,240.26315140770382,238.3871386306027,254.5440689556026,240.26315140770382,240.26315140770382,5.9441512378251895,5.9441512378251895,5.9441512378251895,-1.1667503843719773,-1.1667503843719773,-1.1667503843719773,7.110901622197168,7.110901622197168,7.110901622197168,0.0,0.0,0.0,246.207302645529
2025-01-08,240.4369389809022,237.57334084507517,253.83218399404282,240.4369389809022,240.4369389809022,5.6136964197355015,5.6136964197355015,5.6136964197355015,-1.2655538951692888,-1.2655538951692888,-1.2655538951692888,6.879250314904791,6.879250314904791,6.879250314904791,0.0,0.0,0.0,246.0506354006377
2025-01-09,240.6107265541005,237.5184267548823,254.37641074405838,240.6107265541005,240.6107265541005,5.3079126183003185,5.3079126183003185,5.3079126183003185,-1.3636887768300552,-1.3636887768300552,-1.3636887768300552,6.671601395130374,6.671601395130374,6.671601395130374,0.0,0.0,0.0,245.91863917240082
2025-01-10,240.78451412729885,237.50770784525884,254.30685830998488,240.78451412729885,240.78451412729885,5.245781500705556,5.245781500705556,5.245781500705556,-1.2444231541368644,-1.2444231541368644,-1.2444231541368644,6.49020465484242,6.49020465484242,6.49020465484242,0.0,0.0,0.0,246.0302956280044
2025-01-11,240.95830170049715,241.93109145403056,258.4769860895628,240.95830170049715,240.95830170049715,9.41435827695488,9.41435827695488,9.41435827695488,3.07744824198058,3.07744824198058,3.07744824198058,6.3369100349742995,6.3369100349742995,6.3369100349742995,0.0,0.0,0.0,250.37265997745203
2025-01-12,241.1320892736955,242.17573118314795,258.684408488531,241.1320892736955,241.1320892736955,9.290579599646598,9.290579599646598,9.290579599646598,3.07744753692073,3.07744753692073,3.07744753692073,6.213132062725867,6.213132062725867,6.213132062725867,0.0,0.0,0.0,250.4226688733421
2025-01-13,241.3058768468938,237.02779242541598,254.2693650488604,241.3058768468938,241.3058768468938,5.0053402421451185,5.0053402421451185,5.0053402421451185,-1.1144795683884816,-1.1144795683884816,-1.1144795683884816,6.119819810533601,6.119819810533601,6.119819810533601,0.0,0.0,0.0,246.3112170890389
2025-01-14,241.47966442009218,237.5071614425634,254.8894676330869,241.47966442009218,241.47966442009218,4.890682548451284,4.890682548451284,4.890682548451284,-1.1667503843725189,-1.1667503843725189,-1.1667503843725189,6.057432932823803,6.057432932823803,6.057432932823803,0.0,0.0,0.0,246.37034696854346
2025-01-15,241.65345199329053,238.11723024385336,254.67501957346946,241.65345199329053,241.65345199329053,4.760370362463948,4.760370362463948,4.760370362463948,-1.2655538951694008,-1.2655538951694008,-1.2655538951694008,6.025924257633348,6.025924257633348,6.025924257633348,0.0,0.0,0.0,246.4138223557545
2025-01-16,241.82723956648883,238.1360329284822,255.02020684384894,241.82723956648883,241.82723956648883,4.661040547080084,4.661040547080084,4.661040547080084,-1.3636887768296033,-1.3636887768296033,-1.3636887768296033,6.024729323909687,6.024729323909687,6.024729323909687,0.0,0.0,0.0,246.48828011356892
2025-01-17,242.00102713968718,238.22489643626216,255.52600765436992,242.00102713968718,242.00102713968718,4.808340008558942,4.808340008558942,4.808340008558942,-1.2444231541308803,-1.2444231541308803,-1.2444231541308803,6.052763162689823,6.052763162689823,6.052763162689823,0.0,0.0,0.0,246.8093671482461
2025-01-18,242.17481471288548,243.45921619030457,259.22331090224225,242.17458640114464,242.17764246371186,9.18587276449773,9.18587276449773,9.18587276449773,3.077448241974565,3.077448241974565,3.077448241974565,6.108424522523167,6.108424522523167,6.108424522523167,0.0,0.0,0.0,251.3606874773832
2025-01-19,242.34860228608377,242.9512929843357,259.60783844380444,242.3353064030573,242.35658143254233,9.267055174407377,9.267055174407377,9.267055174407377,3.0774475369193937,3.0774475369193937,3.0774475369193937,6.189607637487984,6.189607637487984,6.189607637487984,0.0,0.0,0.0,251.61565746049115
2025-01-20,242.52238985928216,239.25543222720805,255.759093532099,242.49031940744348,242.5375772775238,5.179241962618609,5.179241962618609,5.179241962618609,-1.1144795683790178,-1.1144795683790178,-1.1144795683790178,6.293721530997626,6.293721530997626,6.293721530997626,0.0,0.0,0.0,247.70163182190078
2025-01-21,242.6961774324805,239.10088003531033,255.89934507925858,242.634095684379,242.72747841030633,5.250966357243444,5.250966357243444,5.250966357243444,-1.1667503843730604,-1.1667503843730604,-1.1667503843730604,6.417716741616504,6.417716741616504,6.417716741616504,0.0,0.0,0.0,247.94714378972395
2025-01-22,242.86996500567886,239.3233371334238,256.8432187107341,242.80129504249345,242.91272959594787,5.292565354112572,5.292565354112572,5.292565354112572,-1.2655538951694791,-1.2655538951694791,-1.2655538951694791,6.558119249282051,6.558119249282051,6.558119249282051,0.0,0.0,0.0,248.16253035979145
2025-01-23,243.04375257887716,239.27865648860018,256.32999910488905,242.9608181876806,243.10736021599294,5.34738249624385,5.34738249624385,5.34738249624385,-1.3636887768307686,-1.3636887768307686,-1.3636887768307686,6.7110712730746185,6.7110712730746185,6.7110712730746185,0.0,0.0,0.0,248.391135075121
2025-01-24,243.21754015207551,239.98182484187828,257.2480501806993,243.10700659454355,243.31219801062056,5.627955352018245,5.627955352018245,5.627955352018245,-1.2444231541307897,-1.2444231541307897,-1.2444231541307897,6.872378506149034,6.872378506149034,6.872378506149034,0.0,0.0,0.0,248.84549550409375
2025-01-25,243.3913277252738,244.93510879075646,261.98418722595505,243.24265977233796,243.53491795446945,10.115011492994794,10.115011492994794,10.115011492994794,3.077448241967446,3.077448241967446,3.077448241967446,7.037563251027349,7.037563251027349,7.037563251027349,0.0,0.0,0.0,253.5063392182686
2025-01-26,243.56511529847214,244.67965723909398,262.3276321812129,243.38520252610883,243.74605964962947,10.279370357414097,10.279370357414097,10.279370357414097,3.0774475369180574,3.0774475369180574,3.0774475369180574,7.201922820496041,7.201922820496041,7.201922820496041,0.0,0.0,0.0,253.84448565588625
2025-01-27,243.7389028716705,241.21008853808092,258.862654456205,243.5188851356559,243.9559023653827,6.2461129088516385,6.2461129088516385,6.2461129088516385,-1.1144795683789603,-1.1144795683789603,-1.1144795683789603,7.360592477230599,7.360592477230599,7.360592477230599,0.0,0.0,0.0,249.98501578052213
2025-01-28,243.91269044486884,242.20432802382894,258.8377200980245,243.60160757230832,244.183776737947,6.341861716087303,6.341861716087303,6.341861716087303,-1.166750384370248,-1.166750384370248,-1.166750384370248,7.508612100457551,7.508612100457551,7.508612100457551,0.0,0.0,0.0,250.25455216095614
2025-01-29,244.0864780180672,242.04807096375686,258.71287830448955,243.7049410510424,244.3985743296362,6.37544179670068,6.37544179670068,6.37544179670068,-1.2655538951696246,-1.2655538951696246,-1.2655538951696246,7.640995691870304,7.640995691870304,7.640995691870304,0.0,0.0,0.0,250.46191981476787
2025-01-30,244.2602655912655,241.8226302694923,258.9855553671424,243.85166053647384,244.6104104361891,6.389113990225514,6.389113990225514,6.389113990225514,-1.3636887768319337,-1.3636887768319337,-1.3636887768319337,7.752802767057448,7.752802767057448,7.752802767057448,0.0,0.0,0.0,250.64937958149102
