Date,Close,High,Low,Open,Volume,MA20,MA50,Daily_Return,Volatility,Lag_1,Lag_2,Lag_3
2020-03-13,67.10293579101562,67.57367559511492,61.06301877546382,63.94538103600016,370732000,70.64275321960449,73.73338989257813,0.11980830894649497,0.055298643781048235,59.92359161376953,66.4897689819336,68.88207244873047
2020-03-16,58.4703483581543,62.542820889319664,57.93684495675963,58.40758108532822,322423600,69.64406681060791,73.45611930847168,-0.12864694116732134,0.06163875642176329,67.10293579101562,59.92359161376953,66.4897689819336
2020-03-17,61.041297912597656,62.187961018540406,57.55060118117008,59.7497875289441,324056000,68.84574527740479,73.24433250427246,0.04397014258740617,0.06290479329221577,58.4703483581543,67.10293579101562,59.92359161376953
2020-03-18,59.5470085144043,60.35088271418024,57.2416040580175,57.88132562490314,300233600,67.91694641113281,72.99124450683594,-0.024479974202595844,0.06272067324207267,61.041297912597656,58.4703483581543,67.10293579101562
2020-03-19,59.09075164794922,61.03646337436918,58.56690646649194,59.72081496454535,271857200,67.00540733337402,72.73582290649414,-0.0076621290949436816,0.06272631043910779,59.5470085144043,61.041297912597656,58.4703483581543
2020-03-20,55.3393440246582,60.79264863512061,55.04000233501268,59.67012006159394,401693200,65.99380664825439,72.3822534942627,-0.06348552893084092,0.06376506651637476,59.09075164794922,59.5470085144043,61.041297912597656
2020-03-23,54.1637077331543,55.16070547027294,51.32480360482342,55.05931643178171,336752800,65.10290756225587,71.9741520690918,-0.021244131317857073,0.06329733184683431,55.3393440246582,59.09075164794922,59.5470085144043
2020-03-24,59.597686767578125,59.79322297879332,56.56083083014149,57.058121363238,287531200,64.60561485290528,71.67135803222656,0.1003250933483939,0.06783091149719316,54.1637077331543,55.3393440246582,59.09075164794922
2020-03-25,59.26938247680664,62.3424476958278,58.97486994131572,60.53192162528101,303602000,64.0367467880249,71.33006385803223,-0.005508675060691859,0.06764468749011707,59.597686767578125,54.1637077331543,55.3393440246582
2020-03-26,62.38833618164063,62.44627067816228,59.47218075604415,59.51080620940923,252087200,63.85473003387451,71.07176399230957,0.052623354158523705,0.06739164292019749,59.26938247680664,59.597686767578125,54.1637077331543
2020-03-27,59.8053092956543,61.76791740598874,59.638740277699725,61.0147396032641,204216800,63.54549217224121,70.76825805664062,-0.04140240057798583,0.06800414974693764,62.38833618164063,59.26938247680664,59.597686767578125
2020-03-30,61.51202392578125,61.68342202785463,60.20603013475776,60.52951361729588,167976400,63.01440277099609,70.48010147094726,0.028537844720267547,0.06466702134352513,59.8053092956543,62.38833618164063,59.26938247680664
2020-03-31,61.386497497558594,63.36600556092488,60.833685075362965,61.70273919270683,197002000,62.59158515930176,70.17262390136719,-0.0020406811581116235,0.06438333556993772,61.51202392578125,59.8053092956543,62.38833618164063
2020-04-01,58.15652084350586,60.04188167908633,57.72682288768837,59.50596558883749,176218400,61.84528713226318,69.81095085144042,-0.05261705400574768,0.0640739620194261,61.386497497558594,61.51202392578125,59.8053092956543
2020-04-02,59.12695693969727,59.18006600388776,57.18848714731951,58.01891576899804,165934000,61.266039276123045,69.4632438659668,0.01668662571481483,0.06408612902175143,58.15652084350586,61.386497497558594,61.51202392578125
2020-04-03,58.277225494384766,59.31284498948773,57.68820030765842,58.61277624472143,129880000,60.691257286071775,69.0911727142334,-0.014371303535528401,0.06409226821753933,59.12695693969727,58.15652084350586,61.386497497558594
2020-04-06,63.36118698120117,63.515681414819454,60.20121554945302,60.568146275466354,201820400,60.646597671508786,68.82521240234375,0.08723753479489615,0.06503026302738914,58.277225494384766,59.12695693969727,58.15652084350586
2020-04-07,62.6273193359375,65.5893455207901,62.52351758063344,65.3720764386448,202887200,60.33386001586914,68.58965805053711,-0.011582290045819454,0.06289797330029552,63.36118698120117,58.277225494384766,59.12695693969727
2020-04-08,64.23023223876953,64.54405384793799,63.06184016051964,63.42635444288139,168895200,60.220883178710935,68.34406463623047,0.025594467715181812,0.06273576693143906,62.6273193359375,63.36118698120117,58.277225494384766
2020-04-09,64.69373321533203,65.19585671097452,63.89952086210519,64.86513503536223,161834800,60.459390258789064,68.07571060180663,0.0072162431989888365,0.05825812973837115,64.23023223876953,62.6273193359375,63.36118698120117
2020-04-13,65.96350860595703,66.07214313145124,64.17229133387406,64.77097468626023,131022800,60.40241889953613,67.83501602172852,0.019627486736598865,0.05186375709001516,64.69373321533203,64.23023223876953,62.6273193359375
2020-04-14,69.29488372802734,69.58457092501276,67.12225185179103,67.59299170512948,194994800,60.94364566802979,67.73011535644531,0.05050330390960234,0.043131190318231545,65.96350860595703,64.69373321533203,64.23023223876953
2020-04-15,68.6623764038086,69.12104145125336,67.74504630891909,68.17232773147242,131154400,61.324699592590335,67.61665954589844,-0.009127763698994706,0.04252090705046612,69.29488372802734,65.96350860595703,64.69373321533203
2020-04-16,69.20799255371094,69.57251431493546,68.1603019063984,69.37456161234648,157125200,61.807748794555664,67.46503372192383,0.007946362745931301,0.04188117338277735,68.6623764038086,69.29488372802734,65.96350860595703
2020-04-17,68.2688980102539,69.27072829912615,66.83496081662895,68.72515410233876,215250000,62.2666561126709,67.28210327148437,-0.013569163167508669,0.042020727473211276,69.20799255371094,68.6623764038086,69.29488372802734
2020-04-20,66.85186004638672,67.9985265094596,66.83255101061553,67.09809629652644,130015200,62.842281913757326,67.0527214050293,-0.020756713601182586,0.039181630933536285,68.2688980102539,69.20799255371094,68.6623764038086
2020-04-21,64.78545379638672,66.92911797835283,64.07572694243713,66.69495629705587,180991600,63.373369216918945,66.80330337524414,-0.03091022820556044,0.03964681256098872,66.85186004638672,68.2688980102539,69.20799255371094
2020-04-22,66.65150451660156,67.08602784822331,65.71003238672124,66.05040482183006,116862400,63.72606010437012,66.5838671875,0.02880354479077396,0.03384542530296806,64.78545379638672,66.85186004638672,68.2688980102539
2020-04-23,66.3932113647461,68.0154433517939,66.35458591659604,66.59598944224571,124814400,64.08225154876709,66.36863204956055,-0.0038752786411765383,0.033817785308095066,66.65150451660156,64.78545379638672,66.85186004638672
2020-04-24,68.30994415283203,68.31960235496462,66.86876505886688,66.91704870248016,126161200,64.37833194732666,66.15508621215821,0.028869409216492503,0.03249373681952669,66.3932113647461,66.65150451660156,64.78545379638672
2020-04-27,68.35822296142578,68.68894453234053,67.58090350335026,68.02749402346188,117087600,64.80597763061523,65.95375579833984,0.0007067610608162411,0.030637407116875275,68.30994415283203,66.3932113647461,66.65150451660156
2020-04-28,67.25019836425781,69.00037411858965,67.15847120269908,68.81932145434843,112004800,65.09288635253907,65.72987823486328,-0.016209090130871573,0.030626712979707295,68.35822296142578,68.30994415283203,66.3932113647461
2020-04-29,69.45904541015625,69.92736888191205,68.53205667132409,68.73483476728254,137280800,65.49651374816895,65.5789045715332,0.03284521235066573,0.031198317153701582,67.25019836425781,68.35822296142578,68.30994415283203
2020-04-30,70.92436981201172,71.10059707992315,69.60872470353117,69.99738093637826,183064000,66.13490619659424,65.43493225097656,0.02109623582073028,0.02802034906800056,69.45904541015625,67.25019836425781,68.35822296142578
2020-05-01,69.78250885009766,72.17964374552773,69.0051893150792,69.10174923798432,240616800,66.66768379211426,65.28415176391601,-0.016099698382102234,0.028582719347878965,70.92436981201172,69.45904541015625,67.25019836425781
2020-05-04,70.76985168457031,70.89779524622708,69.11865261133845,69.80665406694762,133568000,67.29231510162353,65.18812164306641,0.014148858370707229,0.02807823361609337,69.78250885009766,70.92436981201172,69.45904541015625
2020-05-05,71.83202362060547,72.66245223551824,71.08367131021836,71.2285148811078,147751200,67.71585693359376,65.18512832641602,0.015008819585625055,0.02151592405393343,70.76985168457031,69.78250885009766,70.92436981201172
2020-05-06,72.57312774658203,73.2031872790944,72.14825527383692,72.53208591439893,142333600,68.21314735412598,65.24572006225586,0.010317182902862987,0.02109984936129273,71.83202362060547,70.76985168457031,69.78250885009766
2020-05-07,73.32389831542969,73.66911092684012,72.89661676334377,73.19837114485792,115215200,68.66783065795899,65.29926315307617,0.010345021527379483,0.0206871222755767,72.57312774658203,71.83202362060547,70.76985168457031
2020-05-08,75.06912994384766,75.1223827731926,73.65551811313698,73.98229650289032,133838400,69.18660049438476,65.48007232666015,0.023801675422523427,0.02103235991007828,73.32389831542969,72.57312774658203,71.83202362060547
2020-05-11,76.25037384033203,76.74416477518758,74.36958632362644,74.57775917368724,145946400,69.70094375610351,65.6852784729004,0.015735414775260637,0.020933708800343145,75.06912994384766,73.32389831542969,72.57312774658203
2020-05-12,75.37897491455078,77.3832066763356,75.25794640867731,76.93297679324957,162301200,70.0051483154297,65.75018173217774,-0.011428126603102995,0.01869533561020074,76.25037384033203,75.06912994384766,73.32389831542969
2020-05-13,74.46882629394531,76.4779036027934,73.39409274246334,75.55808267285332,200622400,70.29547080993652,65.84270126342773,-0.012074303499579386,0.0188186084956697,75.37897491455078,76.25037384033203,75.06912994384766
2020-05-14,74.92633056640625,74.98684482021679,72.98745151047878,73.7087840752181,158929200,70.58138771057129,65.87957824707031,0.0061435676541357065,0.018804208297157603,74.46882629394531,75.37897491455078,76.25037384033203
2020-05-15,74.48331451416016,74.5293059086378,72.66788805948245,72.70177956572455,166348400,70.8921085357666,65.95500625610352,-0.005912688488774354,0.018500073787747255,74.92633056640625,74.46882629394531,75.37897491455078
2020-05-18,76.23824310302734,76.61101281668553,75.11510287010954,75.80496654822666,135178400,71.36142768859864,66.08431381225586,0.02356136539189002,0.017958386297073015,74.48331451416016,74.92633056640625,74.46882629394531
2020-05-19,75.7977294921875,77.0999898949941,75.76626090152799,76.25521336264156,101729600,71.91204147338867,66.3151808166504,-0.005778118604393034,0.01595217603035758,76.23824310302734,74.48331451416016,74.92633056640625
2020-05-20,77.27185821533203,77.34204942619355,76.6158784313997,76.65460843756124,111504800,72.4430591583252,66.48297653198242,0.01944819103448836,0.01543896189717188,75.7977294921875,76.23824310302734,74.48331451416016
2020-05-21,76.69577026367188,77.67368271832201,76.45855171857032,77.13389289033314,102688800,72.95818710327148,66.68709655761718,-0.007455339692424401,0.015598121639788694,77.27185821533203,75.7977294921875,76.23824310302734
2020-05-22,77.1895523071289,77.27185079219365,76.33266854723075,76.43432834001963,81803200,73.40216751098633,67.03241577148438,0.006438191333882681,0.014753184889528545,76.69577026367188,77.27185821533203,75.7977294921875
2020-05-26,76.66668701171875,78.48452936483687,76.61101126364815,78.30540961703058,125522000,73.81759071350098,67.22369079589843,-0.00677378323597122,0.014993501011343863,77.1895523071289,76.69577026367188,77.27185821533203
2020-05-27,77.000732421875,77.14596806852482,75.78560919845494,76.52388732434491,112945200,74.30511741638183,67.59429847717286,0.0043571128892681,0.014077692401766886,76.66668701171875,77.1895523071289,76.69577026367188
2020-05-28,77.03462219238281,78.29089831885972,76.4004341829612,76.67637525704153,133560800,74.68389625549317,67.91416496276855,0.0004401227032768684,0.012733351781322776,77.000732421875,76.66668701171875,77.1895523071289
2020-05-29,76.95957946777344,77.73658013010277,76.6037554918858,77.27667344915052,153532400,74.98565673828125,68.26241638183593,-0.00097414282661068,0.012235870432792523,77.03462219238281,77.000732421875,76.66668701171875
2020-06-01,77.90604400634766,78.02707250180976,76.78289602270274,76.91360886615988,80791200,75.39183349609375,68.6387222290039,0.012298203097257598,0.01137848118055169,76.95957946777344,77.03462219238281,77.000732421875
2020-06-02,78.2667007446289,78.29090791932163,77.19922860751555,77.63977407114822,87642800,75.76667594909668,69.09726936340331,0.0046293807223976025,0.011198964051191333,77.90604400634766,76.95957946777344,77.03462219238281
2020-06-03,78.69755554199219,78.95898118849432,78.01495316022684,78.58621141173712,104491200,76.10995254516601,69.58794631958008,0.005504956683546558,0.010955660979703196,78.2667007446289,77.90604400634766,76.95957946777344
2020-06-04,78.01981353759766,78.81859867793425,77.64704369151033,78.52087329742372,87560400,76.3822868347168,69.95638885498047,-0.008611982922810069,0.011252226090487557,78.69755554199219,78.2667007446289,77.90604400634766
2020-06-05,80.24188232421875,80.30239656428226,78.24007392223491,78.26911957554665,137250400,76.72818603515626,70.3758388519287,0.028480826675524984,0.012480891901931879,78.01981353759766,78.69755554199219,78.2667007446289
2020-06-08,80.71630859375,80.75020011255444,79.2300827598663,79.93930785149966,95654400,77.01054496765137,70.7423983001709,0.0059124518990509856,0.011644728610106781,80.24188232421875,78.01981353759766,78.69755554199219
2020-06-09,83.26518249511719,83.6573136410901,80.36534445233356,80.39681304328083,147712400,77.36128540039063,71.21159576416015,0.03157817727016998,0.012970166750542137,80.71630859375,80.24188232421875,78.01981353759766
2020-06-10,85.40740966796875,85.87457800723712,83.77352456071829,84.21164723555474,166651600,77.86270713806152,71.6895034790039,0.025727766500448057,0.013228689830399742,83.26518249511719,80.71630859375,80.24188232421875
2020-06-11,81.30694580078125,84.97653085136815,81.20528599627451,84.55293109627195,201662400,78.20461311340333,72.08791244506835,-0.048010633774382416,0.017585585050784502,85.40740966796875,83.26518249511719,80.71630859375
2020-06-12,82.0089111328125,84.18742419889422,80.90029328946143,83.44189186655679,200146000,78.55874214172363,72.5649602508545,0.00863352232847614,0.01760626089383998,81.30694580078125,85.40740966796875,83.26518249511719
2020-06-15,83.02310943603516,83.67424321088224,80.5032957450343,80.66547714891838,138808800,78.98573188781738,73.04288330078126,0.01236692804736994,0.01750187833297486,82.0089111328125,81.30694580078125,85.40740966796875
2020-06-16,85.22341918945312,85.49452921505798,83.44188334314991,85.07334504214955,165428800,79.43499069213867,73.58180717468262,0.026502377089516083,0.017672357400436732,83.02310943603516,82.0089111328125,81.30694580078125
2020-06-17,85.10480499267578,86.02704141186865,84.98377651365317,85.96652717235735,114406400,79.90034446716308,74.01667953491211,-0.0013918028390020876,0.017548734103932102,85.22341918945312,83.02310943603516,82.0089111328125
2020-06-18,85.1386947631836,85.55503301794639,84.53112944713651,85.06123476532262,96820400,80.29368629455567,74.46690704345703,0.0003982121868528754,0.017292941825229204,85.10480499267578,85.22341918945312,83.02310943603516
2020-06-19,84.65216827392578,86.30783714893171,83.54596609025744,85.8430918789263,264476000,80.69150619506836,74.87534576416016,-0.005714516655571322,0.017231207858007632,85.1386947631836,85.10480499267578,85.22341918945312
2020-06-22,86.86698913574219,87.00980187063504,84.99830891368086,85.0443003318489,135445200,81.17537803649903,75.31881088256836,0.02616378182599499,0.01786532175089465,84.65216827392578,85.1386947631836,85.10480499267578
2020-06-23,88.72114562988281,90.13718045697549,87.68998051908838,88.1087417587427,212155600,81.77810096740723,75.77396362304688,0.02134477679712421,0.017907245230790184,86.86698913574219,84.65216827392578,85.1386947631836
2020-06-24,87.15504455566406,89.26820486684538,86.78227469992099,88.35080675031271,192623200,82.28581657409669,76.13116683959962,-0.017651948282453866,0.018765084930261477,88.72114562988281,86.86698913574219,84.65216827392578
2020-06-25,88.31206512451172,88.35079512662277,86.55231359048508,87.3099530977363,137522400,82.84968872070313,76.52416061401367,0.013275428573829684,0.018770684615385537,87.15504455566406,88.72114562988281,86.86698913574219
2020-06-26,85.5986099243164,88.42825657527817,85.45095132716905,88.20798383985682,205256800,83.28164024353028,76.85197296142579,-0.030725758664680747,0.020533919584019348,88.31206512451172,87.15504455566406,88.72114562988281
2020-06-29,87.57137298583984,87.6657787527797,85.02977472321102,85.50662726415537,130646000,83.76490669250488,77.2380224609375,0.023046671707259048,0.020858326068420963,85.5986099243164,88.31206512451172,87.15504455566406
2020-06-30,88.3023681640625,88.58800096545747,87.1404978146636,87.15985911945725,140223200,84.26669006347656,77.66703262329102,0.008347421689287149,0.02086135162650787,87.57137298583984,85.5986099243164,88.31206512451172
2020-07-01,88.13536071777344,88.92204587845694,88.08695375546539,88.37984062385425,110737200,84.73858032226562,78.13403076171875,-0.0018913133335084487,0.020940825342405895,88.3023681640625,87.57137298583984,85.5986099243164
2020-07-02,88.13536071777344,89.67484690422407,88.02160103220285,89.04065881814572,114041600,85.24435768127441,78.56370788574219,0.0,0.02071426958537529,88.13536071777344,88.3023681640625,87.57137298583984
2020-07-06,90.49301147460938,90.96017971455592,89.52962194946613,89.56109054157537,118655600,85.75691413879395,79.04570388793945,0.026750338770219484,0.020620229946688728,88.13536071777344,88.13536071777344,88.3023681640625
2020-07-07,90.21221923828124,91.6476154008952,90.100875092419,90.87061453958542,112424400,86.23170967102051,79.48374938964844,-0.0031029162556593937,0.020725877813985445,90.49301147460938,88.13536071777344,88.13536071777344
2020-07-08,92.31327056884766,92.34473915860562,91.10056271828748,91.18770707353976,117092000,86.68411407470703,79.96285034179688,0.023290096932620852,0.02026059137277921,90.21221923828124,90.49301147460938,88.13536071777344
2020-07-09,92.71025848388672,93.25730230757912,91.66457041968783,93.2040494694858,125642800,87.04925651550293,80.47205154418945,0.0043004425321815365,0.019685687307583615,92.31327056884766,90.21221923828124,90.49301147460938
2020-07-10,92.87242126464844,92.93051996359854,91.69602787555728,92.30600881208682,90257200,87.62753028869629,80.9403190612793,0.001749135245803446,0.015406159032871335,92.71025848388672,92.31327056884766,90.21221923828124
2020-07-13,92.4439697265625,96.77921054368312,92.2309584307968,94.17467542417104,191649200,88.14928321838379,81.37071105957031,-0.004613334424274584,0.015605943427101211,92.87242126464844,92.71025848388672,92.31327056884766
2020-07-14,93.9737777709961,94.16499745387678,90.89481289415856,91.82672629574613,170989200,88.69681663513184,81.85453643798829,0.016548489306101644,0.015721591813023586,92.4439697265625,92.87242126464844,92.71025848388672
2020-07-15,94.6200942993164,96.09422076841606,93.4243319454073,95.8449023157505,153198000,89.166650390625,82.3315412902832,0.006877626329924835,0.014991873751506658,93.9737777709961,92.4439697265625,92.87242126464844
2020-07-16,93.45575714111328,94.31021778955152,92.85787624181572,93.49448713549184,110577600,89.58419799804688,82.76401596069336,-0.012305389957865787,0.015442040651718107,94.6200942993164,93.9737777709961,92.4439697265625
2020-07-17,93.2669677734375,94.06091431617956,92.79495374103924,93.90600170117716,92186800,89.99061164855956,83.17789276123047,-0.002020093501470588,0.015487758150328042,93.45575714111328,94.6200942993164,93.9737777709961
2020-07-20,95.23247528076172,95.37044953138845,93.01039399095431,93.35411815070974,90318000,90.51962699890137,83.6160643005371,0.02107399387207254,0.015698128559872723,93.2669677734375,93.45575714111328,94.6200942993164
2020-07-21,93.91809844970705,96.0966110426126,93.6687800817764,96.02157397759412,103433200,90.8721824645996,83.9930436706543,-0.013801771162407217,0.01554228791427894,95.23247528076172,93.2669677734375,93.45575714111328
2020-07-22,94.18194580078124,94.86212529718232,93.5332348924758,93.62037185613212,89001600,91.14522247314453,84.35167510986328,0.0028093344672590614,0.014998248285547834,93.91809844970705,95.23247528076172,93.2669677734375
2020-07-23,89.89510345458984,93.99312548879988,89.08663419834281,93.91566549865868,197004400,91.28222541809082,84.64199768066406,-0.04551660416168457,0.018017519444217277,94.18194580078124,93.91809844970705,95.23247528076172
2020-07-24,89.67243957519531,90.01616378626149,86.31268703007238,88.0966534330444,185438800,91.350244140625,84.94606994628906,-0.002476930008840861,0.01782839705957513,89.89510345458984,94.18194580078124,93.91809844970705
2020-07-27,91.79766845703124,91.88965127303892,90.509931193898,90.73261943445108,121214000,91.66019706726074,85.28349670410157,0.02369991149904882,0.016872393125093556,89.67243957519531,89.89510345458984,94.18194580078124
2020-07-28,90.28966522216795,91.54594138277622,90.28481935549644,91.36923715007886,103625600,91.79611167907714,85.59962371826173,-0.016427467714707267,0.016791149905913506,91.79766845703124,89.67243957519531,89.89510345458984
2020-07-29,92.0203857421875,92.20435141750036,90.73506372270916,90.771370793628,90329200,91.9820125579834,85.91526657104492,0.01916853402613583,0.01718748853333172,90.28966522216795,91.79766845703124,89.67243957519531
2020-07-30,93.13384246826172,93.23792519284922,90.78830982976132,91.19496376791191,158130000,92.23193664550782,86.26198883056641,0.012100109308319729,0.01729635493151696,92.0203857421875,90.28966522216795,91.79766845703124
2020-07-31,102.8838882446289,103.03396237192648,97.62156512089064,99.61611941491957,374336800,92.96936302185058,86.77422943115235,0.10468853767833997,0.02855054825842034,93.13384246826172,92.0203857421875,90.28966522216795
2020-08-03,105.47633361816406,108.09054616095987,104.4645371706777,104.76226254133908,308151200,93.71852912902833,87.34984069824219,0.025197777978327007,0.02849934776172376,102.8838882446289,93.13384246826172,92.0203857421875
2020-08-04,106.18071746826172,107.26997389606046,104.94380243901392,105.6651349105181,173071600,94.51695404052734,87.92966400146484,0.006678122247286256,0.02838135087066006,105.47633361816406,102.8838882446289,93.13384246826172
2020-08-05,106.56558990478516,106.88510690463526,105.43760344433964,105.90235611566642,121776800,95.22957000732421,88.52764205932617,0.003624692370707283,0.02818380704629762,106.18071746826172,105.47633361816406,102.8838882446289
2020-08-06,110.2835922241211,110.7773905993439,106.30902020460444,106.89721697372634,202428800,96.10823669433594,89.19329925537109,0.03488933268851535,0.028819969164931354,106.56558990478516,106.18071746826172,105.47633361816406
2020-08-07,107.77619934082033,110.26175680038186,106.98082124977309,109.8058680042368,198045600,96.85342559814453,89.80813079833985,-0.02273586517027104,0.029656450497250395,110.2835922241211,106.56558990478516,106.18071746826172
2020-08-10,109.34270477294922,110.35875275642206,106.69710077257368,109.21903076531764,212403600,97.69836235046387,90.45579330444336,0.014534799350041538,0.02954099421201363,107.77619934082033,110.2835922241211,106.56558990478516
2020-08-11,106.09085845947266,109.10504953060088,105.83138875528,108.60794103965802,187902400,98.3042163848877,91.01948959350585,-0.0297399476282304,0.030695194465488764,109.34270477294922,107.77619934082033,110.2835922241211
2020-08-12,109.6167221069336,109.8737645271132,106.98566715289093,107.17965891895842,165598000,99.05404777526856,91.64649002075195,0.0332343775765358,0.03127190998818699,106.09085845947266,109.34270477294922,107.77619934082033
2020-08-13,111.5566864013672,112.55818551229297,110.50668564136352,110.99409983343942,210082000,99.95909423828125,92.30367263793946,0.017697703937371134,0.03097317745994202,109.6167221069336,106.09085845947266,109.34270477294922
2020-08-14,111.45724487304688,111.54696624880587,109.65066604650144,111.3820725095563,165565200,100.86860809326171,92.97242126464843,-0.0008913990862237098,0.030952422344573387,111.5566864013672,109.6167221069336,106.09085845947266
2020-08-17,111.166259765625,112.60182410704658,110.54062998121614,112.57757328432731,119561600,101.66529731750488,93.59090881347656,-0.002610733001280563,0.030934963398608326,111.45724487304688,111.5566864013672,109.6167221069336
2020-08-18,112.09258270263672,112.51694618501556,110.58427334354064,110.91891544512356,105633600,102.57402153015137,94.21843429565429,0.008332770563340919,0.030499041282682545,111.166259765625,111.45724487304688,111.5566864013672
2020-08-19,112.23321533203124,113.64452867430332,112.13864675565404,112.49995954797272,145538000,103.47658500671386,94.79779495239258,0.0012546113757374577,0.03051846508365971,112.09258270263672,111.166259765625,111.45724487304688
2020-08-20,114.72362518310548,114.8375973733061,112.2574641314498,112.27444044495672,126907200,104.71801109313965,95.38411926269531,0.02218959729262515,0.027755529231687618,112.23321533203124,112.09258270263672,111.166259765625
2020-08-21,120.63562774658205,121.1181872782855,115.6693599025852,115.6814816133098,338054800,106.26617050170898,96.17069290161133,0.05153256405592721,0.028816471560110034,114.72362518310548,112.23321533203124,112.09258270263672
2020-08-24,122.07845306396484,124.91805616382936,120.21610549023625,124.83317459173284,345937600,107.78020973205567,96.97208374023438,0.01196019239369095,0.02875631476320641,120.63562774658205,114.72362518310548,112.23321533203124
2020-08-25,121.07696533203124,121.42130925505194,119.35768781992572,120.95329871627834,211495600,109.31957473754883,97.73316085815429,-0.008203640419729652,0.028343109472841698,122.07845306396484,120.63562774658205,114.72362518310548
2020-08-26,122.7234878540039,123.17937664467516,121.32672345710664,122.39127306939878,163022400,110.85472984313965,98.4831622314453,0.013598974152163379,0.02832885528900062,121.07696533203124,122.07845306396484,120.63562774658205
2020-08-27,121.25640106201172,123.65708422717836,120.11425182681508,123.32486945527224,155552400,112.26085777282715,99.20619415283203,-0.011954409197834082,0.02895617401474677,122.7234878540039,121.07696533203124,122.07845306396484
2020-08-28,121.06000518798828,122.64590698975564,120.83690796249395,122.22881796842402,187630000,113.16966361999512,99.92462036132812,-0.0016196742794881702,0.019619769928048515,121.25640106201172,122.7234878540039,121.07696533203124
2020-08-31,125.1654052734375,127.06656032182518,122.2166916072517,123.7492518971319,225702700,114.15411720275878,100.73488510131835,0.03391210895021968,0.020104431506343227,121.06000518798828,121.25640106201172,122.7234878540039
2020-09-01,130.1510772705078,130.75247109042868,126.61067882372832,128.77371625173845,151948100,115.35263519287109,101.60056686401367,0.03983266771020766,0.02125556912331221,125.1654052734375,121.06000518798828,121.25640106201172
2020-09-02,127.4545669555664,133.83699711461642,123.18668763492242,133.45870787847127,200119000,116.39708404541015,102.37523529052734,-0.020718309609815577,0.022336001354551716,130.1510772705078,125.1654052734375,121.06000518798828
2020-09-03,117.25039672851562,124.97138507910604,116.88180945410002,123.0993432850938,257599600,116.74542427062988,102.97714233398438,-0.08006123649228036,0.029138223567500204,127.4545669555664,130.1510772705078,125.1654052734375
2020-09-04,117.32798767089844,119.9857128528748,107.56035532150342,116.46471189207791,332607200,117.22301368713379,103.55746078491211,0.0006617541991134068,0.028492946684029692,117.25039672851562,127.4545669555664,130.1510772705078
2020-09-08,109.43242645263672,115.41716207276087,109.29663073421304,110.52849400857392,231366600,117.22749977111816,104.03413711547852,-0.06729478085321416,0.032580412368913715,117.32798767089844,117.25039672851562,127.4545669555664
2020-09-09,113.7973175048828,115.56266939432574,111.799173992742,113.7391214492864,176940500,117.61282272338867,104.55865600585938,0.03988663318303787,0.032891280849781226,109.43242645263672,117.32798767089844,117.25039672851562
2020-09-10,110.0822982788086,116.88181506989982,109.12202651754131,116.74601936225844,182274400,117.63610153198242,104.9942546081543,-0.03264592968911417,0.03311147757174374,113.7973175048828,109.43242645263672,117.32798767089844
2020-09-11,108.63705444335938,111.77007275174712,106.6971070425851,111.12988655734183,180860300,117.49011993408203,105.40428848266602,-0.013128757829790283,0.03299798836490756,110.0822982788086,113.7973175048828,109.43242645263672
2020-09-14,111.89615631103516,112.44904097306566,109.41302623599448,111.275373792275,140150100,117.51206550598144,105.87950439453125,0.02999991010778924,0.033708727586309974,108.63705444335938,110.0822982788086,113.7973175048828
2020-09-15,112.0707550048828,115.26196916143692,110.1987055878256,114.7769823425134,184642000,117.55729026794434,106.31105926513672,0.0015603636407519605,0.03369976715894795,111.89615631103516,108.63705444335938,110.0822982788086
2020-09-16,108.76314544677734,112.51694623083202,108.6758513682307,111.77006975767836,154679000,117.39081840515136,106.68207778930665,-0.029513583253377274,0.034320532593553554,112.0707550048828,111.89615631103516,108.63705444335938
2020-09-17,107.02690887451172,108.83106079074912,105.44585419536304,106.4255298359746,178011000,117.1305030822754,106.97635055541993,-0.015963464141585004,0.034478238526654256,108.76314544677734,112.0707550048828,111.89615631103516
2020-09-18,103.6319808959961,107.5506753180143,102.9045006607274,107.08509211161685,287104900,116.57592086791992,107.1947850036621,-0.03172032168560668,0.03461123001654556,107.02690887451172,108.76314544677734,112.0707550048828
2020-09-21,106.77468872070312,106.88138640178968,100.00427017683464,101.40103443810511,195713800,115.88287391662598,107.4728303527832,0.030325656207045082,0.03309615640211552,103.6319808959961,107.02690887451172,108.76314544677734
2020-09-22,108.45274353027344,109.47121874863322,105.88231946545224,109.29662320835186,183055400,115.2015884399414,107.79300582885742,0.01571584829396877,0.033211215815438566,106.77468872070312,103.6319808959961,107.02690887451172
2020-09-23,103.90357208251952,108.74373815268274,103.56407541081022,108.26845317272524,150718700,114.34291877746583,107.9916017150879,-0.04194611680325144,0.034205111100407505,108.45274353027344,106.77468872070312,103.6319808959961
2020-09-24,104.97052001953124,106.93956479035168,101.8472045622397,102.01209826021856,167743300,113.45527038574218,108.19861022949219,0.010268635770908308,0.03410724505182149,103.90357208251952,108.45274353027344,106.77468872070312
2020-09-25,108.90863800048828,109.0638373334494,104.43705897382922,105.17424100477152,149981400,112.83788223266602,108.50766784667968,0.037516418707121746,0.03551082740212432,104.97052001953124,103.90357208251952,108.45274353027344
2020-09-28,111.50816345214844,111.85735453793174,109.39362072171006,111.5566650919616,137672400,112.36029014587402,108.87249176025391,0.0238688638420812,0.03608173664998667,108.90863800048828,104.97052001953124,103.90357208251952
2020-09-29,110.66429138183594,111.84766043177646,110.15990833447874,111.11048577797068,99382200,111.63523445129394,109.1811280822754,-0.007567805299516284,0.034995565456668855,111.50816345214844,108.90863800048828,104.97052001953124
2020-09-30,112.3326416015625,113.73910777869786,110.2084044241761,110.37329816208845,142675200,110.74431266784669,109.5494189453125,0.015075777370408439,0.03372058770654146,110.66429138183594,111.50816345214844,108.90863800048828
2020-10-01,113.2832260131836,114.18530182393523,112.35205217632898,114.10770215411938,116120400,110.03574562072754,109.93144454956055,0.008462227880234208,0.033717238491744475,112.3326416015625,110.66429138183594,111.50816345214844
2020-10-02,109.62642669677734,111.90587086149137,108.85045216012576,109.50033277715342,144712000,109.65454711914063,110.32607101440429,-0.032280148130497954,0.029582279687807883,113.2832260131836,112.3326416015625,110.66429138183594
2020-10-05,113.0019302368164,113.14742776439395,110.14051092914184,110.4897020352033,106243800,109.43824424743653,110.79266082763672,0.030790965661734004,0.03052719797467294,109.62642669677734,113.2832260131836,112.3326416015625
2020-10-06,109.76222229003906,112.63334341918222,108.87954271233733,112.22594886007512,161498200,109.45473403930664,111.15195190429688,-0.028669492105028116,0.027179201888948862,113.0019302368164,109.62642669677734,113.2832260131836
2020-10-07,111.62454986572266,112.08043858541826,110.70307061944358,111.17836295291494,96849000,109.34609565734863,111.57864959716797,0.016966926660454407,0.025883484091260272,109.76222229003906,113.0019302368164,109.62642669677734
2020-10-08,111.51787567138672,112.90493833599004,111.14928093514196,112.75944080327828,83477200,109.41787452697754,111.96859939575195,-0.000955651731310514,0.02476724589703369,111.62454986572266,109.76222229003906,113.0019302368164
2020-10-09,113.45781707763672,113.48691510258756,111.46936816913345,111.81855926916631,100506900,109.6589126586914,112.37507888793945,0.017395788743021612,0.024795128414533893,111.51787567138672,111.62454986572266,109.76222229003906
2020-10-12,120.66470336914062,121.42128150561734,115.69843644721472,116.45501458369142,240226800,110.09734001159669,112.73069519042969,0.06352040324001984,0.02771516404587509,113.45781707763672,111.51787567138672,111.62454986572266
2020-10-13,117.46379852294922,121.62498605023444,116.05733979847938,121.50858655705257,262330500,110.3669921875,112.97044448852539,-0.02652726735173838,0.028551892854164224,120.66470336914062,113.45781707763672,111.51787567138672
2020-10-14,117.55110168457033,119.33584953717632,116.02824344500344,117.36680433445795,150712000,110.80638999938965,113.19785217285157,0.0007432346196778461,0.027536607941039525,117.46379852294922,120.66470336914062,113.45781707763672
2020-10-15,117.08551788330078,117.56080289760202,114.602387718432,115.15527240046332,112559200,111.3093204498291,113.40825073242188,-0.003960692793155363,0.027201619724642148,117.55110168457033,117.46379852294922,120.66470336914062
2020-10-16,115.44623565673828,117.9002746779859,115.24254212222716,117.63837770482156,115393800,111.90003318786621,113.51150360107422,-0.01400072576180067,0.026218570384172045,117.08551788330078,117.55110168457033,117.46379852294922
2020-10-19,112.49754333496094,116.80422116143151,112.18715207359088,116.35803418573154,120639300,112.1861759185791,113.60593048095703,-0.02554169310937804,0.026436187045844158,115.44623565673828,117.08551788330078,117.55110168457033
2020-10-20,113.9815902709961,115.40745252774086,112.15803531937776,112.71091992910422,124423700,112.46261825561524,113.69870819091797,0.013191816390304645,0.026377966965685517,112.49754333496094,115.44623565673828,117.08551788330078
2020-10-21,113.36082458496094,115.14557257156684,112.9534300225298,113.16682541230044,89946000,112.9354808807373,113.84410751342773,-0.005446192534770411,0.024298619556711035,113.9815902709961,112.49754333496094,115.44623565673828
2020-10-22,112.27444458007812,114.49568501963496,111.14927164811972,113.92339674553574,101988000,113.30067710876465,113.89726196289062,-0.009583381285909742,0.024461629738738527,113.36082458496094,113.9815902709961,112.49754333496094
2020-10-23,111.58576965332033,113.05043193781697,110.84858760677534,112.895232601571,82572600,113.43453369140624,113.89784362792969,-0.006133852893537184,0.023195478999221825,112.27444458007812,113.36082458496094,113.9815902709961
2020-10-26,111.59547424316406,113.05043475532884,109.490625744662,110.58670073335904,111850700,113.43889923095703,113.90060821533203,8.696978005251488e-05,0.022588281049314207,111.58576965332033,112.27444458007812,113.36082458496094
2020-10-27,113.09893798828124,113.7585204355671,111.10079442752372,112.02226653167769,92276800,113.5606315612793,113.93926177978516,0.01347244371076517,0.022693339261796522,111.59547424316406,111.58576965332033,112.27444458007812
2020-10-28,107.86106872558594,111.96406058991155,107.76407283902444,111.59547326085324,143937800,113.33705291748046,113.85463150024414,-0.04631227627652901,0.024790943274206133,113.09893798828124,111.59547424316406,111.58576965332033
2020-10-29,111.85736846923828,113.41902674173544,108.83104781563942,108.99594897135508,146129200,113.2657600402832,113.84711456298828,0.03705043711201772,0.026194534688566348,107.86106872558594,113.09893798828124,111.59547424316406
2020-10-30,105.59133911132812,108.6273541724171,104.4855696692542,107.72527832227132,190272600,113.06400566101074,113.66446884155273,-0.056018029421399884,0.028181794415173864,111.85736846923828,107.86106872558594,113.09893798828124
2020-11-02,105.5040283203125,107.35668150297612,104.09756951905206,105.83382320217856,122866900,112.68911056518554,113.36183685302734,-0.0008268745500383812,0.02714293540879139,105.59133911132812,111.85736846923828,107.86106872558594
2020-11-03,107.12388610839844,108.14235394209176,105.46523215040254,106.36730788899447,107624400,112.55719375610352,113.06274551391601,0.015353516011426649,0.026740352531182125,105.5040283203125,105.59133911132812,111.85736846923828
2020-11-04,111.49847412109376,112.119256698551,108.97654397513467,110.71279779031768,138235500,112.55088996887207,112.87117568969727,0.04083671878995032,0.028077887273951215,107.12388610839844,105.5040283203125,105.59133911132812
2020-11-05,115.45597076416016,116.0282591074031,113.3608313760952,114.40839736997158,126387100,112.74779472351074,112.7258253479004,0.035493729167704435,0.029153247529177254,111.49847412109376,107.12388610839844,105.5040283203125
2020-11-06,115.32479095458984,115.8203256136095,112.83736946099638,114.96527887670224,114457900,112.8411434173584,112.60719314575195,-0.0011361890485358517,0.028936533652293914,115.45597076416016,111.49847412109376,107.12388610839844
2020-11-09,113.0219955444336,118.53123307425452,112.75965407719043,117.08348090470506,154515300,112.45900802612304,112.44643295288085,-0.01996791315288826,0.025263930739619016,115.32479095458984,115.45597076416016,111.49847412109376
2020-11-10,112.68189239501952,114.2559556316662,110.89405824079329,112.27380247537614,138023400,112.21991271972657,112.1967626953125,-0.003009176645446532,0.02464917069261855,113.0219955444336,115.32479095458984,115.45597076416016
2020-11-11,116.10211181640624,116.23814181960137,113.1385925604224,113.86732789743012,112295000,112.14746322631837,111.91578338623047,0.03035287523745822,0.02567682683778272,112.68189239501952,113.0219955444336,115.32479095458984
2020-11-12,115.83003997802734,117.1126137436234,115.20818648034916,116.22841881317537,103162300,112.08468933105469,111.68329284667969,-0.0023433840618602986,0.02566725251744719,116.10211181640624,112.68189239501952,113.0219955444336
2020-11-13,115.87862396240234,116.27699537989376,114.5280352176776,116.05352071993178,81581900,112.10630874633789,111.65585739135742,0.0004194420064451698,0.025461601297801735,115.83003997802734,116.10211181640624,112.68189239501952
2020-11-16,116.8891372680664,117.55956865833652,114.80009473182568,115.54825966136949,91183000,112.32588844299316,111.64708038330077,0.008720446197151288,0.024760420420044338,115.87862396240234,115.83003997802734,116.10211181640624
2020-11-17,116.00493621826172,117.24864320805052,115.58712770640344,116.16040329852451,74271000,112.42705574035645,111.77853057861329,-0.007564441576610403,0.02471084420690721,116.8891372680664,115.87862396240234,115.83003997802734
2020-11-18,114.68350219726562,116.42275133775613,114.65435397133162,115.24705927558566,76322100,112.49318962097168,111.79625427246094,-0.01139118785867732,0.02483011707837321,116.00493621826172,116.8891372680664,115.87862396240234
2020-11-19,115.27620697021484,115.68429695756758,113.498091065648,114.2559745887542,74113000,112.64327774047851,111.90013244628906,0.005168178173785787,0.02472196229299947,114.68350219726562,116.00493621826172,116.8891372680664
2020-11-20,114.01305389404295,115.40250938194856,113.96447599254086,115.2761979423492,73604300,112.76464195251465,112.00765243530273,-0.010957621779646765,0.024824830739806805,115.27620697021484,114.68350219726562,116.00493621826172
2020-11-23,110.6220245361328,114.28513837643996,110.52486130551306,113.85761126601786,127959300,112.71596946716309,111.9821697998047,-0.02974246581502482,0.025783618135230234,114.01305389404295,115.27620697021484,114.68350219726562
2020-11-24,111.90457916259766,112.56529939521856,109.39772821414678,110.68030932430328,113874200,112.6562515258789,111.97884628295898,0.011594025980296019,0.025734874394090158,110.6220245361328,114.01305389404295,115.27620697021484
2020-11-25,112.74021911621094,113.43980625953591,111.90460196313715,112.27383262938064,76499200,112.90020904541015,112.05838775634766,0.007467433056506989,0.02336521588397111,111.90457916259766,110.6220245361328,114.01305389404295
2020-11-27,113.28433990478516,114.15882383972767,112.92483519653295,113.26491022315516,46691300,112.9715576171875,112.18353637695313,0.00482632367436997,0.021921966388228166,112.74021911621094,111.90457916259766,110.6220245361328
2020-11-30,115.6746063232422,117.54016723580712,113.49811117883634,113.6535782947568,169410200,113.4757209777832,112.42438888549805,0.02109970734230382,0.017781534406168188,113.28433990478516,112.74021911621094,111.90457916259766
2020-12-01,119.2405242919922,119.96925956195165,116.60736173944144,117.57900876605405,127728200,114.16254577636718,112.67370559692382,0.030827145923327137,0.01864941718056567,115.6746063232422,113.28433990478516,112.74021911621094
2020-12-02,119.59034729003906,119.87212588677608,117.4624374051066,118.56039614708436,89004200,114.78586883544922,112.89645767211914,0.002933759308120898,0.018538616797187036,119.2405242919922,115.6746063232422,113.28433990478516
2020-12-03,119.45428466796876,120.27046459048226,118.7449790955268,120.01783429457548,78967600,115.18365936279297,113.20747192382812,-0.0011377391666930192,0.016626603457614766,119.59034729003906,119.2405242919922,115.6746063232422
2020-12-04,118.78384399414062,119.37654924842552,118.07453843287112,119.123918956498,78260400,115.350053024292,113.48373840332032,-0.0056125293093644,0.01492821915343069,119.45428466796876,119.59034729003906,119.2405242919922
2020-12-07,120.2413330078125,121.038083362331,118.7838623046875,118.84215876062711,86712000,115.59588012695312,113.71039230346679,0.012270094691865463,0.015102298419455002,118.78384399414062,119.45428466796876,119.59034729003906
2020-12-08,120.8534698486328,121.43646406909802,119.60004413555974,120.84375871455,82225500,115.98745384216309,113.89729843139648,0.0050909019844327386,0.014177763370135238,120.2413330078125,118.78384399414062,119.45428466796876
2020-12-09,118.32716369628906,122.37892967507064,117.56928026579212,120.99919279323888,115089200,116.26971740722657,114.05055587768555,-0.0209038776917857,0.015138954601252917,120.8534698486328,120.2413330078125,118.78384399414062
2020-12-10,119.74578094482422,120.3579233336518,116.7433951040976,117.08347009062476,81312200,116.45190086364747,114.19881866455079,0.011988939853035951,0.013867831019364696,118.32716369628906,120.8534698486328,120.2413330078125
2020-12-11,118.93931579589844,119.2793907717679,117.13205173775964,118.95874547462876,86939800,116.60736465454102,114.31194046020508,-0.00673481055084002,0.01396857997694782,119.74578094482422,118.32716369628906,120.8534698486328
2020-12-14,118.32716369628906,119.8526491023882,118.09397050530798,119.12391389412916,79184500,116.72979164123535,114.4859552001953,-0.005146759887704744,0.014044766938681159,118.93931579589844,119.74578094482422,118.32716369628906
2020-12-15,124.25423431396484,124.27367140820184,120.61055751786674,120.81460252887872,157243700,117.09804649353028,114.71100128173828,0.05009053232179905,0.01777193212975994,118.32716369628906,118.93931579589844,119.74578094482422
2020-12-16,124.1862335205078,124.73035361213488,122.9716744494972,123.79758054824865,98208600,117.50711135864258,114.99948150634765,-0.0005472714377300347,0.017616649507274745,124.25423431396484,118.32716369628906,118.93931579589844
2020-12-17,125.05098724365234,125.90604149372504,124.40969655609784,125.24531371153456,94359800,118.02548561096191,115.26801025390625,0.006963362191041433,0.017271534912648205,124.1862335205078,124.25423431396484,118.32716369628906
2020-12-18,123.06883239746094,125.43965383144652,122.54414204339464,125.3036238225863,192541500,118.41511688232421,115.49902938842773,-0.01585077327162021,0.0178568248120655,125.05098724365234,124.1862335205078,124.25423431396484
2020-12-21,124.59429168701172,124.67202522679209,119.94982017477122,121.47530568083864,121251600,118.94417877197266,115.72175888061524,0.012395171546148998,0.0176288508433893,123.06883239746094,125.05098724365234,124.1862335205078
2020-12-22,128.14085388183594,130.59912042639044,125.97406967366211,127.87850495293172,168904800,119.82012023925782,115.87128189086914,0.02846488508264411,0.0164256284617669,124.59429168701172,123.06883239746094,125.05098724365234
2020-12-23,127.24688720703124,128.6751945398209,127.07198305177502,128.41286054616967,88223700,120.5872356414795,116.06694366455078,-0.006976437628775756,0.01670476302546504,128.14085388183594,124.59429168701172,123.06883239746094
2020-12-24,128.228271484375,129.67603102914552,127.3829432351903,127.5967067874694,54930100,121.3616382598877,116.28048706054688,0.007712442314970369,0.016705541448014716,127.24688720703124,128.14085388183594,124.59429168701172
2020-12-28,132.81448364257812,133.44604851338428,129.7246372436778,130.19103866406888,124486200,122.33814544677735,116.59506637573242,0.03576599844256623,0.017922108592808683,128.228271484375,127.24688720703124,128.14085388183594
2020-12-29,131.04603576660156,134.85489050709643,130.53106400488656,134.13588116304936,121047300,123.10671691894531,116.90706237792969,-0.013315173371721278,0.018260713761042328,132.81448364257812,128.228271484375,127.24688720703124
2020-12-30,129.92864990234375,132.13429294527648,129.61771571736733,131.7359140805847,96452100,123.6411231994629,117.25568450927734,-0.008526666661232918,0.017599935639722657,131.04603576660156,132.81448364257812,128.228271484375
2020-12-31,128.92787170410156,130.91975146585497,127.9853727167279,130.27846074381847,99116600,124.10799942016601,117.55461013793945,-0.007702521337629387,0.01780751532326936,129.92864990234375,131.04603576660156,132.81448364257812
2021-01-04,125.74087524414062,129.82179076341993,123.16600852724952,129.73434606845893,143301900,124.42232894897461,117.80221115112305,-0.02471922027283069,0.018906417287272603,128.92787170410156,129.92864990234375,131.04603576660156
2021-01-05,127.29550170898438,128.0048148809108,124.78865000861988,125.23561427002338,97664900,124.8479118347168,118.10263229370118,0.012363731855892235,0.018915966953300205,125.74087524414062,128.92787170410156,129.92864990234375
2021-01-06,123.01051330566406,127.3343470647896,122.79674977159816,124.09876065496375,155088000,124.98637084960937,118.33112716674805,-0.03366174252658516,0.020531590049921253,127.29550170898438,125.74087524414062,128.92787170410156
2021-01-07,127.20801544189452,127.89789129191487,124.23477818150717,124.72060165088172,109578200,125.30409812927246,118.64337799072266,0.03412311698757198,0.021798165935553924,123.01051330566406,127.29550170898438,125.74087524414062
2021-01-08,128.30599975585938,128.86955684085643,126.53759495540402,128.67521556411702,105158200,125.80303993225098,118.94751922607422,0.008631408250106665,0.021097763298867988,127.20801544189452,123.01051330566406,127.29550170898438
2021-01-11,125.3230438232422,126.47930629071162,124.85665734789744,125.5270962459198,100384500,126.08190307617187,119.29675872802734,-0.023248764191020954,0.02187587479926376,128.30599975585938,127.20801544189452,123.01051330566406
2021-01-12,125.14815521240234,126.0129205782068,123.26315737935116,124.85665810373771,91951100,126.39234504699706,119.56257446289062,-0.0013955024192240373,0.021789602642962473,125.3230438232422,128.30599975585938,127.20801544189452
2021-01-13,127.17888641357422,127.72300640920702,124.8469393391028,125.10927337732424,88636800,126.83493118286133,119.99432540893555,0.01622661714609608,0.02190466295656788,125.14815521240234,125.3230438232422,128.30599975585938
2021-01-14,125.2550048828125,127.28574333654583,125.10924895276466,127.09141692263708,90221800,126.88496971130371,120.38934494018555,-0.015127365752405031,0.019364110921687636,127.17888641357422,125.14815521240234,125.3230438232422
2021-01-15,123.53520965576172,126.52788445335536,123.39917965706007,125.12871028033412,111598500,126.8524185180664,120.71757141113281,-0.013730351363283266,0.019627049286931802,125.2550048828125,127.17888641357422,125.14815521240234
2021-01-19,124.20562744140624,125.0606814745407,123.34086227649722,124.15704213022262,90757300,126.81015052795411,120.97171447753907,0.005426936883117683,0.019601018216250026,123.53520965576172,125.2550048828125,127.17888641357422
2021-01-20,128.28656005859375,128.73352422939956,124.90523244341398,125.0121142129877,104319500,127.07103691101074,121.22832626342773,0.032856261839768086,0.020551323518085442,124.20562744140624,123.53520965576172,125.2550048828125
2021-01-21,132.98934936523438,135.7099645282226,129.80234769109845,130.0064001294405,120150900,127.49078979492188,121.58161743164062,0.03665847228651753,0.021854782134771582,128.28656005859375,124.20562744140624,123.53520965576172
2021-01-22,135.12698364257812,135.88486727485233,131.19180950505606,132.41607964346215,114459400,127.84009628295898,122.02371719360352,0.01607372535881102,0.021277563090906015,132.98934936523438,128.28656005859375,124.20562744140624
2021-01-25,138.8677978515625,140.97627022018892,132.6686847833474,139.01355380816258,157611700,128.42114181518554,122.54743530273437,0.027683695055897406,0.02183736395680593,135.12698364257812,132.98934936523438,128.28656005859375
2021-01-26,139.10101318359375,140.20869037046396,137.3617564370404,139.52854031294,98390600,128.96477890014648,123.00741333007812,0.0016794054175219841,0.021833844924060184,138.8677978515625,135.12698364257812,132.98934936523438
2021-01-27,138.0321502685547,140.208644567784,136.42893888339475,139.36330171958025,140843800,129.2256622314453,123.45145553588867,-0.0076840771362917115,0.02066907447175901,139.10101318359375,138.8677978515625,135.12698364257812
2021-01-28,133.20310974121094,137.9641898687069,132.82416793009364,135.56422012291074,142621100,129.3335159301758,123.79794525146484,-0.03498489676461891,0.022043630730738055,138.0321502685547,139.10101318359375,138.8677978515625
2021-01-29,128.2185821533203,132.8630549859489,126.51819940588042,131.97885239900157,177523800,129.2480125427246,124.02453414916992,-0.03742050465319202,0.023596240919353653,133.20310974121094,138.0321502685547,139.10101318359375
2021-02-01,130.3367462158203,131.5415940017464,127.21775238608966,129.95780442586786,106239800,129.31845626831054,124.3111703491211,0.0165199460712111,0.023822118414430552,128.2185821533203,133.20310974121094,138.0321502685547
2021-02-02,131.16262817382812,132.44519444855226,130.7933975854858,131.8816374338767,83305400,129.58954391479492,124.64075286865234,0.006336524287941403,0.023070522828602075,130.3367462158203,128.2185821533203,133.20310974121094
2021-02-03,130.14242553710938,131.92054165395052,129.82178018887643,131.91081569341782,89880900,129.73189010620118,124.93807723999024,-0.007778150307926834,0.023050755425340054,131.16262817382812,130.3367462158203,128.2185821533203
2021-02-04,133.4945831298828,133.5042942626405,130.7739685158837,132.43549143917588,84183100,130.2560935974121,125.32770782470703,0.02575760808928207,0.0221094021978105,130.14242553710938,131.16262817382812,130.3367462158203
2021-02-05,133.08099365234375,133.72324245824956,132.20521062487953,133.65513325973174,75693800,130.54974250793458,125.77688720703125,-0.0030981742318088035,0.021008744609888885,133.4945831298828,130.14242553710938,131.16262817382812
2021-02-08,133.22702026367188,133.27567819524438,131.29054743428753,132.37068818260687,71297200,130.7957935333252,126.20333602905274,0.0010972762324694685,0.020959924122228323,133.08099365234375,133.4945831298828,130.14242553710938
2021-02-09,132.35118103027344,134.1708861386868,132.19549648512387,132.94477197557092,76774200,131.14720039367677,126.59555526733398,-0.006574036045128406,0.02021734405385687,133.22702026367188,133.08099365234375,133.4945831298828
2021-02-10,131.74789428710938,133.30485887781032,130.78452077617774,132.80856880476307,73046600,131.4771873474121,126.96482635498047,-0.004558227123232617,0.020265238867566437,132.35118103027344,133.22702026367188,133.08099365234375
2021-02-11,131.49488830566406,132.72098784651604,130.17147291387968,132.24416393424983,64280000,131.6929874420166,127.28123199462891,-0.0019203796980159504,0.02003588927060172,131.74789428710938,132.35118103027344,133.22702026367188
2021-02-12,131.7283935546875,131.88409294253404,130.09359452723146,130.7358433658653,60145100,132.01665687561035,127.53098937988281,0.0017757743440234286,0.01963405724237258,131.49488830566406,131.74789428710938,132.35118103027344
2021-02-16,129.60707092285156,132.3512026514084,129.21782237561078,131.84520181246612,80576300,132.32024993896485,127.73132385253906,-0.016103761494330127,0.019745484423127534,131.7283935546875,131.49488830566406,131.74789428710938
2021-02-17,127.3203125,128.6631943239758,125.9871711722264,127.7192867880388,97918500,132.47598419189453,127.88864440917969,-0.017643778279757272,0.020238594041680213,129.60707092285156,131.7283935546875,131.49488830566406
2021-02-18,126.22064208984376,126.50283418669692,123.98251205380208,125.72435223742484,96856700,132.37268829345703,128.03738037109375,-0.008637038258575092,0.018932519204426533,127.3203125,129.60707092285156,131.7283935546875
2021-02-19,126.3763656616211,127.1937801275738,125.3351574256944,126.73642239782728,87668800,132.04203910827636,128.16008102416993,0.0012337409254066234,0.016795804162530882,126.22064208984376,127.3203125,129.60707092285156
2021-02-22,122.61048126220705,126.23041094448013,122.22124015432108,124.56640502266376,103916400,131.4162139892578,128.1952212524414,-0.02979896106125879,0.01726414857760597,126.3763656616211,126.22064208984376,127.3203125
2021-02-23,122.4742431640625,123.3013758456432,115.20519230196524,120.43073670834654,158273000,130.5965362548828,128.27816284179687,-0.0011111456112238294,0.015534926528604814,122.61048126220705,126.3763656616211,126.22064208984376
2021-02-24,121.97796630859376,122.1823162213377,118.94190197736168,121.57899955251936,111039900,129.74038391113282,128.32280654907225,-0.0040520916288001585,0.015435526310425239,122.4742431640625,122.61048126220705,126.3763656616211
2021-02-25,117.7352294921875,123.0580814668372,117.29733797299156,121.32596667655264,148199500,128.72553787231445,128.29872482299805,-0.03478281319818455,0.016689621767103667,121.97796630859376,122.4742431640625,122.61048126220705
2021-02-26,117.99799346923828,121.49141551253577,117.93960247752108,119.29220956982276,164560400,127.96528205871581,128.29214141845702,0.0022318211650338426,0.015532198302962338,117.7352294921875,121.97796630859376,122.4742431640625
2021-03-01,124.3523406982422,124.48857398468388,119.48684497058966,120.42101925940008,116307900,127.77196998596192,128.29410354614257,0.0538513159603895,0.018846595477831934,117.99799346923828,117.7352294921875,121.97796630859376
2021-03-02,121.754150390625,125.25730532990296,121.64710890595585,124.95564701355688,102260900,127.34284019470215,128.24546188354492,-0.020893778862772328,0.018834978202828027,124.3523406982422,117.99799346923828,117.7352294921875
2021-03-03,118.7764663696289,122.32827934815644,118.56238339310272,121.45248872789318,112966300,126.7235321044922,128.11997146606444,-0.024456529912473268,0.01926518268110714,121.754150390625,124.3523406982422,117.99799346923828
2021-03-04,116.8983917236328,120.27504677444026,115.4290174341431,118.47481493176636,178155000,126.06133041381835,127.9965626525879,-0.01581184138069569,0.019414312442058435,118.7764663696289,121.754150390625,124.3523406982422
2021-03-05,118.1536865234375,118.65970219404976,114.40725661331616,117.72552798386944,153766600,125.29428558349609,127.86775054931641,0.010738341060948287,0.018419857370245162,116.8983917236328,118.7764663696289,121.754150390625
2021-03-08,113.22980499267578,117.74498394850409,113.08383865170995,117.67686731260756,154376600,124.30172615051269,127.56952957153321,-0.04167353279988428,0.0200552400177983,118.1536865234375,116.8983917236328,118.7764663696289
2021-03-09,117.83255767822266,118.77646492277744,115.5944343694315,115.82797605727136,129525800,123.53200302124023,127.38124298095703,0.04064965656210928,0.022753066139686223,113.22980499267578,118.1536865234375,116.8983917236328
2021-03-10,116.75244140625,118.8835235350672,116.23669261108124,118.4164400921035,111943300,122.75206604003907,127.15172637939453,-0.009166535066838177,0.022764628835671586,117.83255767822266,113.22980499267578,118.1536865234375
2021-03-11,118.6791534423828,119.89552719538874,117.997987110362,119.24355264557504,103026500,122.09862899780273,126.86901977539063,0.016502541727831055,0.023315591535281576,116.75244140625,117.83255767822266,113.22980499267578
2021-03-12,117.7741928100586,117.91042610160652,115.95450209117227,117.16114299809291,88105100,121.41259422302247,126.60358291625977,-0.007625270370364978,0.023311428399505885,118.6791534423828,116.75244140625,117.83255767822266
2021-03-15,120.65455627441406,120.66428934425416,117.18059275719496,118.1439662191268,92403800,120.8589023590088,126.41810104370117,0.024456660628536797,0.024205177122095908,117.7741928100586,118.6791534423828,116.75244140625
2021-03-16,122.1920394897461,123.79765430298438,121.36490683570096,122.31853968534864,115227900,120.48815078735352,126.28338439941406,0.012742852510560843,0.024311763123876486,120.65455627441406,117.7741928100586,118.6791534423828
2021-03-17,121.40386199951172,122.47426966755624,119.04895622082428,120.71296243719064,111932600,120.1923282623291,126.19664413452148,-0.006450317823695206,0.024076429661129824,122.1920394897461,120.65455627441406,117.7741928100586
2021-03-18,117.28762817382812,119.8663421601818,117.08327826271947,119.57440947336566,121229700,119.74567756652831,125.99648666381836,-0.03390529558030164,0.025079453555621925,121.40386199951172,122.1920394897461,120.65455627441406
2021-03-19,116.76214599609376,118.16341092060108,116.4604876842397,116.67457065039012,185549500,119.26496658325195,125.87151931762695,-0.004480286505202047,0.025056831885739934,117.28762817382812,121.40386199951172,122.1920394897461
2021-03-22,120.07069396972656,120.5377847911862,117.024896545298,117.0930131834112,111912300,119.13797721862792,125.7287728881836,0.028335792781193803,0.025235310106702928,116.76214599609376,117.28762817382812,121.40386199951172
2021-03-23,119.24356079101562,120.89782623844285,118.8543196786337,120.0123099463268,95467100,118.97644309997558,125.54752410888672,-0.0068887182322731055,0.02527276313974061,120.07069396972656,116.76214599609376,117.28762817382812
2021-03-24,116.85945892333984,119.59387224546332,116.84000020937296,119.51602254128296,88530500,118.72051773071288,125.37825241088868,-0.019993548094845326,0.025621938384410705,119.24356079101562,120.07069396972656,116.76214599609376
2021-03-25,117.34600830078124,118.38723138862224,115.79878440882976,116.32425877519718,98844700,118.70105667114258,125.22220947265625,0.004163542959415567,0.024438386995832787,116.85945892333984,119.24356079101562,120.07069396972656
2021-03-26,117.9493179321289,118.21205879522662,115.7209205384274,117.1124522760085,94071200,118.69862289428711,125.03761810302734,0.005141288059848259,0.024460292196247114,117.34600830078124,116.85945892333984,119.24356079101562
2021-03-29,118.12448120117188,119.28247132989765,117.4822397533486,118.37748900748085,80819200,118.3872299194336,124.89500762939453,0.0014850723354224993,0.02097663206241295,117.9493179321289,117.34600830078124,116.85945892333984
2021-03-30,116.6745834350586,117.16113298447571,115.66255948137214,116.87893335491496,85671900,118.13325157165528,124.75779510498047,-0.012274320711250675,0.020661915622988327,118.12448120117188,117.9493179321289,117.34600830078124
2021-03-31,118.86404418945312,120.19718506636264,117.89094519064328,118.3774946900482,118323800,118.13763046264648,124.6509634399414,0.01876553307441786,0.020440473945291405,116.6745834350586,118.12448120117188,117.9493179321289
2021-04-01,119.6911849975586,120.8394421912494,119.19490239563412,120.33343394406754,75089100,118.27727012634277,124.4790559387207,0.006958713324503041,0.02013141349031386,118.86404418945312,116.6745834350586,118.12448120117188
2021-04-05,122.5131378173828,122.76614557880264,119.7592664897468,120.5377484829673,88651200,118.49524269104003,124.26953170776368,0.023576947791783986,0.020643895623122164,119.6911849975586,118.86404418945312,116.6745834350586
2021-04-06,122.8148193359375,123.71006860087718,122.26988629191436,123.09701892635115,80171300,118.97449340820313,124.02328842163087,0.002462442183175373,0.017905099973210655,122.5131378173828,119.6911849975586,118.86404418945312
2021-04-07,124.45936584472656,124.47882455845117,121.7736104771957,122.4450511751175,83466700,119.30583381652832,123.73511978149413,0.013390456605165024,0.015912984427087662,122.8148193359375,122.5131378173828,119.6911849975586
2021-04-08,126.85317993164062,126.88237171232534,125.06268142419076,125.4811068462127,88844600,119.81087074279785,123.49016311645508,0.019233699855907505,0.01604988470487177,124.45936584472656,122.8148193359375,122.5131378173828
2021-04-09,129.42218017578125,129.46109760648577,125.9871415439433,126.30826602843275,106686700,120.34802207946777,123.31796371459961,0.02025176070103263,0.016221139218045515,126.85317993164062,124.45936584472656,122.8148193359375
2021-04-12,127.70952606201172,129.2762161435529,127.11593504109705,128.95509167174853,91420000,120.84478874206543,123.20809204101562,-0.013233080384238649,0.01648744847624747,129.42218017578125,126.85317993164062,124.45936584472656
2021-04-13,130.813720703125,131.03754421397457,128.38097265896974,128.87726276289945,91266500,121.35274696350098,123.25999481201171,0.02430668045550477,0.016477775224682613,127.70952606201172,129.42218017578125,126.85317993164062
2021-04-14,128.4782257080078,131.3683301593788,128.11818392495562,131.3099466105929,87222800,121.66705627441407,123.22282440185546,-0.017853593511168997,0.01705122487938144,130.813720703125,127.70952606201172,129.42218017578125
2021-04-15,130.8817901611328,131.3683395669363,130.04492458921848,130.22009009642866,89347100,122.14095268249511,123.21720764160156,0.018707951794007194,0.017271141771761343,128.4782257080078,130.813720703125,127.70952606201172
2021-04-16,130.55093383789062,131.04720886250462,129.69460217348174,130.6871670710185,84922400,122.80411796569824,123.22537780761719,-0.0025279018787476293,0.01492072209708345,130.8817901611328,128.4782257080078,130.813720703125
2021-04-19,131.21267700195312,131.82573417670255,129.75302837507442,129.91845343765638,94264200,123.52664451599121,123.17973968505859,0.005068850483170184,0.014736995670679678,130.55093383789062,130.8817901611328,128.4782257080078
2021-04-20,129.52920532226562,131.88410306298763,128.26417368348118,131.38782793049364,94812300,123.99957008361817,123.10870391845702,-0.012830099333027367,0.014315170435844954,131.21267700195312,130.55093383789062,130.8817901611328
2021-04-21,129.90869140625,130.15196610925796,127.76787698944187,128.7993593544661,68847100,124.53282661437989,123.0423373413086,0.0029297337464568862,0.014092494422895051,129.52920532226562,131.21267700195312,130.55093383789062
2021-04-22,128.39064025878906,130.54117999377158,127.87489915411142,129.4610398814961,84566500,125.10938568115235,122.9631265258789,-0.011685524124892432,0.013443530092917372,129.90869140625,129.52920532226562,131.21267700195312
2021-04-23,130.70669555664062,131.48516306112936,128.6047976585629,128.6047976585629,78657500,125.77742004394531,122.94230255126953,0.018039128811751626,0.013763092227713129,128.39064025878906,129.90869140625,129.52920532226562
2021-04-26,131.09591674804688,131.42676689058607,129.9671181870508,131.20295824690538,66905100,126.43474998474122,122.93432312011718,0.002977821371343392,0.013774521607617612,130.70669555664062,128.39064025878906,129.90869140625
2021-04-27,130.77479553222656,131.76736083305914,130.5023289552631,131.3781122600293,66015800,127.06726570129395,122.91525115966797,-0.0024495134843709465,0.013861015688665233,131.09591674804688,130.70669555664062,128.39064025878906
2021-04-28,129.98655700683594,131.38782184344353,129.50000754125335,130.69691506905932,107760100,127.73286437988281,122.92284088134765,-0.006027449878110325,0.013512752412144315,130.77479553222656,131.09591674804688,130.70669555664062
2021-04-29,129.88926696777344,133.38270410909877,128.88697605750357,132.7988386951313,151101000,128.28412551879882,122.97421997070313,-0.0007484623125865175,0.013205752862992777,129.98655700683594,130.77479553222656,131.09591674804688
2021-04-30,127.9236297607422,129.96712921001927,127.54412165956818,128.2350137894491,109839500,128.695747756958,123.0082797241211,-0.015133176535047532,0.0138975043429112,129.88926696777344,129.98655700683594,130.77479553222656
2021-05-03,128.97451782226562,130.4633727552625,128.283625938946,128.48796838679135,75135100,129.01881675720216,123.06024276733399,0.00821496437748781,0.013128211055072619,127.9236297607422,129.88926696777344,129.98655700683594
2021-05-04,124.41072082519533,127.9528084470389,123.29165535400072,127.66087574180308,137564700,129.09861183166504,123.09624755859375,-0.03538526116732199,0.015644118521890647,128.97451782226562,127.9236297607422,129.88926696777344
2021-05-05,124.65398406982422,126.9407577416854,124.5274764521898,125.7243840284682,84000900,129.10834274291992,123.13984237670898,0.0019553238098402037,0.015364769035402686,124.41072082519533,128.97451782226562,127.9236297607422
2021-05-06,126.2498779296875,126.2596035749363,123.71008135413716,124.44963872166365,78128300,129.07817764282225,123.22528060913086,0.012802590079827203,0.015008420462930728,124.65398406982422,124.41072082519533,128.97451782226562
2021-05-07,126.92247772216795,127.94595553024824,126.21089797889388,127.54631847239044,78973300,128.9531925201416,123.40902557373047,0.005327528259908787,0.014295755868572622,126.2498779296875,124.65398406982422,124.41072082519533
2021-05-10,123.64727020263672,126.26934761190338,123.6082792363769,126.1426399859002,88071200,128.75007972717285,123.52201110839843,-0.025804787129200535,0.015120253326684013,126.92247772216795,126.2498779296875,124.65398406982422
2021-05-11,122.7310028076172,123.08190661407824,119.67027531129932,120.381847398056,126142800,128.34594383239747,123.48958435058594,-0.007410332581689105,0.013883164007009913,123.64727020263672,126.92247772216795,126.2498779296875
2021-05-12,119.6702880859375,121.4930768252382,119.16342036759428,120.28438654552215,112172300,127.90554695129394,123.44790710449219,-0.024938399032536362,0.014361789431700944,122.7310028076172,123.64727020263672,126.92247772216795
2021-05-13,121.81475067138672,122.96495825371116,121.12267768901388,121.43459801116455,105861300,127.45219497680664,123.50867279052734,0.017919757859271135,0.014298741423365978,119.6702880859375,122.7310028076172,123.64727020263672
2021-05-14,124.23211669921876,124.66100988052594,122.67251527187383,123.0624174879016,81918000,127.13625411987304,123.65534729003906,0.01984460842803215,0.01522284623838054,121.81475067138672,119.6702880859375,122.7310028076172
2021-05-17,123.08192443847656,123.72526428981506,122.00969878967952,123.61804098125864,74244600,126.72971649169922,123.75391204833984,-0.009258413132627874,0.0151916052719479,124.23211669921876,121.81475067138672,119.6702880859375
2021-05-18,121.69776153564452,123.78372980629568,121.62952920667055,123.36458623209384,63342900,126.33814430236816,123.92327117919922,-0.011245866597771048,0.015142157070188142,123.08192443847656,124.23211669921876,121.81475067138672
2021-05-19,121.54181671142578,121.76600548369002,119.75801895076616,120.050447495282,92612000,125.91980056762695,123.99745635986328,-0.0012814107856294887,0.01508447567782481,121.69776153564452,123.08192443847656,124.23211669921876
2021-05-20,124.09566497802734,124.49531683623646,121.94146411990351,122.06818662946591,76857100,125.70505180358887,124.14432083129883,0.021012095554447052,0.015869516403562524,121.54181671142578,121.69776153564452,123.08192443847656
2021-05-21,122.26312255859376,124.76823446881733,122.04867596571786,124.5927788416249,79295400,125.28287315368652,124.21600021362305,-0.014767175144740574,0.01542418370125811,124.09566497802734,121.54181671142578,121.69776153564452
2021-05-24,123.8909683227539,124.70976380781524,122.7602599555712,122.82849229292908,63092900,124.92262573242188,124.33833572387695,0.013314282590648041,0.015811099053395145,122.26312255859376,124.09566497802734,121.54181671142578
2021-05-25,123.6960220336914,125.08017543327662,123.1306641265909,124.59279202902988,72009500,124.56868705749511,124.3991650390625,-0.0015735310789938284,0.015813051256051258,123.8909683227539,122.26312255859376,124.09566497802734
2021-05-26,123.64727020263672,124.17363709199464,123.22812661130168,123.75449350065962,56575900,124.25172271728516,124.42826965332031,-0.0003941261024660303,0.01580006237047604,123.6960220336914,123.8909683227539,122.26312255859376
2021-05-27,122.1169204711914,124.41733561849657,121.92197306010468,123.24763627844212,94625600,123.86310539245605,124.44253082275391,-0.012376736897930174,0.015950198525440388,123.64727020263672,123.6960220336914,123.8909683227539
2021-05-28,121.46382904052734,122.6237861257757,121.40534630909178,122.3995899273286,71311100,123.54011535644531,124.5260548400879,-0.005348083035046192,0.015705305296260044,122.1169204711914,123.64727020263672,123.6960220336914
2021-06-01,121.14216613769533,122.18515038351808,120.8107540580726,121.9219706400981,67637100,123.1484977722168,124.61365524291992,-0.0026482196829534788,0.015502879477152953,121.46382904052734,122.1169204711914,123.64727020263672
2021-06-02,121.90247344970705,122.07792909380578,120.91797935921072,121.14216813753484,59278900,123.02308540344238,124.65029083251953,0.006276157478871003,0.013607218706190223,121.14216613769533,121.46382904052734,122.1169204711914
2021-06-03,120.42084503173828,121.69776758173276,120.02119320163122,121.53206155124435,76229200,122.81142845153809,124.67383651733398,-0.012154211280873128,0.01381395731909113,121.90247344970705,121.14216613769533,121.46382904052734
2021-06-04,122.71150970458984,122.97469686847109,120.7230150397492,120.9374616364624,75169300,122.6345100402832,124.79087753295899,0.019022160758362272,0.014220122338130822,120.42084503173828,121.90247344970705,121.14216613769533
2021-06-07,122.7212371826172,123.13063110066896,121.67825318942909,122.98441686228902,71057600,122.42444801330566,124.8983821105957,7.927111361261119e-05,0.014139106595190666,122.71150970458984,120.42084503173828,121.90247344970705
2021-06-08,123.54005432128906,125.21663622404849,123.0234370016728,123.4035896495703,74403800,122.41908721923828,125.0101968383789,0.006672171479606304,0.01303300377575909,122.7212371826172,122.71150970458984,120.42084503173828
2021-06-09,123.92019653320312,124.52454534046706,123.32559732645998,123.99817846383708,56877900,122.47854690551758,125.12611114501954,0.0030770766129455396,0.01292814225621296,123.54005432128906,122.7212371826172,122.71150970458984
2021-06-10,122.92597198486328,124.95345787476268,122.7602659341765,123.81299241371468,71186400,122.64133110046387,125.25113891601562,-0.008023103385520036,0.011663578491849333,123.92019653320312,123.54005432128906,122.7212371826172
2021-06-11,124.13465118408205,124.22238272093318,122.91621132668672,123.33535493510138,53522400,122.75732612609863,125.3565510559082,0.00983257793046044,0.011191624431998805,122.92597198486328,123.92019653320312,123.54005432128906
2021-06-14,127.18563079833984,127.24411353581664,123.86173050218788,124.59279446771669,96906500,122.90500183105469,125.50643997192383,0.024577985156887694,0.011651632797844036,124.13465118408205,122.92597198486328,123.92019653320312
2021-06-15,126.3668441772461,127.30261260822044,126.12315618593904,126.65927274152148,62746300,123.06924781799316,125.58351409912109,-0.006437728978928359,0.011534354688504016,127.18563079833984,124.13465118408205,122.92597198486328
2021-06-16,126.86394500732422,127.58526671760067,125.21662690472674,127.07839160028392,91815000,123.32755699157715,125.66449661254883,0.003933791599487035,0.011152892105278976,126.3668441772461,127.18563079833984,124.13465118408205
2021-06-17,128.4625701904297,129.20339129093645,126.3766013323592,126.52282306860803,96721700,123.67359466552735,125.7445606994629,0.012601099414125683,0.011358870328846337,126.86394500732422,126.3668441772461,127.18563079833984
2021-06-18,127.1661376953125,128.18961527761795,126.95169109033546,127.40982566701064,108953300,123.82711830139161,125.75081985473633,-0.01009190843056762,0.010857218212430611,128.4625701904297,126.86394500732422,126.3668441772461
2021-06-21,128.95968627929688,129.06690958900398,125.9477063159808,127.0101823744656,79663300,124.16194648742676,125.74156997680664,0.014103979380750475,0.010525786777589642,127.1661376953125,128.4625701904297,126.86394500732422
2021-06-22,130.59725952148438,130.69474066397615,128.29684436989922,128.7939773736595,74783600,124.49726104736328,125.7993246459961,0.012698334568222336,0.010494017264758307,128.95968627929688,127.1661376953125,128.4625701904297
2021-06-23,130.32431030273438,130.9286665216875,129.8661757752273,130.39255006678223,60214200,124.82867546081543,125.78953643798827,-0.0020900072463243546,0.010505693683313975,130.59725952148438,128.95968627929688,127.1661376953125
2021-06-24,130.0416717529297,131.240612583958,129.57378007008424,131.0554073186903,68711000,125.14839553833008,125.82080535888672,-0.0021687323658045043,0.010540332338105371,130.32431030273438,130.59725952148438,128.95968627929688
2021-06-25,129.7492218017578,130.5095270692511,129.45679326652197,130.09039090512184,70783700,125.5300106048584,125.79815399169922,-0.002248894121628209,0.010014263605394334,130.0416717529297,130.32431030273438,130.59725952148438
2021-06-28,131.3770751953125,131.8352098315601,129.98318695524438,130.04166969629122,62111300,126.02567291259766,125.81467681884766,0.012546151498633806,0.010020702985234714,129.7492218017578,130.0416717529297,130.32431030273438
2021-06-29,132.88790893554688,133.043872786454,130.95790461954863,131.39653993588485,64556100,126.61296005249024,125.84818145751953,0.01149998002306174,0.010027706340937984,131.3770751953125,129.7492218017578,130.0416717529297
2021-06-30,133.50201416015625,133.94064949902392,132.43952338561445,132.73195190270366,63261400,127.1929370880127,125.92763763427735,0.004621227239772541,0.010020713699398163,132.88790893554688,131.3770751953125,129.7492218017578
2021-07-01,133.80419921875,133.86268195374564,132.3323143115352,133.15111722207564,52485800,127.86210479736329,126.00554779052734,0.0022635243407731487,0.00923998028211908,133.50201416015625,132.88790893554688,131.3770751953125
2021-07-02,136.42628479003906,136.46526832234767,134.27207651002422,134.41828334809892,78852600,128.54784355163574,126.16626068115234,0.019596437081935925,0.009285570223946908,133.80419921875,133.50201416015625,132.88790893554688
2021-07-06,138.4342498779297,139.53570925876045,136.53348691022637,136.53348691022637,108181800,129.33349418640137,126.32081176757812,0.014718315396339499,0.009423991929723713,136.42628479003906,133.80419921875,133.50201416015625
2021-07-07,140.9198760986328,141.231788943126,139.05809657469072,139.91586805219617,104911600,130.20248527526854,126.51729095458984,0.017955283630278762,0.0097916029624355,138.4342498779297,136.42628479003906,133.80419921875
2021-07-08,139.6234588623047,140.42274763655988,137.11833949517367,138.00536723887996,105575500,130.98764839172364,126.6942642211914,-0.009199676243120791,0.010393576747980847,140.9198760986328,138.4342498779297,136.42628479003906
2021-07-09,141.44625854492188,141.97261806281588,139.04836216143113,139.1458433075578,99890800,131.91366271972657,126.92345825195312,0.013055110491245081,0.009952422060294917,139.6234588623047,140.9198760986328,138.4342498779297
2021-07-12,140.85166931152344,142.62572515772004,140.36429329314447,142.51850183873523,76299700,132.74951362609863,127.14270629882813,-0.004203640587704949,0.010239476434529859,141.44625854492188,139.6234588623047,140.9198760986328
2021-07-13,141.96286010742188,143.7369156295679,140.00361422588887,140.39350901995925,100827100,133.48837509155274,127.42349090576172,0.00788908503058483,0.009317480431075477,140.85166931152344,141.44625854492188,139.6234588623047
2021-07-14,145.3842315673828,145.79364043052715,143.95134516697595,144.3607540301203,127050800,134.43924446105956,127.75168518066407,0.024100468653364793,0.009741801180012725,141.96286010742188,140.85166931152344,141.44625854492188
2021-07-15,144.73118591308594,146.21281325196273,143.37628110522587,145.4720070192926,106820300,135.33260650634764,128.1580944824219,-0.004491860274366877,0.010061897764898187,145.3842315673828,141.96286010742188,140.85166931152344
2021-07-16,142.6939239501953,145.97883295333372,142.19680585690423,144.71166743629377,93251400,136.04417419433594,128.5188932800293,-0.014076178192266364,0.010960648601403302,144.73118591308594,145.3842315673828,141.96286010742188
2021-07-19,138.8533935546875,140.43250161447835,138.09308832622733,140.1205738932986,121434600,136.6285369873047,128.77096359252928,-0.02691446341365089,0.012711565109755093,142.6939239501953,144.73118591308594,145.3842315673828
2021-07-20,142.4599609375,143.3859869898834,139.350515378791,139.83789124908492,96350000,137.30355072021484,129.08171325683594,0.025973923218463257,0.013440614442676716,138.8533935546875,142.6939239501953,144.73118591308594
2021-07-21,141.72889709472656,142.4404765741107,140.97834896361408,141.8556195804996,74993500,137.86013259887696,129.44334579467773,-0.005131714468840642,0.013499633442264413,142.4599609375,138.8533935546875,142.6939239501953
2021-07-22,143.09359741210938,144.4582442706814,142.12858757198936,142.2553100922622,77338200,138.49859695434571,129.85059768676757,0.00962894896776545,0.013467236577027706,141.72889709472656,142.4599609375,138.8533935546875
2021-07-23,144.8091278076172,144.96509166825837,143.210535419876,143.82463382519293,71447400,139.2369697570801,130.35337448120117,0.011988869009750935,0.013455361120345477,143.09359741210938,141.72889709472656,142.4599609375
2021-07-26,145.22825622558594,146.0470440562457,143.97081824593766,144.5264338354404,72434100,140.01092147827148,130.82164459228517,0.0028943508210723667,0.013348625420750954,144.8091278076172,143.09359741210938,141.72889709472656
2021-07-27,143.0643768310547,145.44277445035308,141.87517802140547,145.3550354532032,104818600,140.59528656005858,131.19828979492186,-0.01489985110865788,0.014006220740459732,145.22825622558594,144.8091278076172,143.09359741210938
2021-07-28,141.31951904296875,143.25928057886588,138.94112214929507,141.15381301329907,118931200,141.0168670654297,131.56304168701172,-0.012196312085058336,0.014368327883060743,143.0643768310547,145.22825622558594,144.8091278076172
2021-07-29,141.96286010742188,142.8498878684949,140.92962551695572,141.03684881635502,56699500,141.43990936279297,131.96834365844725,0.004552386455953794,0.01436797234132195,141.31951904296875,143.0643768310547,145.22825622558594
2021-07-30,142.1772918701172,142.635426385787,140.4714762953773,140.73466343435456,70440600,141.85856399536132,132.38105316162108,0.0015104778991705814,0.014371473339916629,141.96286010742188,141.31951904296875,143.0643768310547
2021-08-02,141.84591674804688,143.2398049839172,141.58272954059322,142.66470486730785,62880000,142.12954559326172,132.7360581970215,-0.0023307176393051465,0.01387768063194747,142.1772918701172,141.96286010742188,141.31951904296875
2021-08-03,143.6394805908203,144.30230492815895,141.51451312265684,142.1286117502495,64786600,142.38980712890626,133.16358535766602,0.012644451697254366,0.013785413292517803,141.84591674804688,142.1772918701172,141.96286010742188
2021-08-04,143.2397918701172,144.058579914417,142.58670986762564,143.5517196242508,56368300,142.50580291748048,133.55056182861327,-0.0027825826093155204,0.013288141550618504,143.6394805908203,141.84591674804688,142.1772918701172
2021-08-05,143.34698486328125,144.1072900112852,142.47945643165977,143.26900294123843,46397700,142.6919792175293,133.94358108520507,0.0007483464738713419,0.013074643548002574,143.2397918701172,143.6394805908203,141.84591674804688
2021-08-06,142.66368103027344,143.61060825982952,142.16581806356817,142.86869219057516,54126800,142.7528503417969,134.32390930175782,-0.004766782040511841,0.012843621163503844,143.34698486328125,143.2397918701172,143.6394805908203
2021-08-09,142.61488342285156,143.21037365568,142.05845003246944,142.72226739584752,48908700,142.84101104736328,134.73386856079102,-0.00034204646248769954,0.012798025579492849,142.66368103027344,143.34698486328125,143.2397918701172
2021-08-10,142.1365203857422,144.19632898598317,141.84365370926938,142.95653516321173,69023100,142.8496940612793,135.1473223876953,-0.003354229415810983,0.012712264267342767,142.61488342285156,142.66368103027344,143.34698486328125
2021-08-11,142.3903045654297,143.22984760890972,142.06815276895088,142.57578725696132,48493500,142.69999771118165,135.57228515625,0.0017854959372773926,0.011411070242858378,142.1365203857422,142.61488342285156,142.66368103027344
2021-08-12,145.3482666015625,145.50446416374157,142.37081574173467,142.71249604702388,72282600,142.73085174560546,136.04120101928712,0.020773619700866552,0.012360602062893907,142.3903045654297,142.1365203857422,142.61488342285156
2021-08-13,145.5532989501953,145.88520764627282,144.74304073624972,145.42638655047446,59375000,142.87382049560546,136.54385009765625,0.0014106280964110152,0.011889684702181406,145.3482666015625,142.3903045654297,142.1365203857422
2021-08-16,147.5252227783203,147.59356480078714,142.9858407795006,145.00659283395282,103296000,143.30741195678712,137.04012435913086,0.013547778321395088,0.010201834031609507,145.5532989501953,145.3482666015625,142.3903045654297
2021-08-17,146.6173095703125,148.07185618392833,145.54347021491796,146.65635150331968,92229700,143.51527938842773,137.51804580688477,-0.006154291387663879,0.008847173438409985,147.5252227783203,145.5532989501953,145.3482666015625
2021-08-18,142.87843322753906,147.134719463398,142.67342208980006,146.23660593235846,86326000,143.57275619506837,137.90481338500976,-0.025500920414723627,0.01063890106242782,146.6173095703125,147.5252227783203,145.5532989501953
2021-08-19,143.21038818359375,144.47946756706352,141.06272340162622,141.5801148978695,86960300,143.57859573364257,138.2906172180176,0.0023233384392313816,0.010430827153943925,142.87843322753906,146.6173095703125,147.5252227783203
2021-08-20,144.66490173339844,144.9675251601663,143.28843882859866,143.9327425154178,60549600,143.57138442993164,138.72539581298827,0.010156480743142904,0.010328380791959997,143.21038818359375,142.87843322753906,146.6173095703125
2021-08-23,146.14878845214844,146.61736630864482,144.37207444854158,144.7820819349536,60131800,143.61741104125977,139.1656785583496,0.010257406606369868,0.01056544888481807,144.66490173339844,143.21038818359375,142.87843322753906
2021-08-24,146.0609130859375,147.2714219782902,145.602092007955,145.89495874434272,48606400,143.7672378540039,139.54318420410155,-0.0006012733129135972,0.009943320461932073,146.14878845214844,144.66490173339844,143.21038818359375
2021-08-25,144.8308868408203,146.7442698916124,144.28421022511418,146.24639198416384,58991300,143.94280624389648,139.91246505737305,-0.008421323810248071,0.009711074268288322,146.0609130859375,146.14878845214844,144.66490173339844
2021-08-26,144.03036499023438,145.57278230599707,144.00107981111,144.82110951404735,48597200,144.04618148803712,140.25579345703125,-0.005527286810483756,0.00979312340183122,144.8308868408203,146.0609130859375,146.14878845214844
2021-08-27,145.06515502929688,145.21158091727293,143.33725507209095,143.97178711441077,55802400,144.1905746459961,140.5878451538086,0.007184526951192982,0.0098973719383985,144.03036499023438,144.8308868408203,146.0609130859375
2021-08-30,149.4776153564453,149.83882401907485,145.07490345956626,145.45562564226032,90956700,144.57215957641603,141.03407470703124,0.030417093107282023,0.011828626379481585,145.06515502929688,144.03036499023438,144.8308868408203
2021-08-31,148.21832275390625,149.16524992421503,147.6911597437249,149.0285807911714,86453100,144.8011016845703,141.41924743652345,-0.008424623309223556,0.011833620207004143,149.4776153564453,145.06515502929688,144.03036499023438
2021-09-01,148.8821258544922,151.293371319359,148.71617155840954,149.1945209265185,80313700,145.08321838378907,141.7849447631836,0.0044785495359307426,0.011802252233342898,148.21832275390625,149.4776153564453,145.06515502929688
2021-09-02,149.99501037597656,151.03956466217258,148.77474502994417,150.20977826854366,71115500,145.41561965942384,142.17835876464844,0.007474937069155141,0.011860421455987702,148.8821258544922,148.21832275390625,149.4776153564453
2021-09-03,150.62954711914062,150.9516989362315,149.44832378980732,150.10238418360416,57808700,145.81391296386718,142.59011627197265,0.004230385674653725,0.01174692951497606,149.99501037597656,148.8821258544922,148.21832275390625
2021-09-07,152.96270751953125,153.51914078415754,150.71741625258127,151.2836211735212,82278300,146.33130416870117,143.05438598632813,0.015489393980220978,0.012054450230364935,150.62954711914062,149.99501037597656,148.8821258544922
2021-09-08,151.42030334472656,153.3043860941943,150.31717858511598,153.24581573453693,74420200,146.79549331665038,143.45525054931642,-0.010083530814906316,0.012348435760548043,152.96270751953125,150.62954711914062,149.99501037597656
2021-09-09,150.40504455566406,152.39651120399355,150.28788894400816,151.79126431107525,57305700,147.19623031616212,143.80559326171874,-0.006704905264594108,0.01254547218148245,151.42030334472656,152.96270751953125,150.62954711914062
2021-09-10,145.42636108398438,151.7814983871202,145.1627795675759,151.31292061025323,140893200,147.20013504028321,144.0440802001953,-0.03310183834849434,0.014166133752550863,150.40504455566406,151.42030334472656,152.96270751953125
2021-09-13,145.99253845214844,147.8180505115286,145.21156570783384,147.04684942260073,102404300,147.22209701538085,144.28784698486328,0.0038932237865534347,0.014188873242369619,145.42636108398438,150.40504455566406,151.42030334472656
2021-09-14,144.59658813476562,147.47642687466802,143.4153793726529,146.77355269563384,109296300,147.07566528320314,144.45125305175782,-0.009561792213376386,0.01398823103901757,145.99253845214844,145.42636108398438,150.40504455566406
2021-09-15,145.48495483398438,145.88520555365383,142.88822588135704,145.02613374476746,83281300,147.01904754638673,144.5922671508789,0.006143759757255118,0.014015786989393153,144.59658813476562,145.99253845214844,145.42636108398438
2021-09-16,145.25059509277344,145.42632102057476,143.71794980690362,144.9089297875281,68034100,147.13765563964844,144.6788815307617,-0.001610886441683057,0.012711801924150322,145.48495483398438,144.59658813476562,145.99253845214844
2021-09-17,142.5855712890625,145.27992686740734,142.29270460935308,145.27992686740734,129868800,147.10641479492188,144.73812377929687,-0.018347765129697047,0.013411146484520908,145.25059509277344,145.48495483398438,144.59658813476562
2021-09-20,139.53977966308594,141.39457695669392,137.90950701335717,140.37932278347847,123478900,146.85015869140625,144.69999420166016,-0.021361148946844377,0.013978202337564003,142.5855712890625,145.25059509277344,145.48495483398438
2021-09-21,140.01809692382812,141.16027821011605,139.38356500550353,140.50620298279006,75834000,146.54362411499022,144.68332275390625,0.0034278200947217563,0.013752080271763403,139.53977966308594,142.5855712890625,145.25059509277344
2021-09-22,142.3805694580078,142.9467594818777,140.28170408222925,141.01386330488788,76404300,146.35960693359374,144.69167694091797,0.016872622797215353,0.014389298283608512,140.01809692382812,139.53977966308594,142.5855712890625
2021-09-23,143.33726501464844,143.581318108749,142.1755699033987,143.16153904107028,64838200,146.28492584228516,144.65073760986328,0.006719284522336277,0.014386368655332403,142.3805694580078,140.01809692382812,139.53977966308594
2021-09-24,143.4250946044922,143.96201429353556,142.09744541695585,142.19507259526048,53477900,146.25466232299806,144.6246157836914,0.0006127477724287012,0.014337064305889668,143.33726501464844,142.3805694580078,140.01809692382812
2021-09-27,141.91195678710938,142.48793328173883,140.39883985731234,142.0095839613355,74150700,146.09700241088868,144.6089764404297,-0.010550021400058562,0.01441023499734778,143.4250946044922,143.33726501464844,142.3805694580078
2021-09-28,138.53431701660156,141.3067568929059,138.31954907870838,139.8424381686271,108972300,145.5498374938965,144.60259490966797,-0.023800952696148125,0.013241451273364476,141.91195678710938,143.4250946044922,143.33726501464844
2021-09-29,139.4324188232422,141.013878143942,138.65144592439347,139.08098176355122,74602000,145.11054229736328,144.54204406738282,0.006482883273846163,0.0133809510696852,138.53431701660156,141.91195678710938,143.4250946044922
2021-09-30,138.13401794433594,140.94551367693097,137.91925008166186,140.2426397437822,89056700,144.57313690185546,144.470146484375,-0.009312044428865796,0.013332430808724347,139.4324188232422,138.53431701660156,141.91195678710938
2021-10-01,139.25669860839844,139.52028013802934,135.80091312494108,138.52453927839463,94639600,144.03622131347657,144.39340850830078,0.008127474178843519,0.01336186566740259,138.13401794433594,139.4324188232422,138.53431701660156
2021-10-04,135.8301544189453,138.82713279141288,134.980854637217,138.38782541869764,98322000,143.2962516784668,144.21382904052734,-0.02460595593386039,0.014010058278744143,139.25669860839844,138.13401794433594,139.4324188232422
2021-10-05,137.7533416748047,138.85646652806082,136.04496985928344,136.17188224652747,80861100,142.53578338623046,144.06433074951173,0.01415876514376646,0.013910121659493421,135.8301544189453,139.25669860839844,138.13401794433594
2021-10-06,138.6221466064453,138.76857249312508,135.07849119061893,136.15233067899587,83221100,141.8958755493164,143.97548614501954,0.006306960840860132,0.0140846615090962,137.7533416748047,135.8301544189453,139.25669860839844
2021-10-07,139.8814697265625,140.78935501402486,139.32503639848235,139.6569450430087,61732700,141.36969680786132,143.9467251586914,0.009084573792472517,0.014382753455302457,138.6221466064453,137.7533416748047,135.8301544189453
2021-10-08,139.50074768066406,140.75029837603776,139.16883903566588,140.60387247260306,58773200,141.07341613769532,143.89748291015624,-0.002721747538417141,0.01258629289752069,139.8814697265625,138.6221466064453,137.7533416748047
2021-10-11,139.41285705566406,141.36528138783962,138.43664488957629,138.8857090401355,64452200,140.7444320678711,143.84219421386717,-0.0006300369457602484,0.012515222813431847,139.50074768066406,139.8814697265625,138.6221466064453
2021-10-12,138.14378356933594,139.84239816609858,137.68496264197734,139.82286975119803,73035900,140.42179183959962,143.76815155029297,-0.009102987436957921,0.01250148603535169,139.41285705566406,139.50074768066406,139.8814697265625
2021-10-13,137.55809020996094,138.03642474342516,135.88876048394778,137.88024208325538,78762700,140.02544860839845,143.64652374267578,-0.004239737353661233,0.012351212416132025,138.14378356933594,139.41285705566406,139.50074768066406
2021-10-14,140.34027099609375,140.45742659800283,138.14379338196727,138.7295267040612,69907100,139.77993240356446,143.5885333251953,0.020225497329064757,0.013377352632854904,137.55809020996094,138.14378356933594,139.41285705566406
2021-10-15,141.3945770263672,141.453147377337,140.09621296187518,140.35003767716657,67940300,139.7203826904297,143.54948516845704,0.00751249817882127,0.012918613035667615,140.34027099609375,137.55809020996094,138.14378356933594
2021-10-18,143.06394958496094,143.34704466516118,139.75458969636082,140.03768477656104,85589200,139.89659118652344,143.55749053955077,0.011806482212415093,0.012186150224551282,141.3945770263672,140.34027099609375,137.55809020996094
2021-10-19,145.22137451171875,145.62162523479623,143.06395310397025,143.5130025382052,76378900,140.15675506591796,143.60962036132813,0.015080143761001086,0.01256495304574636,143.06394958496094,141.3945770263672,140.34027099609375
2021-10-20,145.70945739746094,146.18780683574556,144.59657585778285,145.16278083703227,58418800,140.3231994628906,143.6810791015625,0.0033609576233752936,0.012071160287848295,145.22137451171875,143.06394958496094,141.3945770263672
2021-10-21,145.92417907714844,146.0803765865811,144.3524770160413,145.27011876419027,61421000,140.45254516601562,143.75175659179686,0.0014736289841625894,0.012002306505765791,145.70945739746094,145.22137451171875,143.06394958496094
2021-10-22,145.15301513671875,146.6075619891813,145.1042015405824,146.12922747617256,58883400,140.53894119262696,143.7478515625,-0.005284689249627217,0.012083545157416458,145.92417907714844,145.70945739746094,145.22137451171875
2021-10-25,145.10418701171875,145.8168177773373,144.10844635434742,145.14322894722775,50720600,140.69855270385742,143.73886932373046,-0.00033639070434743346,0.011796891092886511,145.15301513671875,145.92417907714844,145.70945739746094
2021-10-26,145.76805114746094,147.25188335627817,145.46541277347194,145.77780790953028,60893400,141.06023941040038,143.7037258911133,0.004575086008294038,0.010237769159456074,145.10418701171875,145.15301513671875,145.92417907714844
2021-10-27,145.3092041015625,146.16826078037482,144.95776708428832,145.80706700277705,56094900,141.3540786743164,143.6775637817383,-0.003147788848698152,0.010271862488044054,145.76805114746094,145.10418701171875,145.15301513671875
2021-10-28,148.94073486328125,149.5264533730465,146.15852353048365,146.25615073002083,100077900,141.89441452026367,143.79880981445314,0.024991746284567906,0.011094183912042846,145.3092041015625,145.76805114746094,145.10418701171875
2021-10-29,146.23663330078125,146.37330245291255,142.92727357091124,143.718003300801,124953200,142.2434112548828,143.85933471679687,-0.0181555540529742,0.01207211764791316,148.94073486328125,145.3092041015625,145.76805114746094
2021-11-01,145.41661071777344,146.13899838558393,144.2842007193759,145.44589589912687,74588300,142.7227340698242,143.87436889648438,-0.0056075045253618505,0.010466157204071524,146.23663330078125,148.94073486328125,145.3092041015625
2021-11-02,146.45140075683594,147.96453308347574,145.113979527006,145.12375118515345,69122000,143.1576370239258,143.88042114257811,0.007116037390465957,0.010202675324667934,145.41661071777344,146.23663330078125,148.94073486328125
2021-11-03,147.8863983154297,148.35497602206758,146.25612565424197,146.8125588879088,54511500,143.620849609375,143.91693084716798,0.009798455673198925,0.010289660178879856,146.45140075683594,145.41661071777344,146.23663330078125
2021-11-04,147.3690185546875,148.80403696262286,147.0566234619275,147.97426542713765,60394600,143.99522705078124,143.9676934814453,-0.003498494564988075,0.010301387860207078,147.8863983154297,146.45140075683594,145.41661071777344
2021-11-05,147.8969268798828,148.79635114627666,146.7042085245969,148.49328605752575,65463900,144.4150360107422,144.04502471923828,0.003582220539790182,0.010224181071232541,147.3690185546875,147.8863983154297,146.45140075683594
2021-11-08,147.07571411132812,148.18044870579655,146.80197694204415,148.0240232040466,55020900,144.79817886352538,144.0852359008789,-0.005552601976791971,0.010373715388698067,147.8969268798828,147.3690185546875,147.8863983154297
2021-11-09,147.43743896484375,148.0435691533501,146.70421118808,146.84107977637362,56787900,145.2628616333008,144.04443237304687,0.002459446521822173,0.009994835573098071,147.07571411132812,147.8969268798828,147.3690185546875
2021-11-10,144.61207580566406,146.7726603269792,144.54364896685252,146.66511965093986,65187100,145.61556091308594,143.97230743408204,-0.019163132370017544,0.011085517466648286,147.43743896484375,147.07571411132812,147.8969268798828
2021-11-11,144.56320190429688,146.0883134852804,144.37744845730748,145.62883774477925,41000000,145.8267074584961,143.88592895507813,-0.0003379655612776311,0.010285771931114122,144.61207580566406,147.43743896484375,147.07571411132812
2021-11-12,146.63577270507812,147.03659252052734,144.18189439318962,145.11064651980587,63804000,146.08876724243163,143.81874420166017,0.014336779854622561,0.010602855209763121,144.56320190429688,144.61207580566406,147.43743896484375
2021-11-15,146.64553833007812,148.48350051743287,146.08827812399716,147.00725921767452,59222800,146.2678466796875,143.73906402587892,6.65978350291585e-05,0.010345940688267144,146.63577270507812,144.56320190429688,144.61207580566406
2021-11-16,147.6231689453125,148.10221638704422,146.00028814358132,146.5868762388628,59256200,146.3879364013672,143.63227325439453,0.006666623658429183,0.009917808917202049,146.64553833007812,146.63577270507812,144.56320190429688
2021-11-17,150.05751037597656,151.53373689410836,147.61341784542643,147.62318884522813,88807000,146.60533905029297,143.60501739501953,0.016490239628752734,0.010508488021414197,147.6231689453125,146.64553833007812,146.63577270507812
2021-11-18,154.33956909179688,155.12168178008048,149.627365877677,150.2726099643279,137827700,147.0261085510254,143.6837078857422,0.028536117286575013,0.012120428090368392,150.05751037597656,147.6231689453125,146.64553833007812
2021-11-19,156.9596405029297,157.41913113659675,153.02953515610952,154.12448394226502,117305600,147.61643981933594,143.9143734741211,0.016976018700521678,0.012351419238157808,154.33956909179688,150.05751037597656,147.6231689453125
2021-11-22,157.4191131591797,161.9944471367291,157.39955624235793,158.06434223873077,117467900,148.232186126709,144.14290496826172,0.0029273299478627113,0.012312753188096236,156.9596405029297,154.33956909179688,150.05751037597656
2021-11-23,157.8004150390625,158.18169292863084,155.502961782972,157.51689191338718,96041900,148.83380432128905,144.40698150634765,0.0024222082835472225,0.012318278237173012,157.4191131591797,156.9596405029297,154.33956909179688
2021-11-24,158.3185577392578,158.51408217991855,156.06998937776268,157.15516717862224,69463600,149.48427200317383,144.6636535644531,0.0032835319226951487,0.012204034629368223,157.8004150390625,157.4191131591797,156.9596405029297
2021-11-26,153.3032989501953,156.8618980401627,152.86336515925657,156.00158738073347,76959800,149.70240020751953,144.82470764160155,-0.03167827486985042,0.013655781723496522,158.3185577392578,157.8004150390625,157.4191131591797
2021-11-29,156.65658569335938,157.5853380225465,155.23899986098183,155.80603121042097,88748200,150.22339782714843,145.1061279296875,0.0218735458801409,0.013551222470101201,153.3032989501953,158.3185577392578,157.8004150390625
2021-11-30,161.6034393310547,161.81852071802552,156.34374618750323,156.41218795497596,174048100,151.0327392578125,145.54740112304688,0.03157769343561667,0.01473048715741876,156.65658569335938,153.3032989501953,158.3185577392578
2021-12-01,161.08526611328125,166.49159798116264,160.85062784337472,163.7346542506034,152052500,151.76443252563476,145.96874450683595,-0.003206449193893235,0.014847354658905687,161.6034393310547,156.65658569335938,153.3032989501953
2021-12-02,160.0978240966797,160.52798674829987,154.27111613625055,155.19009727061072,136739200,152.37500381469727,146.32308959960938,-0.006129933794858378,0.014995986718594609,161.08526611328125,161.6034393310547,156.65658569335938
2021-12-03,158.22079467773438,161.271032766341,156.14820866843905,160.3520514474846,118023100,152.9175926208496,146.6207601928711,-0.011724265645308263,0.01532403807400894,160.0978240966797,161.08526611328125,161.6034393310547
2021-12-06,161.6229705810547,164.12571914002814,160.6062196554979,160.61599065605895,107497000,153.6038948059082,146.98471771240236,0.02150271024899042,0.015834052409467815,158.22079467773438,160.0978240966797,161.08526611328125
2021-12-07,167.35191345214844,167.7429772469704,164.57542763792551,165.2988844701773,120405400,154.61770477294922,147.4935168457031,0.03544634064389163,0.017061445094337876,161.6229705810547,158.22079467773438,160.0978240966797
2021-12-08,171.1647491455078,172.02507478771778,166.88269277595091,168.2807219445421,116998900,155.80407028198243,148.14612548828126,0.022783340893497428,0.017402673288333153,167.35191345214844,161.6229705810547,158.22079467773438
2021-12-09,170.65631103515625,172.7973384356804,170.03062395661755,170.9984899495763,108923700,157.10628204345704,148.77060333251953,-0.00297046040665383,0.016440508324444204,171.1647491455078,167.35191345214844,161.6229705810547
2021-12-10,175.4369659423828,175.61294836881706,170.78341894665584,171.29179439045112,115402700,158.64997024536132,149.51666229248048,0.02801334962784785,0.016860528713502444,170.65631103515625,171.1647491455078,167.35191345214844
2021-12-13,171.8099365234375,178.0570365302883,171.6046261840087,177.06961358561998,153237000,159.9086784362793,150.16772705078125,-0.02067425983721416,0.018140181639699278,175.4369659423828,170.65631103515625,171.1647491455078
2021-12-14,170.43145751953125,173.76520322122326,168.35887188331523,171.3308817563336,139380400,161.09797439575195,150.85975311279296,-0.00802327869854147,0.01841703603249505,171.8099365234375,175.4369659423828,170.65631103515625
2021-12-15,175.29034423828125,175.4858686850592,168.45665517933287,171.19404218690133,131063300,162.4813331604004,151.6104931640625,0.028509330316518477,0.018990941117743413,170.43145751953125,171.8099365234375,175.4369659423828
2021-12-16,168.40777587890625,177.08919884301145,166.9315491019716,175.27079308478832,150185800,163.3988464355469,152.20620574951172,-0.039263819061357785,0.021700913012048535,175.29034423828125,170.43145751953125,171.8099365234375
2021-12-17,167.31283569335938,169.59073223954843,165.8952646870351,166.12988807604526,195432700,164.047509765625,152.75483306884766,-0.006501719886937929,0.02119499717602809,168.40777587890625,175.29034423828125,170.43145751953125
2021-12-20,165.95388793945312,166.76532847471316,163.71510567618958,164.51676029378936,107499100,164.49722213745116,153.28389587402344,-0.008122196652006086,0.021145252830466397,167.31283569335938,168.40777587890625,175.29034423828125
2021-12-21,169.1214599609375,169.3267554134747,165.33799395674112,167.72343104614094,91185900,165.08233947753905,153.8780679321289,0.019087061236191305,0.021448802897674438,165.95388793945312,167.31283569335938,168.40777587890625
2021-12-22,171.71218872070312,171.92727008747283,168.30022969109157,169.1703261593658,92135300,165.7779281616211,154.54943603515625,0.015318746422624319,0.02159821540874362,169.1214599609375,165.95388793945312,167.31283569335938
2021-12-23,172.33787536621094,172.8951357013555,171.35046721642092,171.9174985527305,68356600,166.47889404296876,155.24503173828126,0.0036438103210338912,0.021597337108590197,171.71218872070312,169.1214599609375,165.95388793945312
2021-12-27,176.2973175048828,176.38530127238838,173.11022561335014,173.12976761664484,74919600,167.62859497070312,155.96417266845702,0.02297488076987264,0.020194454727907315,172.33787536621094,171.71218872070312,169.1214599609375
2021-12-28,175.28054809570312,177.2749361221624,174.5375492742612,176.1311025117923,79144300,168.5597930908203,156.64189208984374,-0.005767356098038912,0.02008332474212853,176.2973175048828,172.33787536621094,171.71218872070312
2021-12-29,175.36856079101562,176.5906072567406,174.15628532669507,175.31967594887476,62348900,169.24804916381837,157.28798431396484,0.0005021247153131903,0.01916716446799202,175.28054809570312,176.2973175048828,172.33787536621094
2021-12-30,174.2149200439453,176.53193000592643,174.10737937130014,175.45652327947462,59773000,169.90453186035157,157.86785522460937,-0.006578378369912596,0.019251034855654145,175.36856079101562,175.28054809570312,176.2973175048828
2021-12-31,173.59902954101562,175.2218958133562,173.29594950484335,174.1073900997929,64062300,170.57959213256837,158.42564666748046,-0.00353523396718447,0.01918709324002413,174.2149200439453,175.36856079101562,175.28054809570312
2022-01-03,177.93972778320312,178.79028222604728,173.73590007898758,173.85321176039008,104487900,171.5655387878418,159.06595764160156,0.025004161910720413,0.019336696241056578,173.59902954101562,174.2149200439453,175.36856079101562
2022-01-04,175.681396484375,178.8489462858369,175.1143651356069,178.5458811499138,99310400,172.26846008300782,159.67652526855468,-0.012691551948306956,0.01941166178611543,177.93972778320312,173.59902954101562,174.2149200439453
2022-01-05,171.00827026367188,176.14086475419518,170.73453308424857,175.59339039534856,94537600,172.45127792358397,160.19460693359375,-0.026600006114584573,0.01913777433062503,175.681396484375,177.93972778320312,173.59902954101562
2022-01-06,168.153564453125,171.37976954533002,167.80161453547433,168.83790737145776,96904000,172.30071868896485,160.64231719970704,-0.016693378666103653,0.018833930354777893,171.00827026367188,175.681396484375,177.93972778320312
2022-01-07,168.31980895996094,170.2457555978546,167.2053030557917,169.0237089960216,86709100,172.18389358520508,161.102529296875,0.00098864693934142,0.018829819988566393,168.153564453125,171.00827026367188,175.681396484375
2022-01-10,168.3393096923828,168.64237476166727,164.4092049558039,165.29885816519484,106765600,171.8290107727051,161.49050079345704,0.00011585524331558794,0.017597837429521368,168.31980895996094,168.153564453125,171.00827026367188
2022-01-11,171.1647491455078,171.2625039300376,167.00001940197362,168.46647542797945,76138300,171.7967514038086,161.98906311035157,0.0167841929391781,0.017489262183170155,168.3393096923828,168.31980895996094,168.153564453125
2022-01-12,171.60462951660156,173.21772467571947,170.91051556767007,172.1814317936139,74805200,171.85541000366212,162.51282348632813,0.0025699238499150567,0.017394994246228247,171.1647491455078,168.3393096923828,168.31980895996094
2022-01-13,168.3393096923828,172.67023424322653,167.94824595979313,171.8490227811223,84505800,171.5078582763672,162.95058166503907,-0.019028156952507258,0.016593839387173563,171.60462951660156,171.1647491455078,168.3393096923828
2022-01-14,169.19964599609375,169.89375992557677,167.2639139583208,167.5083232130091,80440800,171.54745178222657,163.37684661865234,0.005110727288136552,0.014115079032175149,168.3393096923828,171.60462951660156,171.1647491455078
2022-01-18,166.00277709960938,168.6814931182034,165.6214992398613,167.67452813175186,90956700,171.48194885253906,163.74952178955078,-0.01889406374147007,0.014690966199778666,169.19964599609375,168.3393096923828,171.60462951660156
2022-01-19,162.51263427734375,167.25418085979933,162.22912604138477,166.1983308501733,94815000,171.30988616943358,164.0418359375,-0.021024605029176024,0.015322685375679185,166.00277709960938,169.19964599609375,168.3393096923828
2022-01-20,160.83108520507812,165.88546757565922,160.50846314939517,163.24585020445963,91420500,170.89536743164064,164.316943359375,-0.010347189803076473,0.014699193666386208,162.51263427734375,166.00277709960938,169.19964599609375
2022-01-21,158.77806091308594,162.61039693927614,158.6705202245997,160.74310631081485,122848900,170.24866104125977,164.54375579833984,-0.012765096308181678,0.014251303389905186,160.83108520507812,162.51263427734375,166.00277709960938
2022-01-24,158.0056915283203,158.67049246380245,151.2404450916643,156.44148123567246,162294600,169.53205184936525,164.81162811279296,-0.00486445910929989,0.014143624687539902,158.77806091308594,160.83108520507812,162.51263427734375
2022-01-25,156.2068634033203,159.1202179477596,153.50859022634555,155.42475069595457,115798400,168.52752914428712,165.04450134277343,-0.011384578033871606,0.012674833390265074,158.0056915283203,158.77806091308594,160.83108520507812
2022-01-26,156.11886596679688,160.7137572085088,154.29068942101793,159.84366081362626,108275300,167.5694450378418,165.2341632080078,-0.0005633391171566693,0.012732173324159216,156.2068634033203,158.0056915283203,158.77806091308594
2022-01-27,155.6593780517578,160.1760566161972,154.74039680395836,158.8171416631375,121954600,166.5839859008789,165.4144400024414,-0.0029431927537623137,0.012667058436493545,156.11886596679688,156.2068634033203,158.0056915283203
2022-01-28,166.52093505859375,166.54049197821774,159.15932862262193,162.00425626677838,179935700,166.19928665161132,165.79239532470703,0.06977772327488285,0.021124613084979645,155.6593780517578,156.11886596679688,156.2068634033203
2022-01-31,170.87139892578125,171.0864802658057,165.71924760028926,166.3547206203823,115541600,166.06290512084962,166.20867309570312,0.026125627181091016,0.022036285161336582,166.52093505859375,155.6593780517578,156.11886596679688
2022-02-01,170.70523071289062,170.93008309016165,168.45666218750117,170.11864243059435,86213900,165.701180267334,166.535986328125,-0.0009724752880545529,0.021199484851869094,170.87139892578125,166.52093505859375,155.6593780517578
2022-02-02,171.90769958496094,171.94681342176997,169.45383589849953,170.84207875406224,84914300,165.5124954223633,166.8349475097656,0.007044124348437597,0.02112821415422681,170.70523071289062,170.87139892578125,166.52093505859375
2022-02-03,169.03343200683594,172.2987509371964,168.27087633720052,170.57810026310062,89418100,165.41375350952148,167.06723388671875,-0.016719830380281908,0.020604153907305193,171.90769958496094,170.70523071289062,170.87139892578125
2022-02-04,168.74960327148438,170.423499411506,167.07570713146276,168.05458991972742,82465400,165.44355545043945,167.2862176513672,-0.0016791278031915713,0.02024911624428223,169.03343200683594,171.90769958496094,170.70523071289062
2022-02-07,168.0349884033203,170.27662295458384,167.3399751947351,169.20964451994723,77251200,165.42931442260743,167.48054626464844,-0.004234764730168816,0.020274339761857867,168.74960327148438,169.03343200683594,171.90769958496094
2022-02-08,171.13807678222656,171.6471000057892,167.80986639624405,168.1035342150904,74829200,165.56925277709962,167.83724182128907,0.01846691816027124,0.02068591773818384,168.0349884033203,168.74960327148438,169.03343200683594
2022-02-09,172.5574493408203,172.91963117728815,171.20658637108463,172.33231049138615,71285000,165.63888778686524,168.1552590942383,0.008293727411696317,0.02043098670955123,171.13807678222656,168.0349884033203,168.74960327148438
2022-02-10,168.48524475097656,171.77429042410176,167.92728951408122,170.46259150846328,90865900,165.482918548584,168.2928952026367,-0.0235991236854729,0.02112428280059807,172.5574493408203,171.13807678222656,168.0349884033203
2022-02-11,165.0787811279297,169.4250227899619,164.4914455219278,168.690860750742,98670700,165.31989212036132,168.3727655029297,-0.020218171793510265,0.02118019693427699,168.48524475097656,172.5574493408203,171.13807678222656
2022-02-14,165.31370544433594,165.99892030677,163.04269054419584,163.83558309476695,86185500,165.12559509277344,168.4770831298828,0.0014231042584702536,0.021142329929606723,165.0787811279297,168.48524475097656,172.5574493408203
2022-02-15,169.14111328125,169.29773807776493,166.654758116967,167.35955476472148,62527400,165.28251190185546,168.69548950195312,0.02315239275912795,0.021353954602983262,165.31370544433594,165.0787811279297,168.48524475097656
2022-02-16,168.9061737060547,169.67948428764964,166.45896752351717,168.22095896225642,61177400,165.60218887329103,168.84115356445312,-0.0013890151876004841,0.0207229282267764,169.14111328125,165.31370544433594,165.0787811279297
2022-02-17,165.31370544433594,168.27971865617212,164.91235997613748,167.4182971510757,69589300,165.8263198852539,168.80038940429688,-0.02126901689200944,0.021207283127861774,168.9061737060547,169.14111328125,165.31370544433594
2022-02-18,163.76707458496094,166.93864489391834,162.68051421778296,166.23386310925557,82772700,166.07577056884764,168.65243591308592,-0.009355732818509543,0.02109929882929236,165.31370544433594,168.9061737060547,169.14111328125
2022-02-22,160.8499755859375,163.16992227378196,158.72578746937097,161.4960266681506,91162800,166.2179847717285,168.45630920410156,-0.017812487683597666,0.021507774173938916,163.76707458496094,165.31370544433594,168.9061737060547
2022-02-23,156.68975830078125,162.6413518716535,156.37650867254357,162.04423283731927,90009200,166.24212951660155,168.08136505126953,-0.02586395969288513,0.022183466065410468,160.8499755859375,163.76707458496094,165.31370544433594
2022-02-24,159.30337524414062,159.4110529381091,148.7901697172211,149.3579234730035,141147500,166.40135498046874,167.8312338256836,0.01668020278863591,0.022477881073336002,156.68975830078125,160.8499755859375,163.76707458496094
2022-02-25,161.3688201904297,161.6331077669388,157.47285626304333,160.38013909716133,91974200,166.68682708740235,167.64998107910156,0.012965481384959121,0.02260299355110763,159.30337524414062,156.68975830078125,160.8499755859375
2022-02-28,161.63311767578125,161.92678549313706,158.99992064321486,159.61662156600548,95056600,166.44243621826172,167.37683654785155,0.0016378472931739552,0.01603733758199817,161.3688201904297,159.30337524414062,156.68975830078125
2022-03-01,159.753662109375,163.08187242749526,158.54964050687724,161.2219862371019,83474400,165.8865493774414,167.20375427246094,-0.011627911367621091,0.014805692991045201,161.63311767578125,161.3688201904297,159.30337524414062
2022-03-02,163.04269409179688,163.82580321014547,159.50892707803538,160.91852050375005,79724800,165.50342254638673,167.11835144042968,0.02058814764552963,0.01573624257580009,159.753662109375,161.63311767578125,161.3688201904297
2022-03-03,162.71966552734375,165.34307890598984,162.0540324670775,164.91236813214016,76678400,165.04402084350585,167.0536669921875,-0.0019812513909470697,0.015586624110488508,163.04269409179688,159.753662109375,161.63311767578125
2022-03-04,159.7242889404297,162.0540345545001,158.67689221468046,161.01642127862274,83737200,164.57856369018555,166.86572357177735,-0.018408202703751986,0.01567131086187885,162.71966552734375,163.04269409179688,159.753662109375
2022-03-07,155.9359893798828,161.53519862355543,155.6814703637219,159.91025004561254,96418800,163.93788299560546,166.55019958496095,-0.02371774252793668,0.016354814233693695,159.7242889404297,162.71966552734375,163.04269409179688
2022-03-08,154.1153106689453,159.44043549933374,152.50994347183405,155.46617371481233,131148300,163.2418991088867,166.1857482910156,-0.011675808247844977,0.016449267017189524,155.9359893798828,159.7242889404297,162.71966552734375
2022-03-09,159.5089111328125,159.959203685233,156.04367342146804,158.06995256595388,91454900,162.66044082641602,165.84998016357423,0.03499717478072739,0.017990462098042944,154.1153106689453,155.9359893798828,159.7242889404297
2022-03-10,155.1724853515625,157.0029911685478,152.6861150001443,156.81700107101284,105342000,161.79119262695312,165.4478189086914,-0.02718610358790141,0.018522362680315138,159.5089111328125,154.1153106689453,155.9359893798828
2022-03-11,151.4625244140625,155.9164439341305,151.23738556277695,155.57382899544626,96970100,160.94005661010743,164.96969818115235,-0.0239086261272069,0.018538724880080414,155.1724853515625,159.5089111328125,154.1153106689453
2022-03-14,147.43930053710938,150.86538982544317,146.9302923114544,148.2517749321591,108732100,160.0580825805664,164.43418579101564,-0.02656250377786251,0.018861621169101936,151.4625244140625,155.1724853515625,159.5089111328125
2022-03-15,151.8148956298828,152.28477002224423,147.2043670461277,147.71337523300835,92964300,159.38314208984374,163.99850311279297,0.02967726431713591,0.020400092594744245,147.43930053710938,151.4625244140625,155.1724853515625
2022-03-16,156.2198486328125,156.62119402728206,151.19819175617425,153.73349374971625,102300200,158.73707885742186,163.56410552978517,0.029015288550266805,0.020848793133549447,151.8148956298828,147.43930053710938,151.4625244140625
2022-03-17,157.2281036376953,157.6000837703935,154.30125449850178,155.26055517399735,75615400,158.1531753540039,163.19503967285155,0.0064540774665111655,0.02096914907259821,156.2198486328125,151.8148956298828,147.43930053710938
2022-03-18,160.5171661376953,161.0066074424884,156.3862803303168,157.1204422875064,123511700,157.91334838867186,162.98521759033204,0.020919049609471108,0.021194333746763768,157.2281036376953,156.2198486328125,151.8148956298828
2022-03-21,161.8876190185547,162.83713639325782,159.56765695852218,160.05709828830467,95811400,157.81937561035156,162.85989868164063,0.008537734086856208,0.021212186876062022,160.5171661376953,157.2281036376953,156.2198486328125
2022-03-22,165.2549591064453,165.8422796739602,161.42752475473955,162.01484532225444,81532000,158.03962478637695,162.79860168457031,0.020800479420879592,0.0212975021456319,161.8876190185547,160.5171661376953,157.2281036376953
2022-03-23,166.61563110351562,168.99430889731204,164.1096788423283,164.44251031244588,98062700,158.53591842651366,162.76412811279297,0.00823377406903636,0.020328799553559707,165.2549591064453,161.8876190185547,160.5171661376953
2022-03-24,170.39410400390625,170.46261801995993,166.61561651162776,167.44765777264146,90131400,159.09045486450196,162.74871520996095,0.022677781642486572,0.020579689300776177,166.61563110351562,165.2549591064453,161.8876190185547
2022-03-25,171.03036499023438,171.578536843318,169.10196511927478,170.20810721060892,80546200,159.5735321044922,162.7372299194336,0.0037340551778337616,0.020461096194640763,170.39410400390625,166.61563110351562,165.2549591064453
2022-03-28,171.89178466796875,172.019029244763,168.36780145361686,168.53420969754978,90371900,160.08646545410156,162.80827941894532,0.005036647602217004,0.020462338061250817,171.03036499023438,170.39410400390625,166.61563110351562
2022-03-29,175.1808624267578,175.22979461470234,172.61617948078282,172.95879441578631,100589400,160.8578254699707,162.9279037475586,0.019134583803073202,0.020438912221386326,171.89178466796875,171.03036499023438,170.39410400390625
2022-03-30,174.01597595214844,175.81711647524634,172.96856432856262,174.77950323773482,92633200,161.40648956298827,163.08816772460938,-0.006649621759319824,0.020239309540546393,175.1808624267578,171.89178466796875,171.03036499023438
2022-03-31,170.92271423339844,174.27049138056103,170.7171422878286,174.0845012718467,103049300,161.816641998291,163.25636932373047,-0.017775734106163843,0.020763994170493738,174.01597595214844,175.1808624267578,171.89178466796875
2022-04-01,170.62904357910156,171.18701389593227,168.30909632537671,170.35495761395958,78751300,162.36187973022462,163.45232849121095,-0.0017181487879712742,0.02020014828736485,170.92271423339844,174.01597595214844,175.1808624267578
2022-04-04,174.67185974121094,174.72080687147195,170.7563283054037,170.8835878567689,76468400,163.298673248291,163.77020446777342,0.02369359915116198,0.019611148822966152,170.62904357910156,170.92271423339844,174.01597595214844
2022-04-05,171.36318969726562,174.53477477488693,170.73670541562527,173.7516656886956,73401800,164.16106719970702,164.03735443115235,-0.018942204249999706,0.020016468848124486,174.67185974121094,170.62904357910156,170.92271423339844
2022-04-06,168.20143127441406,169.96342328033663,166.53733352192953,168.72023795719042,89058800,164.5956932067871,164.27724578857422,-0.018450627748218262,0.01943157807419491,171.36318969726562,174.67185974121094,170.62904357910156
2022-04-07,168.50486755371094,169.69910564386342,166.26323274049562,167.54556668896316,77594700,165.26231231689454,164.5249658203125,0.0018040053345433904,0.018110556784681073,168.20143127441406,171.36318969726562,174.67185974121094
2022-04-08,166.4981689453125,168.15248323813117,165.6269638660641,168.15248323813117,76575500,166.01409454345702,164.74174163818358,-0.011908846536785034,0.017308349676182718,168.50486755371094,168.20143127441406,171.36318969726562
2022-04-11,162.24978637695312,165.46052001953282,162.0050657338506,165.1472853633742,72246700,166.7546188354492,164.65631866455078,-0.025516091830143695,0.01720958335940949,166.4981689453125,168.50486755371094,168.20143127441406
2022-04-12,164.11944580078125,166.28276779117587,163.12098145475815,164.4718441031093,79265200,167.36984634399414,164.52127960205078,0.01152333981805298,0.016290257588549538,162.24978637695312,166.4981689453125,168.50486755371094
2022-04-13,166.8015899658203,167.42807423573976,163.24825626550123,163.8551587010773,70618900,167.89893341064453,164.44320678710938,0.01634263479231346,0.0154942907274155,164.11944580078125,162.24978637695312,166.4981689453125
2022-04-14,161.79949951171875,167.65322825491936,161.55477886000992,167.01694559853848,75329400,168.12750320434571,164.24104278564454,-0.029988266029877475,0.017168179309530286,166.8015899658203,164.11944580078125,162.24978637695312
2022-04-18,161.58416748046875,163.08185675186522,160.11584349387897,160.45844346214486,69023900,168.18085327148438,164.0920574951172,-0.0013308572146381037,0.016558752952920704,161.79949951171875,166.8015899658203,164.11944580078125
2022-04-19,163.86492919921875,164.2760730051198,160.4486387361769,161.53519893963082,67723800,168.27971878051758,163.99436401367188,0.014115007394061019,0.01674779875908523,161.58416748046875,161.79949951171875,166.8015899658203
2022-04-20,163.69854736328125,165.31371275678185,162.59242008519655,165.19623667762264,67929800,168.20189819335937,163.90763519287108,-0.0010153596425457323,0.01606922892991715,163.86492919921875,161.58416748046875,161.79949951171875
2022-04-21,162.90565490722656,167.90774603308134,162.4064301142371,165.34307817395856,87227800,168.01639938354492,163.7429867553711,-0.004843613268571634,0.01596730590464192,163.69854736328125,163.86492919921875,161.58416748046875
2022-04-22,158.3734130859375,164.32502122927878,158.08954369720692,162.94480808191494,84882400,167.41536483764648,163.45930603027344,-0.02782126761572601,0.016018057561250642,162.90565490722656,163.69854736328125,163.86492919921875
2022-04-25,159.44041442871094,159.7242838315626,155.11375480994548,157.71757136622622,96046400,166.83586730957032,163.27840942382812,0.0067372504133282884,0.016103574610215228,158.3734130859375,162.90565490722656,163.69854736328125
2022-04-26,153.4888153076172,158.91181906878418,153.4105028966986,158.82372320771267,95623200,165.91571884155275,163.04661010742188,-0.03732804598143358,0.01765037745702088,159.44041442871094,158.3734130859375,162.90565490722656
2022-04-27,153.2636260986328,156.4156137171025,152.09875364091826,152.61756012327783,88063200,164.8198570251465,162.8056085205078,-0.0014671375795888286,0.016713511023214753,153.4888153076172,159.44041442871094,158.3734130859375
2022-04-28,160.18434143066406,161.0457628626786,155.57379800357486,155.88704759214835,130216800,164.12827529907227,162.62647308349608,0.045155628300073136,0.020319005005130276,153.2636260986328,153.4888153076172,159.44041442871094
2022-04-29,154.32081604003906,162.69026417943107,153.92926902509257,158.4223359956449,131747600,163.2981803894043,162.3347659301758,-0.03660485998978269,0.02140135134930247,160.18434143066406,153.2636260986328,153.4888153076172
2022-05-02,154.62432861328125,154.8886162063275,150.03336604127583,153.40072515321864,123055300,162.4979446411133,162.12097839355468,0.0019667636617697326,0.02144580387825819,154.32081604003906,160.18434143066406,153.2636260986328
2022-05-03,156.11221313476562,157.31624964341847,153.01895506893698,154.81029731534235,88966500,161.56996231079103,161.9678811645508,0.009622577086207507,0.020682738754848703,154.62432861328125,154.32081604003906,160.18434143066406
2022-05-04,162.51406860351562,162.96434616624182,155.89681367917365,156.29815906862677,108256500,161.12750625610352,162.00116302490235,0.04100803736107128,0.02284737817755977,156.11221313476562,154.62432861328125,154.32081604003906
2022-05-05,153.45945739746094,160.6150881198339,151.67788357069364,160.38994926297363,130525300,160.39040756225586,161.93655700683593,-0.05571586068739165,0.02558121800880368,162.51406860351562,156.11221313476562,154.62432861328125
2022-05-06,154.18487548828125,156.3023722983105,151.14587460582203,152.93986371222095,116124600,159.67440795898438,161.83418701171874,0.004727099281613301,0.025626017966347458,153.45945739746094,162.51406860351562,156.11221313476562
2022-05-09,149.06761169433594,152.76342612282588,148.5088364921623,151.88112823098254,131577900,158.80288009643556,161.58816284179687,-0.03318914243527249,0.026396763365527782,154.18487548828125,153.45945739746094,162.51406860351562
2022-05-10,151.46937561035156,153.65550196924158,149.92046680625165,152.45950928453797,115366700,158.26385955810548,161.38488800048827,0.01611190981539612,0.026350102106010565,149.06761169433594,154.18487548828125,153.45945739746094
2022-05-11,143.6169891357422,152.39085681137783,142.94056542836282,150.4792343504193,142689800,157.2387367248535,161.06215454101562,-0.05184141311052404,0.028240876884477246,151.46937561035156,149.06761169433594,154.18487548828125
2022-05-12,139.75453186035156,143.3228989996902,136.06853101088905,139.96040581157675,182602000,155.8863838195801,160.5963912963867,-0.02689415297336417,0.02807333113199134,143.6169891357422,151.46937561035156,149.06761169433594
2022-05-13,144.2150115966797,145.18553469561974,140.2937279042498,141.74459868206603,113990900,155.0071594238281,160.22629821777343,0.031916530197283466,0.02896965142667,139.75453186035156,143.6169891357422,151.46937561035156
2022-05-16,142.6759033203125,144.616949555646,141.3426662408205,142.68571610317943,86643800,154.0617462158203,159.8853305053711,-0.010672316698011608,0.028977007684767228,144.2150115966797,139.75453186035156,143.6169891357422
2022-05-17,146.3031005859375,146.8226694807634,143.7934664467187,145.9305738468132,78336300,153.18365478515625,159.6926727294922,0.025422633964207852,0.02949180202140056,142.6759033203125,144.2150115966797,139.75453186035156
2022-05-18,138.04881286621094,144.4601057389983,137.1469043666091,143.960147405131,109742900,151.90116806030272,159.3713427734375,-0.05641908945653584,0.031601091969409974,146.3031005859375,142.6759033203125,144.2150115966797
2022-05-19,134.6470947265625,138.87227582415818,133.91185397987616,137.1273056487035,136095600,150.48824005126954,158.8741064453125,-0.024641415373453324,0.03180621686809656,138.04881286621094,146.3031005859375,142.6759033203125
2022-05-20,134.8823699951172,137.93116906609265,130.00037534307543,136.3528515735585,137426100,149.3136878967285,158.46830413818358,0.0017473475312073106,0.031571477307297,134.6470947265625,138.04881286621094,146.3031005859375
2022-05-23,140.29371643066406,140.4407585737006,134.941158046499,135.07840236616943,117726300,148.35635299682616,158.24492797851562,0.04011900469826246,0.03320490813579164,134.8823699951172,134.6470947265625,138.04881286621094
2022-05-24,137.5978546142578,139.17617200488684,134.62748321427134,138.03899606760518,104132700,147.5618049621582,158.0480990600586,-0.01921584148594846,0.03254153997744361,140.29371643066406,134.8823699951172,134.6470947265625
2022-05-25,137.7547149658203,138.9997119005548,135.61760734755066,135.70583264997845,92482700,146.78635940551757,157.76689544677734,0.0011399912593277328,0.03256141317338688,137.5978546142578,140.29371643066406,134.8823699951172
2022-05-26,140.9505615234375,141.4995389264538,134.44123025043575,134.68631051667606,90601500,145.82467041015624,157.46150970458984,0.023199543902436615,0.031126575023956448,137.7547149658203,137.5978546142578,140.29371643066406
2022-05-27,146.69520568847656,146.73441193920726,142.4013957458045,142.5288422380691,90978500,145.44338989257812,157.25085174560547,0.040756447529893824,0.03190846445255829,140.9505615234375,137.7547149658203,137.5978546142578
2022-05-31,145.91098022460938,147.69517170019813,143.95033814163904,146.1364648342796,103718400,145.00772247314453,156.95872802734374,-0.0053459515611749,0.03190200108667709,146.69520568847656,140.9505615234375,137.7547149658203
2022-06-01,145.7835235595703,148.75389460714223,144.7737792988703,146.95009283292427,74286600,144.49128799438478,156.63664611816407,-0.0008735234650802948,0.03177977092229185,145.91098022460938,146.69520568847656,140.9505615234375
2022-06-02,148.23434448242188,148.29316134885798,143.96994216366954,144.92085472708317,72348100,143.77730178833008,156.2962338256836,0.016811371155054378,0.030451751363933816,145.7835235595703,145.91098022460938,146.69520568847656
2022-06-03,142.51905822753906,145.05808578629097,141.6171647882395,144.0091352358549,88570300,143.23028182983398,155.81430236816405,-0.03855574951161567,0.029135457252414117,148.23434448242188,145.7835235595703,145.91098022460938
2022-06-06,143.26406860351562,145.64625571792195,142.04846553260185,144.13655344098794,71598400,142.6842414855957,155.27170166015625,0.005227443860785996,0.029142912653725806,142.51905822753906,148.23434448242188,145.7835235595703
2022-06-07,145.7835235595703,146.06781003090646,141.26424373812603,141.50932395629872,67808200,142.52003707885743,154.76676483154296,0.017586091059770936,0.028605077860952427,143.26406860351562,142.51905822753906,148.23434448242188
2022-06-08,145.04827880859375,146.9206802540853,144.55811838609154,145.6560729457736,53950200,142.19898223876953,154.22989471435548,-0.005043400879771731,0.028339776434042396,145.7835235595703,143.26406860351562,142.51905822753906
2022-06-09,139.83297729492188,145.0384790561678,139.72514139394366,144.18560463111925,69473000,142.00978164672853,153.52293701171874,-0.03595562495818383,0.02705636278084507,145.04827880859375,145.7835235595703,143.26406860351562
2022-06-10,134.4314422607422,137.9899978151303,134.3628126010876,137.51944785790386,91437900,141.74362716674804,152.73124633789064,-0.03862847762146482,0.027765713437319733,139.83297729492188,145.04827880859375,145.7835235595703
2022-06-13,129.2847442626953,132.53940235521404,128.85340060932865,130.2552525242583,122207100,140.99711380004882,151.89848693847657,-0.038284927331690644,0.0277467993023871,134.4314422607422,139.83297729492188,145.04827880859375
2022-06-14,130.14739990234375,131.25516732822615,128.89259032192393,130.5101288143863,84784300,140.37068862915038,151.08885406494142,0.006672524624371734,0.02783377735736617,129.2847442626953,134.4314422607422,139.83297729492188
2022-06-15,132.76483154296875,134.63724775917188,129.5591934714462,131.6472664900923,91533000,139.69377517700195,150.25071350097656,0.020111286453582622,0.027560118205385033,130.14739990234375,129.2847442626953,134.4314422607422
2022-06-16,127.50052642822266,129.78467578709342,126.50059498012912,129.48077871917013,108123900,139.16636085510254,149.3734602355957,-0.03965135234659134,0.026114048985928964,132.76483154296875,130.14739990234375,129.2847442626953
2022-06-17,128.9710235595703,130.4611156124141,127.25546187351353,127.5103548974603,134520300,138.88255729675294,148.58885208129882,0.011533263214999145,0.025834245774460727,127.50052642822266,132.76483154296875,130.14739990234375
2022-06-21,133.1962127685547,134.36279718069025,130.69640612370614,130.79442925101708,81000500,138.7982494354248,147.8826789855957,0.032760763560450545,0.026966397679543477,128.9710235595703,127.50052642822266,132.76483154296875
2022-06-22,132.68643188476562,135.04899374439103,131.27476747959807,132.1374396483602,73409200,138.4178852081299,147.20644424438476,-0.003827292632372914,0.025236066718713306,133.1962127685547,128.9710235595703,127.50052642822266
2022-06-23,135.54898071289062,135.86267563561398,132.96093402675356,134.1275183400123,72433800,138.31544151306153,146.67242813110352,0.02157378706672164,0.025459525307145434,132.68643188476562,133.1962127685547,128.9710235595703
2022-06-24,138.8722686767578,139.1173489130396,137.01946268880786,137.14689423988725,89116800,138.3713191986084,146.16748458862304,0.024517247908387496,0.02606529217543105,135.54898071289062,132.68643188476562,133.1962127685547
2022-06-27,138.8722686767578,140.6662578013618,138.19584483125837,139.89179587794544,70207900,138.2674045562744,145.6088981628418,0.0,0.025523253457225444,138.8722686767578,135.54898071289062,132.68643188476562
2022-06-28,134.7353057861328,140.59762053174873,134.61767206581916,139.3330131628478,67083400,137.66940956115724,145.06761428833008,-0.029789697612374155,0.02438076240425828,138.8722686767578,138.8722686767578,135.54898071289062
2022-06-29,136.4900665283203,137.90173093297278,133.98044756827542,134.75490940956817,66242400,137.19836387634277,144.5657322692871,0.01302376338517286,0.024670028231468723,134.7353057861328,138.8722686767578,138.8722686767578
2022-06-30,134.0294952392578,135.6470189893978,131.13755113159218,134.54906419941244,98964500,136.61066246032715,143.9690235900879,-0.01802747519763248,0.024887987287879488,136.4900665283203,134.7353057861328,138.8722686767578
2022-07-01,136.1959686279297,136.3038045198631,132.9903302157903,133.36284196732555,71051600,136.00874366760254,143.41897201538086,0.016164153903620138,0.024860048493941585,134.0294952392578,136.4900665283203,134.7353057861328
2022-07-05,138.77423095703125,138.82324999611623,134.23534018265374,135.05882114715405,73353800,135.82150230407714,142.93634353637697,0.0189305333709624,0.0239525953552787,136.1959686279297,134.0294952392578,136.4900665283203
2022-07-06,140.10743713378906,141.28381901974345,138.30365057809186,138.56834136394644,74064300,135.6636707305908,142.571024017334,0.009607015420396214,0.024032941578074382,138.77423095703125,136.1959686279297,134.0294952392578
2022-07-07,143.469970703125,143.66603189279604,140.4603783389641,140.47017616296918,66253700,135.54799308776856,142.25161514282226,0.02399967937551417,0.024332617460193197,140.10743713378906,138.77423095703125,136.1959686279297
2022-07-08,144.1463623046875,144.646335480772,142.14651447587394,142.4013924960781,64547800,135.50289726257324,142.06476608276367,0.004714516900279575,0.02433488252989923,143.469970703125,140.10743713378906,138.77423095703125
2022-07-11,142.01907348632812,143.7542455393016,140.95052737444695,142.8033331399919,63141600,135.61220207214356,141.8398750305176,-0.01475783907652728,0.023118962879962058,144.1463623046875,143.469970703125,140.10743713378906
2022-07-12,142.98960876464844,145.52863633565593,142.19555121961218,142.89157069008422,77588800,136.04011039733888,141.49598037719727,0.006833837557838729,0.02116675953968474,142.01907348632812,144.1463623046875,143.469970703125
2022-07-13,142.6269073486328,143.56800712971256,139.3232154144063,140.17610485424197,71185600,136.70721855163575,141.26210220336915,-0.0025365578600372585,0.01885274429577771,142.98960876464844,142.01907348632812,144.1463623046875
2022-07-14,145.54820251464844,146.01875222020254,140.4309277214179,141.24459562470227,78140700,137.47725868225098,141.08057968139647,0.02048207607050534,0.019163970842089026,142.6269073486328,142.98960876464844,142.01907348632812
2022-07-15,147.21478271484375,147.8912065060331,145.2835494113212,146.83245817528143,76259900,138.19975624084472,140.90263107299805,0.011450366073930685,0.01891945245017388,145.54820251464844,142.6269073486328,142.98960876464844
2022-07-18,144.17578125,148.58722466683977,143.81305239727462,147.77355664160174,81420900,139.03351898193358,140.53586532592774,-0.020643317259315785,0.016910650643601175,147.21478271484375,145.54820251464844,142.6269073486328
2022-07-19,148.02842712402344,148.25389669881054,144.01891901249385,145.0090375439563,82982400,139.98638916015625,140.427244720459,0.026721865771221154,0.017489168785349656,144.17578125,147.21478271484375,145.54820251464844
2022-07-20,150.02830505371094,150.6949310490213,147.41085002655058,148.14609070693865,64823400,140.82799377441407,140.3441133117676,0.013510093760652708,0.016502136329111627,148.02842712402344,144.17578125,147.21478271484375
2022-07-21,152.2928466796875,152.50851845862235,148.94994906470606,151.45956799212024,65086600,141.80831451416014,140.4086180114746,0.015094095911873717,0.016445495277295608,150.02830505371094,148.02842712402344,144.17578125
2022-07-22,151.05763244628906,153.2045374479934,150.3910214648786,152.3320525114364,66675400,142.58374710083007,140.40038314819336,-0.00811078301002821,0.0164045738881458,152.2928466796875,150.02830505371094,148.02842712402344
2022-07-25,149.9400634765625,151.9889303599999,149.28325033510924,150.97920113195147,53623900,143.13713684082032,140.52684463500975,-0.0073982952839137806,0.01601093129561029,151.05763244628906,152.2928466796875,150.02830505371094
2022-07-26,148.6166229248047,150.07729118277658,147.83236337932289,149.26362321320852,55138700,143.62435455322264,140.70408645629882,-0.008826463862106393,0.016245850128184424,149.9400634765625,151.05763244628906,152.2928466796875
2022-07-27,153.7045135498047,154.2338952339947,149.1656377708993,149.5773707705413,78620700,144.57281494140625,140.89387649536133,0.034235003627920646,0.015632753260712336,148.6166229248047,149.9400634765625,151.05763244628906
2022-07-28,154.25347900390625,154.53776544520662,151.37133354934207,153.89075014754778,81378700,145.46098556518555,141.12542800903321,0.0035715636543338647,0.015575025842076635,153.7045135498047,148.6166229248047,149.9400634765625
2022-07-29,159.3119659423828,160.4099356728857,156.36120501340108,158.06696899861157,101786900,146.7251091003418,141.3856053161621,0.03279334100690501,0.015551258279391777,154.25347900390625,153.7045135498047,148.6166229248047
2022-08-01,158.3316192626953,160.3706884793457,157.72382510643268,157.84145882480365,67829400,147.83189163208007,141.7912614440918,-0.0061536286611518776,0.015793234104563167,159.3119659423828,154.25347900390625,153.7045135498047
2022-08-02,156.8611297607422,159.2139087149108,156.4886180191764,156.94937000342367,59907000,148.73623657226562,142.2355421447754,-0.009287402660320021,0.01599402909232804,158.3316192626953,159.3119659423828,154.25347900390625
2022-08-03,162.8607177734375,163.311657015849,157.58658648416494,157.67481177613547,82507500,149.87390060424804,142.7951091003418,0.038247767447846304,0.017518541249501782,156.8611297607422,158.3316192626953,159.3119659423828
2022-08-04,162.54696655273438,163.8998138528489,161.19411925261988,162.74302769340886,55474100,150.8277503967285,143.24017410278321,-0.0019265002941937226,0.01720512824014078,162.8607177734375,156.8611297607422,158.3316192626953
2022-08-05,162.3212432861328,162.81208464474912,160.0142829089203,160.22044287042655,56697000,151.7364944458008,143.7346418762207,-0.0013886648972211146,0.017290521755989403,162.54696655273438,162.8607177734375,156.8611297607422
2022-08-08,161.85003662109375,164.73618641729826,161.19231095001098,163.32256080452132,60276900,152.72804260253906,144.21654830932619,-0.002902926662583738,0.01673219876089995,162.3212432861328,162.54696655273438,162.8607177734375
2022-08-09,161.89910888671875,162.78263230320212,160.25970057725633,161.0156004495246,63135500,153.67351760864258,144.6355192565918,0.0003031958883017438,0.016792822081214034,161.85003662109375,162.3212432861328,162.54696655273438
2022-08-10,166.13998413085938,166.23814341245296,163.8428352480907,164.60854654925055,70170500,154.84917144775392,145.02441482543946,0.02619455581505381,0.017215148694091662,161.89910888671875,161.85003662109375,162.3212432861328
2022-08-11,165.40371704101562,167.85792369494868,165.10920924668594,166.94495103045548,57149200,155.84194717407226,145.41426956176758,-0.004431606838627311,0.01715030039524413,166.13998413085938,161.89910888671875,161.85003662109375
2022-08-12,168.9475860595703,169.01629605421468,166.29703098384925,166.70935086886797,68039400,156.9285873413086,145.87755081176758,0.0214255706096127,0.01744278604824637,165.40371704101562,166.13998413085938,161.89910888671875
2022-08-15,170.017578125,170.2139116101504,168.2112860947607,168.3781703061028,54091700,158.2206771850586,146.31321548461915,0.006333278210038484,0.016186248001282065,168.9475860595703,165.40371704101562,166.13998413085938
2022-08-16,169.8605499267578,170.52810192661653,168.51564947224608,169.61512926108554,56377100,159.31228332519532,146.8600453186035,-0.0009235997828809239,0.015712774295019615,170.017578125,168.9475860595703,165.40371704101562
2022-08-17,171.35267639160156,172.92335934005538,169.4089493149704,169.60528281111644,79542000,160.37850189208984,147.42181747436524,0.008784420311173768,0.015645396061125343,169.8605499267578,170.017578125,168.9475860595703
2022-08-18,170.96002197265625,171.6962839363271,169.94889007422466,170.56735491708034,62290100,161.31186065673828,147.92534744262696,-0.0022914986051805197,0.015642220406819826,171.35267639160156,169.8605499267578,170.017578125
2022-08-19,168.378173828125,170.55751001123525,168.1720139278697,169.8605088981945,70346300,162.1778877258301,148.39194534301757,-0.01510205786557628,0.016045027982292237,170.96002197265625,171.35267639160156,169.8605499267578
2022-08-22,164.5005645751953,166.74861119438174,164.07843325743647,166.58172694573366,69026800,162.90591278076172,148.88529708862305,-0.023029168001832745,0.017058274809766467,168.378173828125,170.96002197265625,171.35267639160156
2022-08-23,164.16677856445312,165.6196796113523,163.5974008535258,164.0195321647684,54147100,163.68342056274415,149.48000381469726,-0.0020290873262602815,0.016839193833823776,164.5005645751953,168.378173828125,170.96002197265625
2022-08-24,164.46127319335938,165.03065085876125,163.20472075222654,164.2551282502834,53841500,164.22125854492188,150.18353439331054,0.0017938746893948476,0.01538701098220385,164.16677856445312,164.5005645751953,168.378173828125
2022-08-25,166.9154815673828,167.02346724627097,165.2662620854037,165.688378388784,51218200,164.8543586730957,150.91889602661132,0.014922712966827012,0.0155977291474312,164.46127319335938,164.16677856445312,164.5005645751953
2022-08-26,160.62289428710938,167.91680343416758,160.56399573070382,167.44560000363606,78961000,164.91990509033204,151.47605728149415,-0.037699242881392925,0.01669099624271925,166.9154815673828,164.46127319335938,164.16677856445312
2022-08-29,158.42393493652344,159.91608162954805,156.89251255304256,158.19813716461735,73314000,164.92452087402344,152.09452545166016,-0.013690198774872986,0.016933432819231254,160.62289428710938,166.9154815673828,164.46127319335938
2022-08-30,155.9991912841797,159.58232691391927,154.83098655063566,159.1602105704912,77906200,164.8814239501953,152.63508880615234,-0.015305412362818016,0.01716216581440103,158.42393493652344,160.62289428710938,166.9154815673828
2022-08-31,154.34014892578125,157.6386032608909,154.2616125155062,157.37354474862363,87991100,164.4553955078125,153.0579675292969,-0.010634942045155915,0.01471433859087857,155.9991912841797,158.42393493652344,160.62289428710938
2022-09-01,155.0666046142578,155.51817026416148,151.836860169279,153.77077627080038,74229900,164.08137741088868,153.5055709838867,0.004706848435308331,0.01480432490724662,154.34014892578125,155.9991912841797,158.42393493652344
2022-09-02,152.95594787597656,157.42260624530542,152.1313381712874,156.8237793213389,76957800,163.61311264038085,153.85371032714843,-0.013611291377222723,0.01501771613543953,155.0666046142578,154.34014892578125,155.9991912841797
2022-09-06,151.6994171142578,154.21252227519972,150.87480729194033,153.60388383195894,73714800,163.10558166503907,154.11025329589845,-0.008214984635560585,0.015065426455510103,152.95594787597656,155.0666046142578,154.34014892578125
2022-09-07,153.1032257080078,153.80021196934476,150.79626559392008,151.9841081371773,87449600,162.66578750610353,154.39487243652343,0.009253882582110906,0.015303683175030785,151.6994171142578,152.95594787597656,155.0666046142578
2022-09-08,151.63072204589844,153.4959132532277,149.88331299426738,151.80741774838046,84923800,161.94032440185546,154.73278076171874,-0.009617718080725979,0.013765525360099026,153.1032257080078,151.6994171142578,152.95594787597656
2022-09-09,154.48736572265625,154.92913481819144,151.91536244109605,152.62217501880943,68028800,161.3945068359375,155.09272674560546,0.018839478162566037,0.014719240251587173,151.63072204589844,153.1032257080078,151.6994171142578
2022-09-12,160.4364013671875,161.25119983056848,156.38206187837264,156.66674327917335,104956000,160.96894760131835,155.62086486816406,0.038508234098646454,0.016604692793585722,154.48736572265625,151.63072204589844,153.1032257080078
2022-09-13,151.02206420898438,157.59933535695706,150.56067213786503,156.97105902298662,122656600,160.01917190551757,155.91738677978515,-0.05867955824225157,0.02066250399215767,160.4364013671875,154.48736572265625,151.63072204589844
2022-09-14,152.46514892578125,154.2223694761001,150.79629120920487,151.9546696901294,87965400,159.14940185546874,156.19120513916016,0.009555456180230237,0.020921264680203944,151.02206420898438,160.4364013671875,154.48736572265625
2022-09-15,149.57896423339844,152.39640331677907,148.6071081028978,151.81719923234522,90481100,158.0607162475586,156.38063568115234,-0.01893012739447608,0.020865621118194726,152.46514892578125,151.02206420898438,160.4364013671875
2022-09-16,147.93955993652344,148.57766259301448,145.65223775657734,148.44022763272653,162278800,156.90969314575196,156.47002746582032,-0.010960126012885874,0.02086226131147274,149.57896423339844,152.46514892578125,151.02206420898438
2022-09-19,151.65032958984375,151.72886599832884,146.36888718799335,146.5750321533895,81474200,156.07330093383788,156.62010681152344,0.025083011298076663,0.021947391130270374,147.93955993652344,149.57896423339844,152.46514892578125
2022-09-20,154.02597045898438,155.1843635395565,150.2759512881002,150.59008188296497,107689800,155.54957122802733,156.86024475097656,0.015665253584122185,0.021978695496764167,151.65032958984375,147.93955993652344,149.57896423339844
2022-09-21,150.90423583984375,155.83228620825895,150.78643873263653,154.45792171393398,101696800,154.88644409179688,157.01853729248046,-0.020267586107966862,0.022309885454796563,154.02597045898438,151.65032958984375,147.93955993652344
2022-09-22,149.9422149658203,151.64052177438083,148.14573389948876,149.58880860884872,86652500,154.1604911804199,157.1648434448242,-0.006375042215809201,0.022273668953902717,150.90423583984375,154.02597045898438,151.65032958984375
2022-09-23,147.6744842529297,148.69544239271363,145.83874285871622,148.42057250414538,96029900,153.19844131469728,157.20736907958985,-0.015124031036940155,0.021914133885212357,149.9422149658203,150.90423583984375,154.02597045898438
2022-09-26,148.00827026367188,150.95331767501642,146.898964278694,146.91860212230296,93339400,152.56771011352538,157.2232388305664,0.00226028221754615,0.02064475288163401,147.6744842529297,149.9422149658203,150.90423583984375
2022-09-27,148.9801483154297,151.88593544780034,147.20330517830297,149.9422080635759,84442700,152.09552078247071,157.319326171875,0.006566376662779927,0.020634866405193717,148.00827026367188,147.6744842529297,149.9422149658203
2022-09-28,147.09532165527344,147.8806707549768,142.1869085062377,144.93562286555536,146691400,151.65032730102538,157.3006640625,-0.012651528955157088,0.020559044463825005,148.9801483154297,148.00827026367188,147.6744842529297
2022-09-29,139.87014770507812,144.0324877695267,138.10311583907216,143.42384928540386,128138200,150.92682723999025,157.09750091552735,-0.04911899215345494,0.022994396416845107,147.09532165527344,148.9801483154297,148.00827026367188
2022-09-30,135.66851806640625,140.4787712884576,135.47218456289696,138.69210195416497,124925300,149.95692291259766,156.76501434326173,-0.030039502407126828,0.023555560427991416,139.87014770507812,147.09532165527344,148.9801483154297
2022-10-03,139.84066772460938,140.44932105441077,135.16786446408517,135.67834355315813,114311700,149.3011589050293,156.54067504882812,0.030752526213642106,0.02489102194194832,135.66851806640625,139.87014770507812,147.09532165527344
2022-10-04,143.42384338378906,143.5416405102459,141.61753589548164,142.37343574191996,87830100,148.88738021850585,156.41035064697266,0.025623273383077017,0.025737585440113512,139.84066772460938,135.66851806640625,139.87014770507812
2022-10-05,143.7183380126953,144.68039782185656,140.39043433471556,141.43103055560152,79471000,148.41813583374022,156.31238494873048,0.0020533170912051535,0.0256148360576774,143.42384338378906,139.84066772460938,135.66851806640625
2022-10-06,142.76612854003906,144.83747993609245,142.5599835315962,143.13917281341946,68402200,147.97490615844725,156.09361724853517,-0.006625525217054284,0.025581900297160644,143.7183380126953,143.42384338378906,139.84066772460938
2022-10-07,137.52391052246094,140.47878470691822,136.8956342636469,139.9290298735793,85925600,147.1267333984375,155.75902587890624,-0.03671891975489083,0.026131238540482087,142.76612854003906,143.7183380126953,143.42384338378906
2022-10-10,137.84788513183594,139.2909599221613,136.03178109548642,137.84788513183594,74899000,145.99730758666993,155.3297442626953,0.00235576932145265,0.024100354415036076,137.52391052246094,142.76612854003906,143.7183380126953
2022-10-11,136.4342498779297,138.76084793369003,135.68817645989057,137.33739611427865,77033700,145.26791687011718,154.891796875,-0.010255037663829736,0.02088223411107976,137.84788513183594,137.52391052246094,142.76612854003906
2022-10-12,135.8059539794922,137.78895683135124,135.6292583188671,136.5814915458878,70433700,144.43495712280273,154.470693359375,-0.004605118575428446,0.020606065780327417,136.4342498779297,137.84788513183594,137.52391052246094
2022-10-13,140.3707733154297,140.95977377434966,131.90866074826354,132.5173140288845,113224000,143.97454757690429,154.02089447021484,0.033612807113205356,0.022107258339399742,135.8059539794922,136.4342498779297,137.84788513183594
2022-10-14,135.84523010253906,141.87276009592642,135.65870802953629,141.66660017858484,88598000,143.36983108520508,153.48685974121094,-0.032239925064181274,0.023007406881658532,140.3707733154297,135.8059539794922,136.4342498779297
2022-10-17,139.80142211914062,140.282437004532,137.7006219624551,138.48597103526853,85250900,142.77738571166992,153.0364633178711,0.029122789321460507,0.0232921671079273,135.84523010253906,140.3707733154297,135.8059539794922
2022-10-18,141.1168975830078,144.01285874624452,138.03441429758362,142.8250309880353,99136600,142.1319320678711,152.62180053710938,0.009409600016415665,0.02305783481941015,139.80142211914062,135.84523010253906,140.3707733154297
2022-10-19,141.22488403320312,142.2949146585481,138.9081120945048,139.09463421767856,61758300,141.64796447753906,152.20831604003905,0.0007652269291973379,0.0227599926765881,141.1168975830078,139.80142211914062,135.84523010253906
2022-10-20,140.76345825195312,143.21766459219867,140.0370077826972,140.40024050696854,64522000,141.18902664184571,151.70078552246093,-0.003267312162504643,0.022746785172176317,141.22488403320312,141.1168975830078,139.80142211914062
2022-10-21,144.57237243652344,145.14175003074126,140.0369895251427,140.25296085326963,86548600,141.0339210510254,151.28415863037108,0.027058969933466015,0.02349756302651217,140.76345825195312,141.22488403320312,141.1168975830078
2022-10-24,146.7124481201172,147.47815927955588,143.32564645655586,144.49385104011358,75981900,140.96912994384766,150.83945587158203,0.014802798401426065,0.023749477616553955,144.57237243652344,140.76345825195312,141.22488403320312
2022-10-25,149.5495147705078,149.69677613929844,146.62410499116672,147.3407290522299,74732300,140.99759826660156,150.43009460449218,0.019337600092855345,0.02410910125574656,146.7124481201172,144.57237243652344,140.76345825195312
2022-10-26,146.61431884765625,149.2059606049606,145.32830191392304,148.19482861119383,88194300,140.9735481262207,149.96516998291017,-0.019626917060585503,0.024358059611926226,149.5495147705078,146.7124481201172,144.57237243652344
2022-10-27,142.14764404296875,146.31979510961392,141.48991849585923,145.35775035197634,109180200,141.08742294311523,149.3810693359375,-0.030465474585253283,0.022672248643700942,146.61431884765625,149.5495147705078,146.7124481201172
2022-10-28,152.88723754882812,154.61499335183578,145.11231396636444,145.4853431294892,164762400,141.94835891723633,149.01961364746094,0.07555238483314564,0.026943033690705963,142.14764404296875,146.61431884765625,149.5495147705078
2022-10-31,150.5312042236328,151.4147275390832,149.13721674827332,150.35450854811523,97943200,142.4828857421875,148.6626742553711,-0.015410268135970906,0.02671727338423277,152.88723754882812,142.14764404296875,146.61431884765625
2022-11-01,147.89044189453125,152.60252022961126,146.39829548886178,152.23930254891707,80379300,142.70621566772462,148.33047180175782,-0.017542956244330443,0.02662397043385583,150.5312042236328,152.88723754882812,142.14764404296875
2022-11-02,142.37342834472656,149.3826416112209,142.34397906464244,146.22162239502856,93604600,142.63897018432618,147.8946047973633,-0.03730473368751697,0.028026974173652176,147.89044189453125,150.5312042236328,152.88723754882812
2022-11-03,136.33607482910156,140.18426855678922,136.20845130657773,139.45781809061094,97918500,142.3174674987793,147.33210083007813,-0.04240505820374607,0.029564988869323836,142.37342834472656,147.89044189453125,150.5312042236328
2022-11-04,136.07058715820312,140.28898493787645,132.1373429796548,139.71866273149064,140814800,142.24480133056642,146.71520294189452,-0.0019473031714549727,0.028408914285299354,136.33607482910156,142.37342834472656,147.89044189453125
2022-11-07,136.60157775878906,136.8277351131925,133.40581664759068,134.82178704829124,83374600,142.18248596191407,146.23477661132813,0.0039023172580903154,0.028418204578494737,136.07058715820312,136.33607482910156,142.37342834472656
2022-11-08,137.171875,139.06965789658196,135.19542542837,138.06669154902085,89908500,142.21936721801757,145.80973541259766,0.004174894979748878,0.02832919088397537,136.60157775878906,136.07058715820312,136.33607482910156
2022-11-09,132.61915588378906,136.2377483327938,132.3438299914245,136.18857977969958,74917800,142.0600273132324,145.34213470458985,-0.03318988762245134,0.029312085719042046,137.171875,136.60157775878906,136.07058715820312
2022-11-10,144.41888427734375,144.41888427734375,137.17188688278108,138.88285345399055,118854000,142.26243286132814,145.1437094116211,0.08897454002719263,0.03482653998635855,132.61915588378906,137.171875,136.60157775878906
2022-11-11,147.20166015625,147.50648417895965,141.96061049585242,143.38642351170455,93979700,142.83025436401368,144.98641052246094,0.01926878117658193,0.034058455548717774,144.41888427734375,132.61915588378906,137.171875
2022-11-14,145.8053741455078,147.77199641885335,144.96955367768106,146.48386123047396,73374100,143.13045196533204,144.84339904785156,-0.009485531679874204,0.033685108602055015,147.20166015625,144.41888427734375,132.61915588378906
2022-11-15,147.53599548339844,151.02675299903876,146.0806992107757,149.67962155098414,89868300,143.45140686035157,144.76013061523437,0.011869393347350377,0.033715641194477966,145.8053741455078,147.20166015625,144.41888427734375
2022-11-16,146.3068389892578,147.36881668355312,144.83187247009243,146.6411761367448,64218300,143.70550460815429,144.62420288085937,-0.008331231236914927,0.03380510531112067,147.53599548339844,145.8053741455078,147.20166015625
2022-11-17,148.2046661376953,148.95197725260945,143.71092672522755,143.98625266251898,80389400,144.07756500244142,144.55568176269531,0.01297155458725241,0.03385936600241206,146.3068389892578,147.53599548339844,145.8053741455078
2022-11-18,148.76512145996094,150.15159363499748,147.4671586821555,149.76810292744864,74829600,144.28720245361328,144.4412368774414,0.0037816307466655985,0.03338963901064303,148.2046661376953,146.3068389892578,147.53599548339844
2022-11-21,145.5398712158203,147.8604860232478,145.2547175972566,147.65399909356225,58724100,144.22857360839845,144.14330627441407,-0.021680150646122276,0.03364588280116772,148.76512145996094,148.2046661376953,146.3068389892578
2022-11-22,147.67364501953125,147.9096450709946,144.47788413446048,145.65786938764137,51804100,144.1347801208496,144.076337890625,0.014661094488305437,0.03352133439493823,145.5398712158203,148.76512145996094,148.2046661376953
2022-11-23,148.548828125,149.29613922514196,146.84768896962234,146.95585380028717,58301400,144.23150558471679,143.99801147460937,0.00592646782269779,0.033224025529147,147.67364501953125,145.5398712158203,148.76512145996094
2022-11-25,145.63821411132812,146.3953678932279,144.66473067745702,145.83487333926465,35195900,144.40603408813476,143.91919647216798,-0.019593651800623224,0.032765020020770835,148.548828125,147.67364501953125,145.5398712158203
2022-11-28,141.8131561279297,144.192767660707,140.98717824134044,142.717800718595,69246000,143.85233001708986,143.7966683959961,-0.026264109366752497,0.02829248434889451,145.63821411132812,148.548828125,147.67364501953125
2022-11-29,138.8140411376953,142.393293327039,138.00773375100172,141.88196729880755,83763800,143.26647186279297,143.53994262695312,-0.021148355146463738,0.028449545054804817,141.8131561279297,145.63821411132812,148.548828125
2022-11-30,145.5595245361328,146.23801151936658,138.20436253781247,139.04016787618127,111380900,143.14992599487306,143.37061370849608,0.04859366778139096,0.03052025702926938,138.8140411376953,141.8131561279297,145.63821411132812
2022-12-01,145.8348846435547,146.64120704597445,144.16325857031342,145.73656252403373,71250400,143.32299880981446,143.2692266845703,0.0018917354140814968,0.02925538647465529,145.5595245361328,138.8140411376953,141.8131561279297
2022-12-02,145.34320068359375,145.53003217962117,143.21924526160134,143.52408428382984,65447400,143.77335510253906,143.17724639892577,-0.003371511289378404,0.027409063991021006,145.8348846435547,145.5595245361328,138.8140411376953
2022-12-05,144.1829071044922,148.4013049961633,143.33725898348703,145.3038811249747,68826400,144.17897109985353,143.10741485595702,-0.007983129404363964,0.027505839363925613,145.34320068359375,145.8348846435547,145.5595245361328
2022-12-06,140.5249786376953,144.84171332835018,139.55149534602168,144.61555599946504,64727200,144.37514114379883,142.9577490234375,-0.025370056272661423,0.028238271102888943,144.1829071044922,145.34320068359375,145.8348846435547
2022-12-07,138.5878448486328,140.97728320609625,137.6635301739463,139.8169835109002,69721100,144.44593963623046,142.74990295410157,-0.013784978356459088,0.028443089065631918,140.5249786376953,144.1829071044922,145.34320068359375
2022-12-08,140.26931762695312,141.12480845757423,138.7451974772698,139.9841640195035,62128300,144.82844772338868,142.61338287353516,0.012132902276940971,0.027370481769739486,138.5878448486328,140.5249786376953,144.1829071044922
2022-12-09,139.7875213623047,143.14061609699272,138.5485396692002,139.9645101732408,76097000,144.5968795776367,142.61173034667968,-0.003434794385538953,0.018474451146436203,140.26931762695312,138.5878448486328,140.5249786376953
2022-12-12,142.07861328125,142.0884409898644,138.7058487137347,140.31847817047847,70462700,144.34072723388672,142.73993225097655,0.016389817178367405,0.01831490258588234,139.7875213623047,140.26931762695312,138.5878448486328
2022-12-13,143.04226684570312,147.4671667934874,141.83279839446703,147.00500937638787,93886200,144.20257186889648,142.80396423339843,0.006782537795083421,0.018308041411659377,142.07861328125,139.7875213623047,140.26931762695312
2022-12-14,140.8199920654297,144.21241242784126,138.80420126905452,142.92427726159215,82291200,143.86677169799805,142.75188720703125,-0.015535791128579945,0.018335595889574865,143.04226684570312,142.07861328125,139.7875213623047
2022-12-15,134.22195434570312,139.43350575702271,133.7597969655739,138.75501875197617,98931900,143.2625274658203,142.5619595336914,-0.04685441053469808,0.020865926758175904,140.8199920654297,143.04226684570312,142.07861328125
2022-12-16,132.26513671875,135.3527321802719,131.49815545789718,134.40876216882202,160156900,142.46555099487304,142.35193969726564,-0.01457896836990713,0.02058752135632871,134.22195434570312,140.8199920654297,143.04226684570312
2022-12-19,130.16085815429688,132.94362978303496,129.12839371956332,132.85513540362356,79592600,141.53533782958985,142.20467864990235,-0.015909548174646293,0.020592538473836422,132.26513671875,134.22195434570312,140.8199920654297
2022-12-20,130.09202575683594,131.02616804412892,127.7222430565094,129.1972093009086,77432800,140.76294555664063,142.04956146240235,-0.000528825627281404,0.020310758930337028,130.16085815429688,132.26513671875,134.22195434570312
2022-12-21,133.18948364257812,134.5267873201525,130.5345467103143,130.76070405901197,85928000,140.03873748779296,141.9846661376953,0.023809744430699054,0.02088133140511961,130.09202575683594,130.16085815429688,132.26513671875
2022-12-22,130.02322387695312,132.31434056379908,128.12544063659777,132.10785363301125,77852100,139.11245727539062,141.86901153564452,-0.023772595846394684,0.021122402695711612,133.18948364257812,130.09202575683594,130.16085815429688
2022-12-23,129.65940856933594,130.21006041152802,127.4764566205478,128.7350936895975,63814900,138.31351699829102,141.65478424072265,-0.002798079425883837,0.020904103780882453,130.02322387695312,133.18948364257812,130.09202575683594
2022-12-27,127.85994720458984,129.2169213883547,126.57181200307966,129.1874232542848,69007800,137.61585655212403,141.49507858276368,-0.013878370915010207,0.020437551470867253,129.65940856933594,130.02322387695312,133.18948364257812
2022-12-28,123.93653106689452,128.84325132058044,123.76936998157429,127.50594763388185,85438400,136.871981048584,141.17778076171874,-0.03068526323898313,0.020940031265325197,127.85994720458984,129.65940856933594,130.02322387695312
2022-12-29,127.44696044921876,128.30243635978945,125.59833816334044,125.8539936642562,75703700,135.9663528442383,140.90438201904297,0.028324412117275655,0.01853999271041134,123.93653106689452,127.85994720458984,129.65940856933594
2022-12-30,127.76161193847656,127.78128236285382,125.30334153820444,126.26698977683236,77034200,135.06268920898438,140.63511657714844,0.002468881863864958,0.018554116395617236,127.44696044921876,123.93653106689452,127.85994720458984
2023-01-03,122.98271942138672,128.7154174535332,122.09773792777466,128.10576937065363,112117500,133.944665145874,140.2795018005371,-0.037404760667790526,0.01977916579516986,127.76161193847656,127.44696044921876,123.93653106689452
2023-01-04,124.25119018554688,126.51280869797894,122.99255318811517,124.77234386397704,89113600,132.94807929992675,139.8730781555176,0.010314219510904499,0.020204925452626275,122.98271942138672,127.76161193847656,127.44696044921876
2023-01-05,122.93355560302734,125.63766124201172,122.67790010774006,125.00834271164996,80962700,132.06850814819336,139.39750030517578,-0.010604603308442151,0.019771782412563034,124.25119018554688,122.98271942138672,127.76161193847656
2023-01-06,127.4567642211914,128.11558077623516,122.80570749443298,123.90701849100518,87754700,131.5119541168213,138.95564529418945,0.036793929826371086,0.021907271807616254,122.93355560302734,124.25119018554688,122.98271942138672
2023-01-09,127.9779281616211,131.18353181246084,127.72227268810084,128.2925949020793,70790800,130.8973846435547,138.58291748046875,0.0040889468959470765,0.021669037751099074,127.4567642211914,122.93355560302734,124.25119018554688
2023-01-10,128.54824829101562,129.06940194282927,125.98180587179893,128.0860909010472,63896200,130.33542098999024,138.3109295654297,0.0044563944547866274,0.021758251735947837,127.9779281616211,127.4567642211914,122.93355560302734
2023-01-11,131.26223754882812,131.28189297285235,128.28280535784592,129.05961472273617,69458900,129.79460220336915,137.87842956542968,0.021112611753902666,0.022014800923804905,128.54824829101562,127.9779281616211,127.4567642211914
2023-01-12,131.1835479736328,132.019353473187,129.2464237509339,131.6457054280313,71379600,129.20166625976563,137.4914764404297,-0.0005994837255920427,0.021890983105031025,131.26223754882812,128.54824829101562,127.9779281616211
2023-01-13,132.51101684570312,132.66835024455597,129.46276101465787,129.82658137088367,57809700,128.7862174987793,137.18388793945311,0.010119171897509105,0.02193654239460974,131.1835479736328,131.26223754882812,128.54824829101562
2023-01-17,133.6713104248047,134.99877137842552,131.89151977321038,132.5798345273993,63646600,128.75868530273436,137.0098455810547,0.008756204629028153,0.01944202951079244,132.51101684570312,131.1835479736328,131.26223754882812
2023-01-18,132.95346069335938,136.29671143241532,132.77645694611428,134.5365916913309,69672800,128.79310150146483,136.94219329833984,-0.005370260298668383,0.01918659926106102,133.6713104248047,132.51101684570312,131.1835479736328
2023-01-19,133.0124969482422,133.9761376268957,131.53753029546905,131.84235433638028,58280400,128.9356834411621,136.88103149414061,0.0004440369929066268,0.018797930971643242,132.95346069335938,133.6713104248047,132.51101684570312
2023-01-20,135.569091796875,135.71659745917918,131.98001240951498,133.02231973826562,80223600,129.20953674316405,136.86038177490235,0.01922071164206196,0.0192135787372512,133.0124969482422,132.95346069335938,133.6713104248047
2023-01-23,138.7550506591797,140.92817511679004,135.59861495460586,135.81494462926892,81760300,129.48781509399413,136.89204528808594,0.023500628499291354,0.019195429956904337,135.569091796875,133.0124969482422,132.95346069335938
2023-01-24,140.1513214111328,140.77081216801105,137.95854199183503,137.9683697007518,66435100,129.9942199707031,137.04268859863282,0.010062846327538288,0.0182514397008561,138.7550506591797,135.569091796875,133.0124969482422
2023-01-25,139.49252319335938,140.05300275817604,136.49342112366645,138.53871015801215,65799300,130.4858757019043,136.94416137695313,-0.0047006208085677015,0.018293186384887253,140.1513214111328,138.7550506591797,135.569091796875
2023-01-26,141.5574951171875,141.842648779811,139.53186132489677,140.78067082207204,54105100,131.17075309753417,136.83127807617188,0.014803459544320718,0.017953724232329507,139.49252319335938,140.1513214111328,138.7550506591797
2023-01-27,143.49456787109375,144.77287517943125,140.69214050710963,140.77080718806803,70555800,132.14865493774414,136.7850619506836,0.013683999934462454,0.015903153460257953,141.5574951171875,139.49252319335938,140.1513214111328
2023-01-30,140.61349487304688,143.12094131391822,140.46600420175812,142.54079133466578,64015300,132.80698165893554,136.64661193847655,-0.020077923790362884,0.016242374955263775,143.49456787109375,141.5574951171875,139.49252319335938
2023-01-31,141.8819580078125,141.93112656571586,139.90550801485074,140.31849689379183,65874500,133.51299896240235,136.55811431884766,0.009020920331372695,0.016253574354166102,140.61349487304688,143.49456787109375,141.5574951171875
2023-02-01,143.00291442871094,144.16322923439725,138.96152054070433,141.56728874190614,77663600,134.51400871276854,136.45407928466796,0.007900626948189604,0.012757848475229679,141.8819580078125,140.61349487304688,143.49456787109375
2023-02-02,148.30296325683594,148.65694079146772,145.69718026187857,146.4149930473278,118339000,135.71659736633302,136.44483612060546,0.03706252316114256,0.01435437682852264,143.00291442871094,141.8819580078125,140.61349487304688
2023-02-03,151.9215087890625,154.75344851150095,145.36282797711132,145.55948712358486,154357300,137.16599502563477,136.57246887207032,0.02439968462369735,0.013969139053595456,148.30296325683594,143.00291442871094,141.8819580078125
2023-02-06,149.19776916503906,150.54491539574025,148.26362674506663,150.0237617823619,69858300,138.25304527282714,136.60295135498046,-0.01792859777219069,0.013955357737401036,151.9215087890625,148.30296325683594,143.00291442871094
2023-02-07,152.0690460205078,152.63936822302708,148.12597415973434,148.12597415973434,83322600,139.45760116577148,136.6733557128906,0.019244770692868896,0.014142170289442754,149.19776916503906,151.9215087890625,148.30296325683594
2023-02-08,149.38461303710938,152.0002240332312,148.64712974900905,151.31190929849808,64120100,140.49941940307616,136.74828369140624,-0.0176527245593191,0.01531166352441314,152.0690460205078,149.19776916503906,151.9215087890625
2023-02-09,148.35214233398438,151.75440537570756,147.9096553354024,151.213581264491,56007100,141.353914642334,136.87906341552736,-0.006911492971960365,0.015297107819115856,149.38461303710938,152.0690460205078,149.19776916503906
2023-02-10,148.71652221679688,149.04151212756338,146.95371454850684,147.19007494553122,57450700,142.23056335449218,137.07711303710937,0.002456182142568375,0.015240261760932669,148.35214233398438,149.38461303710938,152.0690460205078
2023-02-13,151.5133819580078,151.9171435900277,148.62787403653363,148.6574172040706,62199000,143.18068161010743,137.19619018554687,0.018806651066878288,0.015473807178567216,148.71652221679688,148.35214233398438,149.38461303710938
2023-02-14,150.87327575683594,151.4346261088162,148.568818055862,149.80967642706798,61707600,144.040779876709,137.2969580078125,-0.0042247502689186645,0.015660149434185634,151.5133819580078,148.71652221679688,148.35214233398438
2023-02-15,152.97091674804688,153.13833305811258,150.5581292969133,150.78463194852628,65573800,145.04165267944336,137.44951232910157,0.013903330332614594,0.015503754986621142,150.87327575683594,151.5133819580078,148.71652221679688
2023-02-16,151.37551879882812,153.95572244720177,151.02098573800205,151.17854429955682,68167900,145.95980377197264,137.59336456298828,-0.010429420069740902,0.015935944028530546,152.97091674804688,150.87327575683594,151.5133819580078
2023-02-17,150.23313903808594,150.67630162569367,148.55896091432058,150.03617955770974,59144100,146.6930061340332,137.7875277709961,-0.007546661242234021,0.015944855426607084,151.37551879882812,152.97091674804688,150.87327575683594
2023-02-21,146.22496032714844,149.00213887625634,146.15603126407484,147.9188390818426,58867200,147.06650161743164,137.9402700805664,-0.0266797241713852,0.01684749275087175,150.23313903808594,151.37551879882812,152.97091674804688
2023-02-22,146.64842224121094,147.67262055430007,144.9250004924314,146.60902132895072,51011300,147.39135665893554,138.06785217285156,0.002895961900862165,0.01675997107377375,146.22496032714844,150.23313903808594,151.37551879882812
2023-02-23,147.13096618652344,148.05669224456878,145.00378282832062,147.81048914517564,48394200,147.77327880859374,138.21472106933595,0.0032904816699548256,0.016676798096954173,146.64842224121094,146.22496032714844,150.23313903808594
2023-02-24,144.4818572998047,144.9545631210652,143.5068874555982,144.87577631301392,55469600,147.91949691772462,138.26278594970702,-0.01800510766279051,0.017043601069505105,147.13096618652344,146.64842224121094,146.22496032714844
2023-02-27,145.67347717285156,146.90449291595675,145.2106140512802,145.46667494315656,44998500,148.0284423828125,138.31541015625,0.00824753983176052,0.01687588133946237,144.4818572998047,147.13096618652344,146.64842224121094
2023-02-28,145.17120361328125,146.8158385647427,144.6000106018143,144.8166705381309,50547000,148.2563278198242,138.40243438720702,-0.0034479410344158135,0.01618396583257042,145.67347717285156,144.4818572998047,147.13096618652344
2023-03-01,143.1030731201172,144.99391093566584,142.80762642427203,144.59999202590106,55479000,148.31738357543946,138.5800567626953,-0.014246148283466153,0.016465348179076786,145.17120361328125,145.67347717285156,144.4818572998047
2023-03-02,143.69398498535156,144.481837933212,141.71450238763347,142.1872231725768,52238100,148.3519371032715,138.80863372802733,0.004129274461760701,0.016398275646584713,143.1030731201172,145.17120361328125,145.67347717285156
2023-03-03,148.7362060546875,148.8149928448926,145.0924034132026,145.79161175732688,70732300,148.37359924316405,139.18014068603514,0.03508999398861379,0.016170311470886375,143.69398498535156,143.1030731201172,145.17120361328125
2023-03-06,151.4937286376953,153.92621703534178,151.1293527733432,151.45432771735832,87558000,148.3522102355957,139.60817474365234,0.018539686174285697,0.015757902220439206,148.7362060546875,143.69398498535156,143.1030731201172
2023-03-07,149.2975616455078,151.69064849711955,148.83469862838186,151.3656586110283,56182000,148.35719985961913,139.93033630371093,-0.014496751858552148,0.015570233633459885,151.4937286376953,148.7362060546875,143.69398498535156
2023-03-08,150.5482940673828,151.1391876253047,149.52409559763862,150.4892077170001,47204800,148.2811622619629,140.34083770751954,0.0083774470801119,0.015049649354529513,149.2975616455078,151.4937286376953,148.7362060546875
2023-03-09,148.3029022216797,152.1929083670859,147.9483691410299,151.2277963802791,53833600,148.2270767211914,140.7137075805664,-0.014914761137699295,0.014896074536281938,150.5482940673828,149.2975616455078,151.4937286376953
2023-03-10,146.24464416503906,148.64758887079853,145.36816171354923,147.92868001277867,68572400,148.12170181274413,141.0814015197754,-0.01387874428488245,0.015139338692925504,148.3029022216797,150.5482940673828,149.2975616455078
2023-03-13,148.18472290039062,150.81417020284252,145.4567883472071,145.56511831219402,84457100,148.09511184692383,141.56636535644532,0.013265981441085595,0.015444329257678338,146.24464416503906,148.3029022216797,150.5482940673828
2023-03-14,150.27252197265625,151.07021762009597,147.82034869008896,148.98242012042218,73695900,148.03306884765624,142.02287658691407,0.014089165410587245,0.015174591135670499,148.18472290039062,146.24464416503906,148.3029022216797
2023-03-15,150.66647338867188,150.92251923505987,147.64309172837056,148.89380784086055,77167900,148.02272872924806,142.48097381591796,0.002621579852684741,0.015158656776358456,150.27252197265625,148.18472290039062,146.24464416503906
2023-03-16,153.48304748535156,154.0837837636838,149.33697988783769,149.84908663995225,76161100,148.04833526611327,143.09098037719727,0.018694099844056344,0.015424768336898223,150.66647338867188,150.27252197265625,148.18472290039062
2023-03-17,152.6459197998047,154.35949876084172,151.93685367986137,153.70951897971963,98944600,148.11185531616212,143.6588749694824,-0.0054542029185781216,0.015282428620548716,153.48304748535156,150.66647338867188,150.27252197265625
2023-03-20,155.00946044921875,155.4230948668754,151.80882025865256,152.71486085947325,73641400,148.35067138671874,144.30039306640626,0.015483811506484146,0.01550794389526167,152.6459197998047,153.48304748535156,150.66647338867188
2023-03-21,156.8609161376953,156.9790888157361,154.1625247817563,154.93069227015488,73938300,148.8824691772461,144.88847610473633,0.011944146396684507,0.014134527321231438,155.00946044921875,152.6459197998047,153.48304748535156
2023-03-22,155.43295288085938,159.67749219321786,155.41325242402124,156.88062840402722,75701800,149.32169570922852,145.4375765991211,-0.009103371904206181,0.01441830666864748,156.8609161376953,155.00946044921875,152.6459197998047
2023-03-23,156.5162353515625,159.0964541870748,155.28521978995877,156.41776312286146,67622100,149.79095916748048,145.99693634033204,0.006969451783712,0.014445498284420363,155.43295288085938,156.8609161376953,155.00946044921875
2023-03-24,157.81619262695312,157.9048221395663,155.45264879499626,156.44730394409444,59196500,150.4576759338379,146.52801544189452,0.008305574641957802,0.01358564113234664,156.5162353515625,155.43295288085938,156.8609161376953
2023-03-27,155.8760986328125,158.3282868109909,155.4723219600322,157.5108907515981,52390300,150.96780700683593,147.0218664550781,-0.012293377262792227,0.014056546690829862,157.81619262695312,156.5162353515625,155.43295288085938
2023-03-28,155.25570678710938,156.08296082580924,153.61107148047543,155.57085404509948,45992200,151.47203216552734,147.47676025390626,-0.003980031904471382,0.014070852911834027,155.8760986328125,157.81619262695312,156.5162353515625
2023-03-29,158.32827758789062,158.60402382956926,156.92984592593675,156.9495313524544,51305700,152.23329238891603,147.96989959716797,0.01979038880029349,0.013873931178895321,155.25570678710938,155.8760986328125,157.81619262695312
2023-03-30,159.89414978027344,160.00247975071784,158.82070781762587,159.07675364456475,49501700,153.0433006286621,148.50871337890624,0.009890034908726753,0.013911178329862564,158.32827758789062,155.25570678710938,155.8760986328125
2023-03-31,162.3955841064453,162.49407137264149,159.4510041879724,159.97295363930863,68749800,153.72626953125,149.0963751220703,0.015644314251705538,0.012318724311795622,159.89414978027344,158.32827758789062,155.25570678710938
2023-04-03,163.6462860107422,163.76445869825218,161.7259047034759,161.77514833228696,56976200,154.33389739990236,149.65791900634767,0.007701575822881335,0.011898661008682598,162.3955841064453,159.89414978027344,158.32827758789062
2023-04-04,163.114501953125,164.3061166832112,162.60239523685718,164.06977129650792,46278300,155.0247444152832,150.14510803222657,-0.0032495944184293135,0.011228717063281678,163.6462860107422,162.3955841064453,159.89414978027344
2023-04-05,161.2728729248047,162.54328933366952,159.34264903941414,162.2379998945446,51511700,155.56097335815429,150.5675390625,-0.011290406470722991,0.01172125588245736,163.114501953125,163.6462860107422,162.3955841064453
2023-04-06,162.1592254638672,162.45467221127325,159.53962067833683,159.96308282888376,45390100,156.25378952026367,151.02087310791015,0.005495980340573192,0.01089166410840714,161.2728729248047,163.114501953125,163.6462860107422
2023-04-10,159.56915283203125,159.56915283203125,157.64877164706385,158.96841666370352,47716900,156.92001495361328,151.38110626220703,-0.01597240381746312,0.011086254716431829,162.1592254638672,161.2728729248047,163.114501953125
2023-04-11,158.35784912109375,159.89415417908276,158.07224508795338,159.88431146406083,47644200,157.42867126464844,151.67837188720702,-0.007591089439527021,0.011191581333579071,159.56915283203125,162.1592254638672,161.2728729248047
2023-04-12,157.66848754882812,159.59871163720814,157.35334033527027,158.77147274218814,50133100,157.79846954345703,152.01947174072265,-0.004353188528965712,0.011021664586632417,158.35784912109375,159.56915283203125,162.1592254638672
2023-04-13,163.04554748535156,163.28190788405584,158.96842452673738,159.1752417539843,68445600,158.41742324829102,152.44274353027345,0.03410358036737193,0.013098073774187155,157.66848754882812,158.35784912109375,159.56915283203125
2023-04-14,162.70086669921875,163.794009087704,161.33197803499354,162.09027277975596,49386500,158.87831420898436,152.8367025756836,-0.0021140153254647354,0.01269267698045838,163.04554748535156,157.66848754882812,158.35784912109375
2023-04-17,162.72055053710938,162.8781241294329,161.53877864877254,162.5826774005875,41516200,159.3820457458496,153.12505432128907,0.00012098176420294315,0.012557821204623261,162.70086669921875,163.04554748535156,157.66848754882812
2023-04-18,163.94171142578125,164.86743742961687,163.13415809407996,163.57733566867122,49923000,159.82865829467772,153.36545837402343,0.007504650670373536,0.012273059917510766,162.72055053710938,162.70086669921875,163.04554748535156
2023-04-19,165.0841064453125,165.60605581206516,163.0258371209191,163.28189796071484,47720200,160.23981781005858,153.68318511962892,0.006968299950000478,0.012129154253200818,163.94171142578125,162.72055053710938,162.70086669921875
2023-04-20,164.1189727783203,165.3204450523275,163.04553091898333,163.56748026442403,52456400,160.67411880493165,153.92418365478517,-0.005846314874120906,0.011984362395850476,165.0841064453125,163.94171142578125,162.72055053710938
2023-04-21,162.5137176513672,163.92199192078084,161.99176837404192,162.54326081596733,58337300,160.97399291992187,154.18676574707033,-0.009781045419540724,0.012259079762076163,164.1189727783203,165.0841064453125,163.94171142578125
2023-04-24,162.8190155029297,163.08491902519904,161.4008834202169,162.49402564838778,41949600,161.2241340637207,154.47610321044922,0.001878597425341244,0.012167681121419286,162.5137176513672,164.1189727783203,165.0841064453125
2023-04-25,161.28273010253906,163.78414697340926,161.24332919160244,162.68116189989732,48714100,161.49446563720704,154.72742736816406,-0.00943554041059158,0.012011324709078846,162.8190155029297,162.5137176513672,164.1189727783203
2023-04-26,161.2728729248047,162.76979197769046,160.32746143764658,160.58350725145092,45498800,161.7953239440918,154.9226171875,-6.111737895375668e-05,0.011944290667371326,161.28273010253906,162.8190155029297,162.5137176513672
2023-04-27,165.85223388671875,165.9999497127407,162.6811372537476,162.6811372537476,64902300,162.1715217590332,155.22219635009765,0.028395109970225763,0.012747900665975974,161.2728729248047,161.28273010253906,162.8190155029297
2023-04-28,167.1029815673828,167.27041291997128,165.33033104891717,165.93106728858945,55275900,162.53196334838867,155.50483764648436,0.0075413375590609455,0.012685941953104322,165.85223388671875,161.2728729248047,161.28273010253906
2023-05-01,167.0143585205078,167.86129792357815,166.07878959348815,166.70906903109534,52472900,162.7629020690918,155.81761444091796,-0.0005303498839083209,0.012298990345350867,167.1029815673828,165.85223388671875,161.2728729248047
2023-05-02,165.9803009033203,167.76282424517206,164.99548835131355,167.5067633643402,48425700,162.8796028137207,156.13255767822267,-0.006191429445633778,0.012321078319234999,167.0143585205078,167.1029815673828,165.85223388671875
2023-05-03,164.90684509277344,168.32414556576836,164.6212560883793,166.925713661642,65136000,162.96921997070314,156.50619537353515,-0.006467368746199242,0.012397234213005143,165.9803009033203,167.0143585205078,167.1029815673828
2023-05-04,163.2720489501953,164.50306450874902,161.81453073644045,162.3857237588548,81235400,163.06917877197264,156.83866790771484,-0.009913452298832226,0.01233126425528707,164.90684509277344,165.9803009033203,167.0143585205078
2023-05-05,170.9339141845703,171.65282310766082,168.1665784150509,168.3832383689214,113453200,163.5079132080078,157.31472686767577,0.04692698648445437,0.01608902638993945,163.2720489501953,164.90684509277344,165.9803009033203
2023-05-08,170.8649444580078,171.20963479482143,169.49605587870553,169.86043164324718,55962800,164.07270278930665,157.84238861083983,-0.000403487668854452,0.015500919234890246,170.9339141845703,163.2720489501953,164.90684509277344
2023-05-09,169.1612091064453,170.90431601807424,168.99379282252266,170.42176761942747,45326900,164.6128707885742,158.3121432495117,-0.009971239899248086,0.015599677818567864,170.8649444580078,170.9339141845703,163.2720489501953
2023-05-10,170.9240264892578,171.38688948895523,169.28923440637098,170.39223444016065,53724500,165.2756477355957,158.82719970703124,0.010420931560634727,0.01556204681058455,169.1612091064453,170.8649444580078,170.9339141845703
2023-05-11,171.11117553710938,171.9384144483228,169.5551699505623,171.20966280003566,49514700,165.6789291381836,159.3873617553711,0.0010949253401968395,0.013878202636351115,170.9240264892578,169.1612091064453,170.8649444580078
2023-05-12,170.1841583251953,171.653548851867,168.6358569767775,171.21962961924467,45533100,166.05309371948243,159.91716522216797,-0.005417631016818136,0.013955539912036673,171.11117553710938,170.9240264892578,169.1612091064453
2023-05-15,169.69107055664062,170.81530899814229,169.09935977781652,170.7659972586019,37266700,166.401619720459,160.33626251220704,-0.002897377602047224,0.013997077254026269,170.1841583251953,171.11117553710938,170.9240264892578
2023-05-16,169.69107055664062,170.74626955321972,169.42479920138675,169.61217478294208,42110300,166.68908767700196,160.70020935058594,0.0,0.013947628982788523,169.69107055664062,170.1841583251953,171.11117553710938
2023-05-17,170.30250549316406,170.53917778241149,168.06388478776768,169.3360585337975,57951600,166.95000762939452,161.12030822753906,0.0036032239912078268,0.013902421405039772,169.69107055664062,169.69107055664062,170.1841583251953
2023-05-18,172.62986755371094,172.81724313624747,170.19401507639674,170.60820660461047,65496700,167.37555236816405,161.56193969726561,0.013666047095474365,0.014032914177543774,170.30250549316406,169.69107055664062,169.69107055664062
2023-05-19,172.7383575439453,173.95134816577144,172.5213979143073,173.95134816577144,55809500,167.88678436279298,162.05064880371094,0.0006284543443828561,0.013738600843496398,172.62986755371094,170.30250549316406,169.69107055664062
2023-05-22,171.79159545898438,172.2945540862593,171.05196458153654,171.57463586444004,43570900,168.3354133605957,162.56158782958985,-0.00548090243778121,0.013872167607796665,172.7383575439453,172.62986755371094,170.30250549316406
2023-05-23,169.18809509277344,170.98293990870613,168.91196743614205,170.73639628329747,50747300,168.7306816101074,162.9816552734375,-0.015154992648243493,0.014192398731244879,171.79159545898438,172.7383575439453,172.62986755371094
2023-05-24,169.4642333984375,170.03621645106807,168.16249079935005,168.7246024757336,45143500,169.14024963378907,163.36548950195314,0.0016321379202990371,0.014181429504841657,169.18809509277344,171.79159545898438,172.7383575439453
2023-05-25,170.59835815429688,171.49576564962197,169.31632809947834,170.02637505144455,56058300,169.37755584716797,163.76412719726562,0.006692413691760324,0.012871488638193871,169.4642333984375,169.18809509277344,171.79159545898438
2023-05-26,173.00460815429688,173.33991896491864,170.71669083708804,170.92379413047703,54835000,169.67263717651366,164.15455841064454,0.014104766458676421,0.01311528474136419,170.59835815429688,169.4642333984375,169.18809509277344
2023-05-30,174.84877014160156,176.51540772383512,174.1288668535482,174.51347436884586,55964400,170.06435775756836,164.59861541748046,0.010659611943168334,0.013247884246377349,173.00460815429688,170.59835815429688,169.4642333984375
2023-05-31,174.79942321777344,176.8703956050701,174.31619231465004,174.87831898039528,99625300,170.50531387329102,164.99441467285158,-0.00028222631356322747,0.013111936755426172,174.84877014160156,173.00460815429688,170.59835815429688
2023-06-01,177.6001739501953,177.62975798334406,174.4838587106697,175.24321733975688,68901800,171.1399803161621,165.40919982910157,0.016022654313524676,0.013250530936964895,174.79942321777344,174.84877014160156,173.00460815429688
2023-06-02,178.4482879638672,179.2668146743205,176.78165050926717,178.52718373632618,61996900,171.8987922668457,165.86950653076173,0.004775412066373885,0.012851706692820512,177.6001739501953,174.79942321777344,174.84877014160156
2023-06-05,177.09725952148438,182.39301299737724,175.57854201305094,180.1050954524954,121946500,172.20695953369142,166.28112701416015,-0.0075709801298646795,0.008393908113295002,178.4482879638672,177.6001739501953,174.79942321777344
2023-06-06,176.73236083984375,177.62976831057978,174.97695616659206,177.4818481362361,64848400,172.5003303527832,166.65945037841797,-0.0020604422825434288,0.008424983924980816,177.09725952148438,178.4482879638672,177.6001739501953
2023-06-07,175.36154174804688,178.70467241393297,174.86845454040687,175.9729650702157,61944600,172.8103469848633,167.04915924072264,-0.007756469077211725,0.008276426559132393,176.73236083984375,177.09725952148438,178.4482879638672
2023-06-08,178.07354736328125,178.3398036598064,175.00654388250445,175.44044804834044,50214900,173.16782302856444,167.5055160522461,0.01546522451958654,0.008621540838722679,175.36154174804688,176.73236083984375,177.09725952148438
2023-06-09,178.45819091796875,179.71062202681557,178.1327514419261,178.9907186665087,48900000,173.53517379760743,167.90811431884765,0.002160026350813471,0.008618384514238242,178.07354736328125,175.36154174804688,176.73236083984375
2023-06-12,181.24903869628903,181.34766218390047,178.468033910057,178.76388932505995,54274900,174.08841781616212,168.33521209716798,0.015638664518364154,0.008927207154142445,178.45819091796875,178.07354736328125,175.36154174804688
2023-06-13,180.7756500244141,181.60403301510047,179.91768300176238,180.272706433175,54929100,174.64264678955078,168.70281341552734,-0.0026118134213565236,0.00891717747225872,181.24903869628903,178.45819091796875,178.07354736328125
2023-06-14,181.4068145751953,181.84073380664427,179.50350482104812,180.83483150172444,57462900,175.22843399047852,169.0580239868164,0.003491424595602144,0.00888521771119863,180.7756500244141,181.24903869628903,178.45819091796875
2023-06-15,183.4383544921875,183.9413132306641,181.2391890770768,181.4167083517838,65433200,175.88522644042968,169.46450103759764,0.0111988070665896,0.009055899976945449,181.4068145751953,180.7756500244141,181.24903869628903
2023-06-16,182.3634033203125,184.4047919439357,181.722395856144,184.14837692000424,101256200,176.37190322875978,169.88631164550782,-0.005860013162736766,0.00898408970535821,183.4383544921875,181.4068145751953,180.7756500244141
2023-06-20,182.45217895507807,183.5271208328433,181.86048315364167,181.86048315364167,49799100,176.85759429931642,170.29217071533202,0.0004868061965790371,0.008985934548492546,182.3634033203125,183.4383544921875,181.4068145751953
2023-06-21,181.41668701171875,182.84663717983523,180.0656175699355,182.3436785005217,49515700,177.33884887695314,170.72912139892577,-0.00567541560363749,0.00899544345543384,182.45217895507807,182.3634033203125,183.4383544921875
2023-06-22,184.4146423339844,184.46395407144703,181.1306792503188,181.19971869233248,51245300,178.10017623901368,171.25025726318358,0.01652524567418645,0.008445809528065578,181.41668701171875,182.45217895507807,182.3634033203125
2023-06-23,184.0990753173828,184.96691381940127,182.45216546765664,182.98470820219737,53117000,178.83191833496093,171.7788690185547,-0.0017111820005598632,0.008535087079238021,184.4146423339844,181.41668701171875,182.45217895507807
2023-06-26,182.70855712890625,185.4501210846045,182.66910172140945,184.24698696904443,48088700,179.43742828369142,172.17212921142578,-0.007553097081445581,0.008901345037855172,184.0990753173828,184.4146423339844,181.41668701171875
2023-06-27,185.46002197265625,185.7854614474672,183.10306491069133,183.3200245605653,50730800,180.06019897460936,172.62731231689452,0.01505931023147844,0.008963695007900195,182.70855712890625,184.0990753173828,184.4146423339844
2023-06-28,186.633529663086,187.27453708797543,185.0063477089331,185.3317720615004,51216800,180.6494369506836,173.10557189941406,0.00632755069231461,0.008833486975955353,185.46002197265625,182.70855712890625,184.0990753173828
2023-06-29,186.9688415527344,187.4422162021352,186.32783407243755,186.4658979165552,46347300,181.25790786743164,173.56611450195314,0.0017966326321627868,0.008801245697984458,186.633529663086,185.46002197265625,182.70855712890625
2023-06-30,191.2882843017578,191.79122791985355,188.6157445714927,188.9806393982648,85213200,181.94231338500975,174.09019805908204,0.023102473723169092,0.00945354692912087,186.9688415527344,186.633529663086,185.46002197265625
2023-07-03,189.7991943359375,191.19956064074088,189.1088599896576,191.1009371490345,31458200,182.50985870361328,174.6038024902344,-0.0077845330217467534,0.009793699336009138,191.2882843017578,186.9688415527344,186.633529663086
2023-07-05,188.684799194336,190.31198136153697,187.98460856583768,188.9214865295673,46920300,183.08923568725587,175.12722412109375,-0.005871442950537875,0.00970288446208172,189.7991943359375,191.2882843017578,186.9688415527344
2023-07-06,189.1581573486328,189.36526064633148,186.5842409083175,187.21539208287064,45094300,183.7105255126953,175.6540069580078,0.0025087243716399588,0.009625533699545101,188.684799194336,189.7991943359375,191.2882843017578
2023-07-07,188.0437774658203,190.0062704618662,187.60987325439865,188.76369580404943,46815000,184.344637298584,176.18922790527344,-0.005891259982822805,0.009519727673587348,189.1581573486328,188.684799194336,189.7991943359375
2023-07-10,186.0023803710937,187.36330604998784,184.4540791221688,186.6433878022031,59922200,184.7410789489746,176.6838180541992,-0.010855967276543699,0.009603391223766555,188.0437774658203,189.1581573486328,188.684799194336
2023-07-11,185.479721069336,186.68285528837708,184.02018687082847,186.5447914459214,46638100,185.09215545654297,177.07636779785156,-0.0028099602849971372,0.009669211664520233,186.0023803710937,188.0437774658203,189.1581573486328
2023-07-12,187.1463317871093,189.04964127499804,185.86430197749195,187.057564649218,60750200,185.38702011108398,177.4772348022461,0.008985406642650018,0.00928106022711498,185.479721069336,186.0023803710937,188.0437774658203
2023-07-13,187.9056854248047,188.5467078881079,187.1561982107916,187.86624506525828,41342300,185.7435218811035,177.89506134033203,0.004057539522384079,0.009239866671950127,187.1463317871093,185.479721069336,186.0023803710937
2023-07-14,188.0536346435547,188.53685056119244,187.00829198764853,187.59998771190843,41616200,186.07586288452148,178.3365280151367,0.0007873589264504322,0.009236313487346947,187.9056854248047,187.1463317871093,185.479721069336
2023-07-17,191.30799865722656,191.6334380513428,189.15813040004863,189.24688249449068,50520200,186.46934509277344,178.8645510864258,0.01730550978097467,0.009653459555027426,188.0536346435547,187.9056854248047,187.1463317871093
2023-07-18,191.0515899658203,191.64330071064,189.75970372238763,190.6768538720752,48288200,186.90375442504882,179.42014190673828,-0.001340292581627267,0.009507970516362268,191.30799865722656,188.0536346435547,187.9056854248047
2023-07-19,192.4026794433593,195.489395852648,189.9865395225249,190.4303301514657,80507300,187.4012794494629,179.84951721191408,0.007071856757542294,0.009553144761424482,191.0515899658203,191.30799865722656,188.0536346435547
2023-07-20,190.4598999023437,193.75371936128715,189.83860510668907,192.39279363664537,59581200,187.85344009399415,180.2414163208008,-0.010097466140473021,0.009805084572314786,192.4026794433593,191.0515899658203,191.30799865722656
2023-07-21,189.286361694336,192.2744696321092,188.5861710830146,191.41650251566853,71951700,188.0970260620117,180.6439193725586,-0.006161602566258972,0.00939864449817028,190.4598999023437,192.4026794433593,191.0515899658203
2023-07-24,190.0851593017578,192.21530010696893,189.592071988394,190.73603816687745,45377800,188.39633026123047,181.02714202880858,0.004220048397949316,0.009390665493931553,189.286361694336,190.4598999023437,192.4026794433593
2023-07-25,190.943115234375,191.75178560391285,190.2527960456413,190.65713123041024,37283200,188.8080581665039,181.4237808227539,0.004513534542984532,0.009153379676933682,190.0851593017578,189.286361694336,190.4598999023437
2023-07-26,191.8109436035156,192.935181951258,190.64726489612823,190.99241694846552,47471900,189.12560424804687,181.85631652832032,0.004544957633457303,0.008667796219262742,190.943115234375,190.0851593017578,189.286361694336
2023-07-27,190.54864501953125,194.47361545879667,189.8879098862556,193.3099367294592,47460200,189.32136001586915,182.27346801757812,-0.006580951849095684,0.008786471801004829,191.8109436035156,190.943115234375,190.0851593017578
2023-07-28,193.12258911132807,193.9115318637554,191.45595149688123,191.97862287270013,48291400,189.62904739379883,182.74209838867188,0.013508068197142009,0.009216808242166766,190.54864501953125,191.8109436035156,190.943115234375
2023-07-31,193.73399353027344,193.77344894031904,192.56044337061044,193.34938604539337,38824100,189.7513328552246,183.21072814941405,0.0031658876455562535,0.007734679600316261,193.12258911132807,190.54864501953125,191.8109436035156
2023-08-01,192.9056091308593,194.0101198390568,192.58016971551623,193.5269039281353,35175100,189.9066535949707,183.61624298095703,-0.004275885632248122,0.007571035317622033,193.73399353027344,193.12258911132807,190.54864501953125
2023-08-02,189.91751098632807,192.48155598125388,189.1976077238569,192.3434921357412,50389300,189.9682891845703,183.9598260498047,-0.015489949504289502,0.008291002135750498,192.9056091308593,193.73399353027344,193.12258911132807
2023-08-03,188.52700805664065,189.710414639766,188.0536484329567,188.92148694956984,61235200,189.9367317199707,184.2945343017578,-0.007321615171059781,0.008446731442861798,189.91751098632807,192.9056091308593,193.73399353027344
2023-08-04,179.4739227294922,184.78940327661547,179.40488328381886,182.95511789971007,115956800,189.50823898315429,184.50025085449218,-0.048020097600172895,0.013624383385174138,188.52700805664065,189.91751098632807,192.9056091308593
2023-08-07,176.3773193359375,180.59814508763776,174.89805755245857,179.61197056531847,97576100,189.0269859313965,184.6385125732422,-0.01725377896944935,0.013909460579146684,179.4739227294922,188.52700805664065,189.91751098632807
2023-08-08,177.31417846679688,177.77768168655695,175.1248698685598,177.20569866966517,67823000,188.61870880126952,184.77282897949217,0.005311675755061085,0.014019881691992074,176.3773193359375,179.4739227294922,188.52700805664065
2023-08-09,175.72645568847656,178.42856448196,174.56276182695083,178.3693964131728,60378500,188.0477149963379,184.82726593017577,-0.008954291146083482,0.013842476233569198,177.31417846679688,176.3773193359375,179.4739227294922
2023-08-10,175.50949096679688,178.25105509162734,175.14461118800062,176.99860916334498,54686900,187.4279052734375,184.8404803466797,-0.0012346730651889848,0.013749720975061226,175.72645568847656,177.31417846679688,176.3773193359375
2023-08-11,175.56874084472656,176.3883728930982,174.34424265962002,175.10462674008653,52036700,186.80366058349608,184.85586669921875,0.00033758788543747364,0.013743024199841707,175.50949096679688,175.72645568847656,177.31417846679688
2023-08-14,177.21788024902344,177.44500246999712,175.09473274674426,175.74649049543365,43675600,186.09915466308593,184.8482208251953,0.00939312656889979,0.013221487911825742,175.56874084472656,175.50949096679688,175.72645568847656
2023-08-15,175.2329864501953,177.2376229940336,174.8379899652799,176.6451282666605,43622600,185.3082244873047,184.78391479492188,-0.011200302114205307,0.013311091270322917,177.21788024902344,175.56874084472656,175.50949096679688
2023-08-16,174.364013671875,176.30938743269644,174.29488099061055,174.91701484938284,46964900,184.40629119873046,184.72924987792967,-0.0049589566206890145,0.013042787568376074,175.2329864501953,177.21788024902344,175.56874084472656
2023-08-17,171.8260955810547,175.29223725703497,171.31258808782235,174.9268647491592,66062900,183.474600982666,184.63112457275392,-0.01455528602132472,0.013175003096853254,174.364013671875,175.2329864501953,177.21788024902344
2023-08-18,172.30999755859375,172.9123770667114,169.8116075662743,170.14735612669347,61172200,182.62578277587892,184.57009368896485,0.0028162310032284754,0.01328762088353125,171.8260955810547,174.364013671875,175.2329864501953
2023-08-21,173.6431121826172,173.92949746098708,171.56935789788312,172.88274314562352,46311900,181.80368041992188,184.48148498535156,0.0077367224357955955,0.0134329755597292,172.30999755859375,171.8260955810547,174.364013671875
2023-08-22,175.0157470703125,175.46012191641384,174.04799506153495,174.8478727981476,42038900,181.00731201171874,184.41263610839843,0.007904919869506477,0.013572441831295247,173.6431121826172,172.30999755859375,171.8260955810547
2023-08-23,178.8571319580078,179.28176749229362,176.1019960768648,176.28962468028294,52722800,180.35962142944337,184.36479797363282,0.02194879576265807,0.014679225671145811,175.0157470703125,173.6431121826172,172.30999755859375
2023-08-24,174.17637634277344,178.8374075605793,173.8109887437673,178.41277199096436,54945800,179.54100799560547,184.2328125,-0.026170360465879172,0.015532377637671853,178.8571319580078,175.0157470703125,173.6431121826172
2023-08-25,176.3784942626953,176.91174101480664,173.62335841851225,175.16386577811136,51449600,178.70380325317382,184.13224609375,0.012643034412360032,0.015481106560496932,174.17637634277344,178.8571319580078,175.0157470703125
2023-08-28,177.93878173828125,178.33377827348758,176.3192718348921,177.8400250704037,43820700,177.9140426635742,184.02225463867188,0.008846245581743517,0.015678238780134898,176.3784942626953,174.17637634277344,178.8571319580078
2023-08-29,181.81964111328125,182.5898947624316,177.25736718090633,177.4548654120463,53003900,177.3597442626953,184.01137939453125,0.02181008174321497,0.016715750323734593,177.93878173828125,176.3784942626953,174.17637634277344
2023-08-30,185.3055419921875,185.50305529692773,182.43191025327192,182.62940848986256,60813900,177.12914581298827,184.06844665527345,0.019172300954737764,0.017124939823690313,181.81964111328125,177.93878173828125,176.3784942626953
2023-08-31,185.5227966308593,186.7571794584308,185.1376697913831,185.49317264844964,60794500,176.97893524169922,184.15056884765625,0.0011724130662047472,0.017067423800890862,185.3055419921875,181.81964111328125,177.93878173828125
2023-09-01,187.09292602539065,187.5471704264648,185.92766090669275,187.1225500051064,45766500,177.35988540649413,184.20413452148438,0.008463269328865763,0.013009484943615108,185.5227966308593,185.3055419921875,181.81964111328125
2023-09-05,187.3299560546875,187.6064566338381,185.26607135025952,185.92769881238064,45280000,177.90751724243165,184.26875213623046,0.0012669106969052102,0.012187970796903822,187.09292602539065,185.5227966308593,185.3055419921875
2023-09-06,180.6247711181641,186.4905606318001,179.2027597126584,186.0461707664675,81755800,178.073046875,184.22707641601562,-0.0357934474428957,0.01494671815879343,187.3299560546875,187.09292602539065,185.5227966308593
2023-09-07,175.3416290283203,175.98351721110967,171.3718491931888,172.99135904079122,112488800,178.05380554199218,184.02470855712892,-0.02924926662682148,0.016289045171201774,180.6247711181641,187.3299560546875,187.09292602539065
2023-09-08,175.95387268066406,177.98814840122637,175.56874581023814,176.12176201867752,65551300,178.07602462768554,183.81111541748047,0.003491718742072658,0.016304201084967725,175.3416290283203,180.6247711181641,187.3299560546875
2023-09-11,177.11911010742188,178.0473683330804,175.12434339280344,177.82024612940288,58953100,178.1535430908203,183.6141207885742,0.006622402843457609,0.016366348318492038,175.95387268066406,175.3416290283203,180.6247711181641
2023-09-12,174.09739685058594,177.87954850785982,172.6358914674074,177.2475449582567,90370200,177.99751892089844,183.27030303955078,-0.017060345747013317,0.016681501980335144,177.11911010742188,175.95387268066406,175.3416290283203
2023-09-13,172.0334930419922,175.0848841389881,171.80635572558617,174.30474566083996,84267900,177.8375442504883,182.91498901367189,-0.011854880348182606,0.01670370224557145,174.09739685058594,177.11911010742188,175.95387268066406
2023-09-14,173.5443572998047,173.89986015970092,171.4113401404273,171.82609096561458,60895800,177.79656143188475,182.61218017578125,0.008782384354909967,0.01680538240754826,172.0334930419922,174.09739685058594,177.11911010742188
2023-09-15,172.82347106933594,174.29486087176767,171.6483512368518,174.27510652680778,109259500,177.84643020629883,182.28548645019532,-0.004153901870882493,0.01649253813597576,173.5443572998047,172.0334930419922,174.09739685058594
2023-09-18,175.7465057373047,177.13889330258442,173.96899129951683,174.27511585610648,67257600,178.01825561523438,182.039541015625,0.016913412569963038,0.01689664152973383,172.82347106933594,173.5443572998047,172.0334930419922
2023-09-19,176.83277893066406,177.38578010579235,174.91701409671836,175.3021409914078,51826900,178.17773895263673,181.8561489868164,0.006180909195333095,0.01686815520487576,175.7465057373047,172.82347106933594,173.5443572998047
2023-09-20,173.2974853515625,177.45487842056565,173.20859833310675,177.0203732393163,58436200,178.09182586669922,181.61250427246094,-0.019992297810847326,0.017415748008988145,176.83277893066406,175.7465057373047,172.82347106933594
2023-09-21,171.7569580078125,174.0973581099587,171.6878404044714,172.36922214048295,63149100,177.73681716918946,181.304716796875,-0.008889496236052064,0.016687712820317793,173.2974853515625,176.83277893066406,175.7465057373047
2023-09-22,172.60623168945312,174.8676297137013,171.87548661966315,172.48773574692532,56725400,177.65830993652344,180.99872772216796,0.004944624610794479,0.015727751397952336,171.7569580078125,173.2974853515625,176.83277893066406
2023-09-25,173.88009643554688,174.75897636563758,171.97420160197885,172.02357992644104,46172700,177.53339004516602,180.7152569580078,0.007380178187225805,0.015542131686114381,172.60623168945312,171.7569580078125,173.2974853515625
2023-09-26,169.81158447265625,173.01109513731117,169.51532957863083,172.63585300181884,64588900,177.12703018188478,180.28532867431642,-0.023398376503654172,0.016170667913938487,173.88009643554688,172.60623168945312,171.7569580078125
2023-09-27,168.30068969726562,170.87808171574733,166.93794126401278,170.46333088230946,66921800,176.451082611084,179.83031066894532,-0.008897477637245133,0.015198608357511323,169.81158447265625,173.88009643554688,172.60623168945312
2023-09-28,168.55743408203125,169.88068876106084,165.52578284422083,167.22429469748067,56294400,175.61367721557616,179.35340576171876,0.0015255099977751208,0.014282789017745044,168.30068969726562,169.81158447265625,173.88009643554688
2023-09-29,169.0709686279297,170.90773103963988,168.21182785802986,169.87084635964763,51861100,174.79108581542968,178.92562713623047,0.0030466443007699517,0.014328918582464044,168.55743408203125,168.30068969726562,169.81158447265625
2023-10-02,171.57923889160156,172.12237043121976,168.79446358018748,169.08084887750982,52164500,174.01540145874023,178.5714846801758,0.014835605923520623,0.01469918926649607,169.0709686279297,168.55743408203125,168.30068969726562
2023-10-03,170.24607849121094,171.46072207785286,168.6858318118607,170.1078282132375,49594600,173.1612075805664,178.17470306396484,-0.007769940052204549,0.014660654272279043,171.57923889160156,169.0709686279297,168.55743408203125
2023-10-04,171.49034118652344,172.03347264460572,168.83394692911625,168.95244285882518,53020300,172.70448608398436,177.7856475830078,0.007308612958017324,0.012907390813311603,170.24607849121094,171.57923889160156,169.0709686279297
2023-10-05,172.7247314453125,173.2579782200924,170.52258153582127,171.61871413723316,48527900,172.573641204834,177.40392333984374,0.007198016227902171,0.011421067415493532,171.49034118652344,170.24607849121094,171.57923889160156
2023-10-06,175.27249145507812,175.76624458491796,171.016326818613,171.6285909459562,57266700,172.5395721435547,177.09840026855468,0.014750406548307726,0.011905198641619935,172.7247314453125,171.49034118652344,170.24607849121094
2023-10-09,176.7537841796875,176.81303215553828,173.6036362062995,174.6010122921434,42390800,172.52130584716798,176.77102416992187,0.00845137027671572,0.011966633189153498,175.27249145507812,172.7247314453125,171.49034118652344
2023-10-10,176.1612548828125,177.47464011941017,175.72674968355904,175.8748846750232,43698000,172.6244987487793,176.41956939697266,-0.0033522863435423433,0.01131499010282329,176.7537841796875,175.27249145507812,172.7247314453125
2023-10-11,177.5536346435547,177.60301297187604,175.3811238107674,175.9736185461729,47551100,172.90050582885743,176.11252990722656,0.0079040068241365,0.011024520759669592,176.1612548828125,176.7537841796875,175.27249145507812
2023-10-12,178.4522705078125,180.06189553412176,176.80312172309905,177.82026707710477,56743100,173.14590148925782,175.88322509765624,0.005061207933376721,0.010928590727410438,177.5536346435547,176.1612548828125,176.7537841796875
2023-10-13,176.6155548095703,179.6570617634581,175.91441851989305,179.15343884089287,51427100,173.33550567626952,175.64499603271486,-0.010292475926563127,0.011177690222743966,178.4522705078125,177.5536346435547,176.1612548828125
2023-10-16,176.48715209960938,176.8426550206093,174.3047562379969,174.54176320804768,52517000,173.37253799438477,175.5852606201172,-0.0007270181275901288,0.010546117216599744,176.6155548095703,178.4522705078125,177.5536346435547
2023-10-17,174.93673706054688,176.19087429527403,172.61610626933813,174.44298390478113,57549400,173.2777359008789,175.55644897460937,-0.008784860657661042,0.010634715146085648,176.48715209960938,176.6155548095703,178.4522705078125
2023-10-18,173.6431121826172,175.36137864838344,172.9222367694585,173.3863659573123,54764400,173.29501724243164,175.48302764892577,-0.007394815403936272,0.009755213853561654,174.93673706054688,176.48715209960938,176.6155548095703
2023-10-19,173.26785278320312,175.61810740546204,173.00122187734726,173.84059314667203,59302900,173.37056198120118,175.43385559082031,-0.0021610957941101683,0.009540916084971492,173.6431121826172,174.93673706054688,176.48715209960938
2023-10-20,170.7200927734375,173.22835212793277,170.4830858385587,173.11972583296543,64244000,173.2762550354004,175.33806762695312,-0.014704170270716355,0.0100549270691989,173.26785278320312,173.6431121826172,174.93673706054688
2023-10-23,170.83860778808594,171.8359838309846,167.80695589693704,168.77472302133776,55980100,173.12418060302736,175.24346496582032,0.000694206597027236,0.009888881069023725,170.7200927734375,173.26785278320312,173.6431121826172
2023-10-24,171.27308654785156,171.5002087664513,169.3079436842464,170.8879597127696,43816600,173.1972557067871,175.12456909179687,0.0025432117797667964,0.008356168342077143,170.83860778808594,170.7200927734375,173.26785278320312
2023-10-25,168.9623260498047,170.8978298690587,168.51793618108192,169.7325797223047,57157000,173.23033752441407,174.99915588378906,-0.013491673120524239,0.008683719868926411,171.27308654785156,170.83860778808594,170.7200927734375
2023-10-26,164.804931640625,169.2388405091802,163.600172706508,168.2414494672427,70625300,173.04271240234374,174.80797424316407,-0.02460545203404818,0.010295166297287205,168.9623260498047,171.27308654785156,170.83860778808594
2023-10-27,166.11830139160156,166.8490614359056,164.745668316651,164.82467062426355,58499100,172.89507904052735,174.693818359375,0.007969238164792891,0.010456457463763167,164.804931640625,168.9623260498047,171.27308654785156
2023-10-30,168.16246032714844,169.03147079181505,166.76020302980592,166.90833803254793,51131000,172.7242401123047,174.6108676147461,0.012305440872093065,0.010270625417906597,166.11830139160156,164.804931640625,168.9623260498047
2023-10-31,168.636474609375,168.76484019690602,165.80232095364974,167.23421730907862,44846000,172.64375991821288,174.51073486328124,0.002818787744330198,0.010173285830335565,168.16246032714844,166.11830139160156,164.804931640625
2023-11-01,171.79647827148438,172.05322449399938,167.99457285522465,168.86358325166134,56934900,172.65906677246093,174.4463494873047,0.018738553859294793,0.01092397333337952,168.636474609375,168.16246032714844,166.11830139160156
2023-11-02,175.35150146484375,175.5588693503195,173.26786256268767,173.32711052996643,77334800,172.7904052734375,174.3762368774414,0.020693225083121325,0.011766771587936552,171.79647827148438,168.636474609375,168.16246032714844
2023-11-03,174.4429931640625,174.61088250590672,171.18423421755685,172.06311427874405,79829200,172.74893035888672,174.38156921386718,-0.0051810694131033674,0.011362001044423642,175.35150146484375,171.79647827148438,168.636474609375
2023-11-06,176.99075317382812,177.18825142381783,174.00849494223715,174.17636920813592,63841300,172.76077880859376,174.39381439208984,0.014605115192958706,0.011686609613117436,174.4429931640625,175.35150146484375,171.79647827148438
2023-11-07,179.5483856201172,180.1606346460721,176.73398690556192,176.94135477067297,70530000,172.93013534545898,174.42600646972656,0.014450655757010766,0.01207868910260316,176.99075317382812,174.4429931640625,175.35150146484375
2023-11-08,180.6050262451172,181.15802736111343,179.32126504404005,180.07177947416378,49340300,173.08270492553712,174.40171417236328,0.005884990952999214,0.012026468453694346,179.5483856201172,176.99075317382812,174.4429931640625
2023-11-09,180.1310272216797,181.8196545511001,179.5385174163197,180.674158698568,53763500,173.16664276123046,174.29822387695313,-0.002624506268137816,0.01200999638088005,180.6050262451172,179.5483856201172,176.99075317382812
2023-11-10,184.31369018554688,184.48180071812672,181.47581782404296,181.9108954867133,66133400,173.5515495300293,174.27404174804687,0.02322011387144185,0.012735495583075615,180.1310272216797,180.6050262451172,179.5483856201172
2023-11-13,182.7316131591797,183.94784205398747,182.14822040593083,183.74020094629049,43627500,173.8637725830078,174.18681549072267,-0.0085836110425358,0.012950293982641619,184.31369018554688,180.1310272216797,180.6050262451172
2023-11-14,185.3420562744141,186.0045554032819,184.214816473534,185.599140759526,60108400,174.38403854370117,174.1470574951172,0.014285667762153453,0.012983445545679628,182.7316131591797,184.31369018554688,180.1310272216797
2023-11-15,185.90565490722656,187.3789832148446,185.6782334530312,185.7474572062222,53790500,174.99716567993164,174.25267517089844,0.0030408566956763305,0.012752486270046607,185.3420562744141,182.7316131591797,184.31369018554688
2023-11-16,187.586654663086,188.82266388785249,186.5385061665612,187.4482222334322,54412900,175.7131057739258,174.49757568359374,0.009042219596269385,0.012737012834261452,185.90565490722656,185.3420562744141,182.7316131591797
2023-11-17,187.56686401367188,188.24914348244,186.4594046371221,188.1205937019468,50922700,176.55544433593752,174.7298355102539,-0.00010550137188414244,0.012002506401061092,187.586654663086,185.90565490722656,185.3420562744141
2023-11-20,189.30715942382807,189.7620174322178,187.75473976876387,187.76462241033667,46505100,177.4788719177246,174.97359649658202,0.009278266815983871,0.012002002433214804,187.56686401367188,187.586654663086,185.90565490722656
2023-11-21,188.50621032714844,189.3763655204944,187.61628985249988,189.2675961213261,38134500,178.34052810668945,175.26177276611327,-0.004230949844249876,0.01217567843044817,189.30715942382807,187.56686401367188,187.586654663086
2023-11-22,189.16873168945312,190.77059476808083,188.69410838615653,189.34672485819107,39617700,179.35084838867186,175.6044775390625,0.0035145863956147494,0.011394212579565802,188.50621032714844,189.30715942382807,187.56686401367188
2023-11-24,187.8437042236328,188.76328767363577,187.1317618355013,188.733624664797,24048300,180.50278701782227,175.89046447753907,-0.007004474016326978,0.009440444136367588,189.16873168945312,188.50621032714844,189.30715942382807
2023-11-27,187.66574096679688,188.5358962659671,186.7857030257735,187.79429075090235,40552600,181.58015899658204,176.18730987548827,-0.0009474006998076989,0.009582153674596732,187.8437042236328,189.16873168945312,188.50621032714844
2023-11-28,188.2689208984375,188.94131776896225,187.28011350908017,187.65586514519703,38415400,182.5854820251465,176.43775817871094,0.0032141185095011515,0.009490482098965492,187.66574096679688,187.8437042236328,189.16873168945312
2023-11-29,187.2504272460937,189.9399842182602,186.8549103746581,188.7633011569372,43014200,183.51617965698242,176.64611114501952,-0.005409781112482359,0.009795665976658758,188.2689208984375,187.66574096679688,187.8437042236328
2023-11-30,187.8239288330078,188.1897977650501,186.0836335536744,187.71515943504943,48794400,184.3175521850586,176.93664001464845,0.003062751820375853,0.009276693932235142,187.2504272460937,188.2689208984375,187.66574096679688
2023-12-01,189.09950256347656,189.4159130354433,187.11199034893104,188.1996843513192,45704800,185.00495223999025,177.2834909057617,0.006791327060370778,0.008487563128612218,187.8239288330078,187.2504272460937,188.2689208984375
2023-12-04,187.30975341796875,187.92282418358675,185.3519192531924,187.8536004326293,43389500,185.64829025268554,177.57756134033204,-0.00946458938942496,0.008775678345584912,189.09950256347656,187.8239288330078,187.2504272460937
2023-12-05,191.255126953125,192.2241539878595,188.05138552105933,188.0810636242485,66628400,186.36150894165038,177.92506195068358,0.021063364096969517,0.009304770509243818,187.30975341796875,189.09950256347656,187.8239288330078
2023-12-06,190.1674346923828,192.580111925794,189.95977851245675,192.2735840647624,41089700,186.89246139526367,178.33217895507812,-0.005687127336506781,0.009194618813246716,191.255126953125,187.30975341796875,189.09950256347656
2023-12-07,192.09559631347656,192.817421410012,191.42319951100376,191.46276025185608,47477700,187.46698989868165,178.80807708740235,0.010139283964222257,0.009315314541146915,190.1674346923828,191.255126953125,187.30975341796875
2023-12-08,193.5194854736328,193.79635031367133,191.50231010992096,192.02637677770835,53406400,188.13641281127929,179.30731811523438,0.007412398761253325,0.009259190720023793,192.09559631347656,190.1674346923828,191.255126953125
2023-12-11,191.017807006836,191.32434997590968,189.2775114079841,190.948598334338,60943700,188.47161865234375,179.7462548828125,-0.012927269110260653,0.008748150227240032,193.5194854736328,192.09559631347656,190.1674346923828
2023-12-12,192.53065490722656,192.54053754746204,189.5741159727842,190.91889435682484,52696900,188.9615707397461,180.165283203125,0.007919931257175605,0.008489279158522501,191.017807006836,193.5194854736328,192.09559631347656
2023-12-13,195.74432373046875,195.7838693885932,192.6691320471581,192.90643617191267,70404200,189.48168411254883,180.67524810791016,0.016691725402329993,0.008677812447567487,192.53065490722656,191.017807006836,193.5194854736328
2023-12-14,195.89260864257807,197.38570218691584,193.96443748585023,195.80361960949875,66831600,189.9810317993164,181.16329345703124,0.0007575438678544266,0.008689069537621674,195.74432373046875,192.53065490722656,191.017807006836
2023-12-15,195.35867309570312,196.1793699091571,194.7950456705572,195.3191123528845,128538400,190.36963272094724,181.61597229003905,-0.002725654380605791,0.008632074981612357,195.89260864257807,195.74432373046875,192.53065490722656
2023-12-18,193.69744873046875,194.4291715163129,192.214237877434,193.89520715993984,55751900,190.6761619567871,181.98447143554688,-0.008503458479268922,0.008942013017819531,195.35867309570312,195.89260864257807,195.74432373046875
2023-12-19,194.7357177734375,194.7456004150459,193.69746706046115,193.9644492639128,40714100,190.94758987426758,182.34411010742187,0.0053602618401726865,0.008807947013624869,193.69744873046875,195.35867309570312,195.89260864257807
2023-12-20,192.6493530273437,195.46744514462725,192.6493530273437,194.6961765577493,52242800,191.15474700927734,182.6738720703125,-0.010713826769679469,0.009141058398516339,194.7357177734375,193.69744873046875,195.35867309570312
2023-12-21,192.50100708007807,194.8741537657828,191.3342216528088,193.9051267903215,46482500,191.32136077880858,182.97281951904296,-0.0007700308614302376,0.00913236544733767,192.6493530273437,194.7357177734375,193.69744873046875
2023-12-22,191.4330902099609,193.22282892375424,190.81013681243016,192.9953923922105,37149600,191.500830078125,183.23243591308594,-0.005547591081811465,0.009071495911791929,192.50100708007807,192.6493530273437,194.7357177734375
2023-12-26,190.88926696777344,191.7198615425509,190.671728137998,191.44299668429173,28919300,191.66200637817383,183.51791015625,-0.0028408006243383355,0.009102559149744584,191.4330902099609,192.50100708007807,192.6493530273437
2023-12-27,190.9881286621093,191.3342172608312,188.95118798803827,190.33552729492325,48087700,191.79796676635743,183.8079296875,0.0005179007489852783,0.009086295688045058,190.88926696777344,191.4330902099609,192.50100708007807
2023-12-28,191.413314819336,192.4812284908812,191.00790021395272,191.967044481322,34049900,192.00611114501953,184.13746124267578,0.0022262439042948223,0.008973291004350714,190.9881286621093,190.88926696777344,191.4330902099609
2023-12-29,190.37506103515625,192.2241257878035,189.58401220758475,191.72972215657148,42672100,192.13366775512696,184.47210021972657,-0.005424146095373228,0.009077551320020366,191.413314819336,190.9881286621093,190.88926696777344
2024-01-02,183.5621795654297,186.3308429174033,181.8317668564464,185.0552730997862,82488700,191.8568016052246,184.67798675537108,-0.03578662789486087,0.01207506222084216,190.37506103515625,191.413314819336,190.9881286621093
2024-01-03,182.187728881836,183.7994894661828,181.37689972544035,182.1580658725045,58414500,191.60070037841797,184.90733947753907,-0.0074876572442516,0.012013636499021846,183.5621795654297,190.37506103515625,191.413314819336
2024-01-04,179.87396240234375,181.0407479222472,178.85549196107084,180.11126652815247,71983600,191.0316421508789,185.08804656982423,-0.012699902972021282,0.011035737364894818,182.187728881836,183.5621795654297,190.37506103515625
2024-01-05,179.15206909179688,180.71438617229708,178.15337931927436,179.95301554334404,62379700,190.48087387084962,185.24562622070312,-0.0040133285602067525,0.011020658710219565,179.87396240234375,182.187728881836,183.5621795654297
2024-01-08,183.48309326171875,183.5226540058217,179.46853775144191,180.05193047893468,59144500,190.0502487182617,185.5360415649414,0.0241751278222897,0.012271952013011534,179.15206909179688,179.87396240234375,182.187728881836
2024-01-09,183.0677947998047,183.07767744176536,180.68476543102267,181.8614486084712,42841800,189.5276641845703,185.901298828125,-0.0022634154162731734,0.012061188716680842,183.48309326171875,179.15206909179688,179.87396240234375
2024-01-10,184.1060333251953,184.31367440860305,181.8614365329183,182.2866315170422,46792900,189.18207550048828,186.26105346679688,0.005671333543543211,0.011947830078039342,183.0677947998047,183.48309326171875,179.15206909179688
2024-01-11,183.5127410888672,184.9564063690912,181.5647895230864,184.4521049955326,49128400,188.7311798095703,186.56805908203125,-0.0032225572710057326,0.011729869245464083,184.1060333251953,183.0677947998047,183.48309326171875
2024-01-12,183.83905029296875,184.64987951630312,183.1172251929773,183.97748271061096,40477800,188.13591613769532,186.87211059570313,0.001778128331392237,0.010901806777816126,183.5127410888672,184.1060333251953,183.0677947998047
2024-01-16,181.57467651367188,182.19761480887053,178.90488492167398,180.1211286782067,65603000,187.42001953125,187.06767456054686,-0.012317153377850554,0.011050848413793252,183.83905029296875,183.5127410888672,184.1060333251953
2024-01-17,180.63531494140625,180.8825167727283,178.281963767062,179.24110807963172,47317400,186.68385162353516,187.17335083007814,-0.005173417297510086,0.01105270167740814,181.57467651367188,183.83905029296875,183.5127410888672
2024-01-18,186.5187225341797,187.02300881659585,183.75005912546,184.0071435872404,78005800,186.3249153137207,187.41486541748046,0.03257063877393995,0.013652992103484475,180.63531494140625,181.57467651367188,183.83905029296875
2024-01-19,189.41590881347656,189.8015430260912,186.7065866846462,187.21087293560348,68903000,186.05892486572264,187.66336853027343,0.015532951544668494,0.01411536582841471,186.5187225341797,180.63531494140625,181.57467651367188
2024-01-22,191.71983337402344,193.1437182004388,190.1080727596782,190.14763349819023,60133900,186.01244888305663,187.90679748535158,0.012163310753457557,0.014237857674031042,189.41590881347656,186.5187225341797,180.63531494140625
2024-01-23,192.9954071044922,193.55903452389103,191.66052626402544,192.83720939883847,42355600,186.03716888427735,188.15460510253905,0.006653321714401139,0.014317259732758306,191.71983337402344,189.41590881347656,186.5187225341797
2024-01-24,192.3230133056641,194.18197579456825,192.1648005219272,193.23271418014863,53631300,186.0816650390625,188.39844482421876,-0.0034839886032316247,0.014280853789681752,192.9954071044922,191.71983337402344,189.41590881347656
2024-01-25,191.9967193603516,194.07322080915367,190.94858599423333,193.03497008475264,54822100,186.1370376586914,188.55210540771483,-0.001696593349407971,0.014269775397937121,192.3230133056641,192.9954071044922,191.71983337402344
2024-01-26,190.2663116455078,192.5801172619257,189.79168833424328,192.0956113086777,44594000,186.10094680786133,188.7027993774414,-0.009012694178362701,0.014423445664375504,191.9967193603516,192.3230133056641,192.9954071044922
2024-01-29,189.5840301513672,190.04877081575225,187.4581003710548,189.86089500402176,47145600,186.00948257446288,188.78763885498046,-0.003585929049866765,0.014432859654837316,190.2663116455078,191.9967193603516,192.3230133056641
2024-01-30,185.935302734375,189.65322753238257,185.3716904655712,188.80285272092348,55859400,185.78749465942383,188.78823181152345,-0.01924596398799505,0.015006558456912504,189.5840301513672,190.2663116455078,191.9967193603516
2024-01-31,182.3360595703125,185.0058513431809,182.2866312758536,184.94651023142663,55467800,185.72618865966797,188.68321990966797,-0.019357502911667823,0.01336630644853201,185.935302734375,189.5840301513672,190.2663116455078
2024-02-01,184.76852416992188,184.857513201702,181.7625567551165,181.9306521778128,64885400,185.85522842407227,188.62725311279297,0.013340557020600663,0.01358242962466855,182.3360595703125,185.935302734375,189.5840301513672
2024-02-02,183.76983642578125,185.2332669548565,177.24370243482153,177.84687547061628,102551700,186.05002212524414,188.51650665283202,-0.005405075072322352,0.013296016055794231,184.76852416992188,182.3360595703125,185.935302734375
2024-02-05,185.5793609619141,187.13179578344227,183.75995901240583,186.04410163536497,69668800,186.37138671875,188.45796966552734,0.009846689594587898,0.013373412186704788,183.76983642578125,184.76852416992188,182.3360595703125
2024-02-06,187.18121337890625,187.19109601961685,184.67953227102765,184.76852130142623,43490800,186.55629272460936,188.4182192993164,0.008631630202244889,0.012425703364408215,185.5793609619141,183.76983642578125,184.76852416992188
2024-02-07,187.2899932861328,188.91163664571195,186.49894443287428,188.50622203381667,53439000,186.76740264892578,188.4071450805664,0.0005811475695820523,0.012401782162485029,187.18121337890625,185.5793609619141,183.76983642578125
2024-02-08,186.21218872070312,187.41851968576853,185.25304448034683,187.2702046333428,40962000,186.87271041870116,188.37807403564454,-0.005754736526596305,0.01244870479311709,187.2899932861328,187.18121337890625,185.5793609619141
2024-02-09,186.9745483398437,188.1032264658608,186.1329835945197,186.7765224417052,45155200,187.04580078125,188.35218658447266,0.004094037153948182,0.012436656085500961,186.21218872070312,187.2899932861328,187.18121337890625
2024-02-12,185.2914276123047,186.79633688725167,184.9350021289556,186.54881961012745,41781900,187.1184196472168,188.31300659179686,-0.00900187080264947,0.01263356261420919,186.9745483398437,186.21218872070312,187.2899932861328
2024-02-13,183.202377319336,184.3607714461939,181.68757282391297,183.9251386304961,56529500,187.1998046875,188.22057556152345,-0.01127440335415697,0.012580056662064265,185.2914276123047,186.9745483398437,186.21218872070312
2024-02-14,182.3212127685547,183.6875129162611,180.6282031229016,183.4796068721132,54630500,187.28409957885742,188.085009765625,-0.004809787753165318,0.012571653386397194,183.202377319336,185.2914276123047,186.9745483398437
2024-02-15,182.0340881347656,182.65783644316613,179.5490203671251,181.72716915991907,65434500,187.05986785888672,187.97949645996093,-0.0015748284548412483,0.010060473059020643,182.3212127685547,183.202377319336,185.2914276123047
2024-02-16,180.4994964599609,183.0142804515248,179.86585283584154,181.5984737728991,49752500,186.61404724121093,187.76438385009766,-0.008430243425992745,0.00937004341195946,182.0340881347656,182.3212127685547,183.202377319336
2024-02-20,179.75694274902344,180.6182980286837,178.2124373755958,179.98465441119404,53665600,186.01590270996093,187.55617401123047,-0.004113882451202255,0.008726422881670255,180.4994964599609,182.0340881347656,182.3212127685547
2024-02-21,180.5093994140625,181.0737309260645,178.86588113831095,180.13316833455778,41371400,185.39160232543946,187.3244500732422,0.0041859671928756725,0.00859656450942752,179.75694274902344,180.4994964599609,182.0340881347656
2024-02-22,182.53903198242188,183.1231842228548,180.64801151557128,181.6578711029192,52292200,184.90240325927735,187.10484100341796,0.011243916244514818,0.009190564285162768,180.5093994140625,179.75694274902344,180.4994964599609
2024-02-23,180.7073974609375,183.2023604547528,180.4202689919066,183.1726595934398,45119700,184.33793716430665,186.8986328125,-0.010034207487529367,0.009336936037311758,182.53903198242188,180.5093994140625,179.75694274902344
2024-02-26,179.36090087890625,180.9450021899408,178.8559560281093,180.4301771951628,40867400,183.79266662597655,186.6352377319336,-0.007451253246687495,0.009290283463085513,180.7073974609375,182.53903198242188,180.5093994140625
2024-02-27,180.8163299560547,182.09351248592515,177.77681047698752,179.30152539649055,54318900,183.35428161621093,186.3366778564453,0.008114528138610577,0.009608159051335973,179.36090087890625,180.7073974609375,182.53903198242188
2024-02-28,179.61831665039062,181.30143093346825,178.34113428414614,180.6974882375532,48953900,183.0384323120117,186.01119201660157,-0.006625581361789701,0.008820201229171385,180.8163299560547,179.36090087890625,180.7073974609375
2024-02-29,178.95497131347656,180.75690414056305,177.74708592784262,179.4698114222519,136682600,182.86937789916993,185.68311798095704,-0.0036930829176247126,0.007805929038127899,179.61831665039062,180.8163299560547,179.36090087890625
2024-03-01,177.8758087158203,178.73716395290236,175.61845249589473,177.76690051629518,73563100,182.52474212646484,185.36668518066406,-0.006030358305977868,0.007116440482520468,178.95497131347656,179.61831665039062,180.8163299560547
2024-03-04,173.361083984375,175.14319605787904,172.06408093389737,174.40064432483445,81510100,182.00430450439453,184.9391925048828,-0.025381330738786234,0.008832838269865435,177.8758087158203,178.95497131347656,179.61831665039062
2024-03-05,168.4305419921875,170.33147275577412,167.93550746706842,169.0641855800497,95132400,181.1468635559082,184.45481628417969,-0.028440881187798084,0.010002429091818837,173.361083984375,177.8758087158203,178.95497131347656
2024-03-06,167.44046020507812,169.53941670485264,167.00482743895031,169.36119643359416,68587700,180.1598258972168,183.9536053466797,-0.005878279410602927,0.009490967870370631,168.4305419921875,173.361083984375,177.8758087158203
2024-03-07,167.32168579101562,169.03450118476172,166.81675596481475,167.47019012011697,71765100,179.16141052246093,183.47137725830078,-0.0007093531271774589,0.009451655710190104,167.44046020507812,168.4305419921875,173.361083984375
2024-03-08,169.0344696044922,171.97497562938204,167.26225281020422,167.32165453074688,76267000,178.3025245666504,183.03428131103516,0.010236472369850702,0.010090723947788763,167.32168579101562,167.44046020507812,168.4305419921875
2024-03-11,171.034423828125,172.64824117092596,170.34137853305091,171.22253935977105,60139500,177.50551834106446,182.63520721435546,0.011831635454663925,0.010585034299232441,169.0344696044922,167.32168579101562,167.44046020507812
2024-03-12,171.50965881347656,172.3017170819102,169.31170429451927,171.43045147590772,59825400,176.81642990112306,182.2371340942383,0.002778592605598096,0.010642615067580038,171.034423828125,169.0344696044922,167.32168579101562
2024-03-13,169.43052673339844,171.4700666239107,169.06419090034882,171.05423942259554,52488700,176.12783737182616,181.81824340820313,-0.012122536389272742,0.010675591968903454,171.50965881347656,171.034423828125,169.0344696044922
2024-03-14,171.28195190429688,172.57893998999515,170.34138929390355,171.1928493122845,72913500,175.57587432861328,181.57263885498048,0.01092734117395322,0.011169301145537078,169.43052673339844,171.50965881347656,171.034423828125
2024-03-15,170.90570068359375,170.90570068359375,168.5988381717502,169.47010369924573,121752700,175.0194549560547,181.34699829101564,-0.002196677563047311,0.011165818986613358,171.28195190429688,169.43052673339844,171.50965881347656
2024-03-18,171.9947967529297,175.94517770513775,171.7967859641753,173.82643054023092,75604200,174.59421997070314,181.18941497802734,0.006372497026019275,0.011283157890073678,170.90570068359375,171.28195190429688,169.43052673339844
2024-03-19,174.33135986328125,174.85609525037736,171.31164624406932,172.6086342803731,55215200,174.32294082641602,181.09300079345704,0.013585080214420842,0.011818834843255629,171.9947967529297,170.90570068359375,171.28195190429688
2024-03-20,176.89564514160156,176.89564514160156,173.35119593354975,173.97494430389506,53423100,174.14225311279296,180.96125183105468,0.01470925988491878,0.012307754102573319,174.33135986328125,171.9947967529297,170.90570068359375
2024-03-21,169.66815185546875,175.72738555690037,169.14341639458797,175.2917526971676,106181300,173.49870910644532,180.69325897216797,-0.040857383913252,0.014845776087350743,176.89564514160156,174.33135986328125,171.9947967529297
2024-03-22,170.56910705566406,171.33146450930536,168.37115239719608,170.05426688241553,71160100,172.99179458618164,180.42252044677736,0.005310102045331444,0.014889102342415274,169.66815185546875,176.89564514160156,174.33135986328125
2024-03-25,169.15330505371094,170.2324767040703,167.76719930445816,168.87608692531137,54288300,172.48141479492188,180.1353317260742,-0.008300459716255038,0.014904339715348347,170.56910705566406,169.66815185546875,176.89564514160156
2024-03-26,168.02462768554688,169.71763732680742,167.8959138727621,168.31174106723407,57388400,171.8418296813965,179.8190432739258,-0.006672511470028231,0.0146987940125562,169.15330505371094,170.56910705566406,169.66815185546875
2024-03-27,171.5888671875,171.87599567632833,168.42064920188324,168.71767294274684,60273300,171.44035720825195,179.61932708740235,0.021212601694458044,0.015678435928706515,168.02462768554688,169.15330505371094,170.56910705566406
2024-03-28,169.7770538330078,170.51960569647457,168.81668554767697,170.04437673388762,65672700,170.98146133422853,179.40216186523438,-0.010559037915393255,0.01578841721710577,171.5888671875,168.02462768554688,169.15330505371094
2024-04-01,168.34144592285156,169.54933141950085,167.79690490268092,169.48992969134684,46240500,170.50474319458007,179.0386163330078,-0.008455841809861475,0.01582615721722539,169.7770538330078,171.5888671875,168.02462768554688
2024-04-02,167.16323852539062,167.6582730022656,166.55929585931307,167.4008605129018,49329500,170.19485092163086,178.5935629272461,-0.006998914563208003,0.014944575120057974,168.34144592285156,169.7770538330078,171.5888671875
2024-04-03,167.9652099609375,168.98497988400436,166.90584392266877,167.11374996517486,47691700,170.17158432006835,178.11847045898438,0.00479753468897437,0.013603653951423225,167.16323852539062,168.34144592285156,169.7770538330078
2024-04-04,167.14346313476562,170.2126681045212,167.14346313476562,168.59885072968464,53704400,170.15673446655273,177.60143157958984,-0.0048923632838192566,0.013583191349783873,167.9652099609375,167.16323852539062,168.34144592285156
2024-04-05,167.89593505859375,168.69788868535903,167.27218663455102,167.90583031188157,42104800,170.18544692993163,177.11289001464843,0.0045019524527945,0.013618809035602942,167.14346313476562,167.9652099609375,167.16323852539062
2024-04-08,166.77713012695312,167.51968192191484,166.5692240844266,167.3513719945941,37425500,170.07257995605468,176.60849822998046,-0.006663680876193734,0.013490944795673856,167.89593505859375,167.14346313476562,167.9652099609375
2024-04-09,167.98501586914062,168.39094781013864,166.67813256359855,167.02464767080627,42373800,169.92010955810548,176.16287231445312,0.007242514254010901,0.013306416495911558,166.77713012695312,167.89593505859375,167.14346313476562
2024-04-10,166.11378479003906,167.4107728345435,165.45044033625643,167.12365945587084,49709300,169.6503158569336,175.69346740722656,-0.011139273758554946,0.013471549353053664,167.98501586914062,166.77713012695312,167.89593505859375
2024-04-11,173.3016815185547,173.7175238179071,166.49001666248702,166.66822184170525,91070300,169.8438735961914,175.44079498291015,0.04327092262451804,0.0165234321892697,166.11378479003906,167.98501586914062,166.77713012695312
2024-04-12,174.7967071533203,176.58872985356905,172.47994902506244,172.52944039553972,101670900,170.01961135864258,175.29000793457033,0.008626723189674168,0.016460474891884114,173.3016815185547,166.11378479003906,167.98501586914062
2024-04-15,170.9750213623047,174.8758957155582,170.78690583147454,173.6185038309996,73531800,170.02307739257813,175.01413787841796,-0.02186360288620015,0.017239601531054177,174.7967071533203,173.3016815185547,166.11378479003906
2024-04-16,167.69789123535156,172.03438316124112,166.59891404642835,170.0443499195711,73711200,169.80823211669923,174.69269897460939,-0.01916730350925777,0.017695190446266437,170.9750213623047,174.7967071533203,173.3016815185547
2024-04-17,166.3315887451172,168.9552655008738,166.3315887451172,167.9256004082147,50901200,169.40824356079102,174.30774353027343,-0.008147404121599089,0.017409908103852845,167.69789123535156,170.9750213623047,174.7967071533203
2024-04-18,165.38111877441406,166.96523521407434,164.8959946340493,166.36129252101995,43122900,168.83251724243163,173.8717416381836,-0.005714308255418632,0.016958882162643605,166.3315887451172,167.69789123535156,170.9750213623047
2024-04-19,163.3614044189453,164.7474951408098,162.4505426435407,164.55939469854349,68149400,168.51717987060547,173.39316986083983,-0.012212484535333856,0.014668145494600257,165.38111877441406,166.3315887451172,167.69789123535156
2024-04-22,164.19305419921875,165.59895049362888,163.1336881290828,163.87623994630854,48116400,168.1983772277832,172.95278717041015,0.0050908584143942726,0.014662639900768892,163.3614044189453,165.38111877441406,166.3315887451172
2024-04-23,165.24249267578125,165.3910120745114,163.2821604920133,163.70789797300347,49537800,168.00283660888672,172.51814605712892,0.006391491294687857,0.01468795391043861,164.19305419921875,163.3614044189453,165.38111877441406
2024-04-24,167.3414764404297,167.6186945681344,164.55938480415762,164.88609429896647,48251800,167.96867904663085,172.1591470336914,0.012702445543270713,0.014935675647432216,165.24249267578125,164.19305419921875,163.3614044189453
2024-04-25,168.2028350830078,168.9156860278579,166.4801094484109,167.84640961058278,50558300,167.79937744140625,171.85915618896485,0.005147311120353049,0.014140001142118172,167.3414764404297,165.24249267578125,164.19305419921875
2024-04-26,167.61866760253906,169.63840150907166,167.49984906174126,168.19290937676217,44838400,167.69145812988282,171.56510528564453,-0.003472994258274298,0.013973086513685866,168.2028350830078,167.3414764404297,165.24249267578125
2024-04-29,171.77699279785156,174.28186646983917,171.38097119165224,171.64827897757164,68169400,167.8632354736328,171.35996337890626,0.024808246329536487,0.014929243928445728,167.61866760253906,168.2028350830078,167.3414764404297
2024-04-30,168.63844299316406,173.25216784182598,168.3117184327478,171.6086497890361,65934800,167.93699569702147,171.1227423095703,-0.018271072007768674,0.01545520506512476,171.77699279785156,167.61866760253906,168.2028350830078
2024-05-01,167.61866760253906,170.99480617347464,167.43055209459067,167.89588568564642,50383100,167.91966857910157,170.87997680664063,-0.006047111041379449,0.015488607743086321,168.63844299316406,171.77699279785156,167.61866760253906
2024-05-02,171.3116455078125,171.69777183075684,169.19289835753364,170.79680537480178,94214900,168.1280776977539,170.69602172851563,0.022032020407358743,0.01619414629887596,167.61866760253906,168.63844299316406,171.77699279785156
2024-05-03,181.55886840820312,185.14291355827163,180.84601747897057,184.7963833456082,163224100,168.81122436523438,170.67641845703125,0.05981626567192899,0.020821933486342852,171.3116455078125,167.61866760253906,168.63844299316406
2024-05-06,179.9054718017578,182.370734315354,178.62827413884693,180.5391154531437,78569700,169.4676414489746,170.66037994384766,-0.009106669483794905,0.020895568899655673,181.55886840820312,171.3116455078125,167.61866760253906
2024-05-07,180.58859252929688,183.06376520709568,179.51933122687228,181.6281680754234,77305800,170.09782028198242,170.68493377685547,0.003797109230184059,0.0208816216007913,179.9054718017578,181.55886840820312,171.3116455078125
2024-05-08,180.9252319335937,181.25195654794928,179.6480343404535,181.0341401383789,45057100,170.83839263916016,170.68711181640626,0.0018641233069149887,0.02059152596460867,180.58859252929688,179.9054718017578,181.55886840820312
2024-05-09,182.737060546875,182.826163139894,180.3014839202349,180.7470119925852,48983000,171.31016159057617,170.74948669433593,0.010014239550325987,0.018533916731363495,180.9252319335937,180.58859252929688,179.9054718017578
2024-05-10,181.4779815673828,183.5004555242596,180.56588428269347,183.3120848114248,50759500,171.64422531127929,170.79994689941407,-0.006890112907169232,0.018602448902766296,182.737060546875,180.9252319335937,180.58859252929688
2024-05-13,184.68019104003903,185.4931559868038,183.03444380225457,183.8474087490193,72044800,172.32948379516603,170.93603454589845,0.01764516799778959,0.01801925472086979,181.4779815673828,182.737060546875,180.9252319335937
2024-05-14,185.82032775878903,186.6828664107388,184.6901187820661,185.8996425272296,52393600,173.2356056213379,171.1852194213867,0.006173573420783507,0.017174584428160212,184.68019104003903,181.4779815673828,182.737060546875
2024-05-15,188.09068298339844,189.0126888680272,185.76085876781028,186.2962297111884,70400000,174.32356033325195,171.57842224121094,0.01221801323887739,0.01693862270352535,185.82032775878903,184.68019104003903,181.4779815673828
2024-05-16,188.2096405029297,189.458829238671,188.0311936136785,188.8342348708004,52845200,175.46498641967773,171.99380584716798,0.000632447698335703,0.01676021940748029,188.09068298339844,185.82032775878903,184.68019104003903
2024-05-17,188.2393798828125,189.1713095252472,187.55530322495105,187.8824709799172,41282900,176.7088851928711,172.41215972900392,0.00015801199026443946,0.01624924376797744,188.2096405029297,188.09068298339844,185.82032775878903
2024-05-20,189.3993377685547,190.2717851507536,187.3867726618656,187.70403175639103,44361300,177.96919937133788,172.81945709228515,0.006162142514835711,0.016243567916680825,188.2393798828125,188.2096405029297,188.09068298339844
2024-05-21,190.69810485839844,191.07483113273048,189.2803778274553,189.44891605266244,42309400,179.24197998046876,173.21273071289062,0.006857294778035872,0.016242547639672585,189.3993377685547,188.2393798828125,188.2096405029297
2024-05-22,189.2605438232422,191.1640681663492,188.63596455316463,190.6187885434668,34648500,180.3379333496094,173.56774841308595,-0.00753841280291534,0.01651726509756296,190.69810485839844,189.3993377685547,188.2393798828125
2024-05-23,185.27505493164065,189.35966699130785,185.0272019643745,189.33983451815809,51005900,181.19154434204103,173.88463897705077,-0.021058213249792512,0.017616359745514957,189.2605438232422,190.69810485839844,189.3993377685547
2024-05-24,188.3484649658203,188.943318272004,186.42512308727407,187.1984384364121,36327000,182.22803421020507,174.22596923828124,0.01658836390745444,0.01768016320408859,185.27505493164065,189.2605438232422,190.69810485839844
2024-05-28,188.35836791992188,191.3425125399711,187.4760118609873,189.86530324069457,52280100,183.0571029663086,174.5750225830078,5.257783281309436e-05,0.01715225456341816,188.3484649658203,185.27505493164065,189.2605438232422
2024-05-29,188.65579223632807,190.5989665094868,187.88249204796583,187.9816393040112,53068000,184.0579704284668,174.90824249267578,0.0015790342616084363,0.01630302329433034,188.35836791992188,188.3484649658203,185.27505493164065
2024-05-30,189.64718627929688,190.52954231443272,188.9928658858645,189.12173915319045,49889100,185.15939636230468,175.2145590209961,0.005255041635439994,0.01606684341009437,188.65579223632807,188.35836791992188,188.3484649658203
2024-05-31,190.5989685058593,190.9162276263297,188.27906791647348,189.7959271578217,75158300,186.12376251220704,175.48862548828126,0.0050186994346475,0.015635363198537026,189.64718627929688,188.65579223632807,188.35836791992188
2024-06-03,192.36366271972656,193.31542486412093,190.86663609575567,191.24336235629545,50080500,186.66400222778321,175.9425357055664,0.009258676621920037,0.009110565145965357,190.5989685058593,189.64718627929688,188.65579223632807
2024-06-04,192.680908203125,193.64257895328527,191.37223723797064,192.9684109970025,47471400,187.30277404785156,176.38477172851563,0.0016491965213860649,0.008669161682238241,192.36366271972656,190.5989685058593,189.64718627929688
2024-06-05,194.1878662109375,195.20901937445225,193.19645419760303,193.72190135445047,54156800,187.98273773193358,176.88546295166014,0.00782100324243773,0.00872362999486345,192.680908203125,192.36366271972656,190.5989685058593
2024-06-06,192.809799194336,194.8124556459051,192.5024638984892,194.0094143560484,41181800,188.57696609497071,177.38116638183592,-0.0070965660393248475,0.009045587130702458,194.1878662109375,192.680908203125,192.36366271972656
2024-06-07,195.19911193847656,195.2486855650071,192.47272888451312,192.978343568532,53103900,189.20006866455077,177.85337127685546,0.012392071119436965,0.009154489714183707,192.809799194336,194.1878662109375,192.680908203125
2024-06-10,191.46145629882807,195.60556579928584,190.49978557066368,195.20899197297103,97010200,189.69924240112306,178.28705932617189,-0.019147913136134287,0.01022361282575586,195.19911193847656,192.809799194336,194.1878662109375
2024-06-11,205.37098693847656,205.38091074009856,191.9671077738812,191.9869251216324,172373300,190.73378219604493,179.02765014648438,0.07264924705230946,0.018497194940483075,191.46145629882807,195.19911193847656,192.809799194336
2024-06-12,211.2401428222656,218.30889945026047,205.1231180281253,205.58908283581823,198134300,192.00477294921876,179.90918823242188,0.02857831075013184,0.019206188797167206,205.37098693847656,191.46145629882807,195.19911193847656
2024-06-13,212.4001007080078,214.888539245905,209.7827737762817,212.8958066808934,97862700,193.22024383544922,180.79788604736328,0.005491181128002731,0.019161502651476314,211.2401428222656,205.37098693847656,191.46145629882807
2024-06-14,210.6651306152344,213.3221073788285,209.4853479747781,212.01345147179217,70122700,194.34301834106446,181.66831939697266,-0.008168405226693043,0.01939726949829675,212.4001007080078,211.2401428222656,205.37098693847656
2024-06-17,214.8092193603516,217.0696373326701,210.8931452933454,211.5375569916551,93728300,195.6715103149414,182.60658508300781,0.019671450766506338,0.01958704637405163,210.6651306152344,212.4001007080078,211.2401428222656
2024-06-18,212.4496612548828,216.75240063817128,211.1707464886947,215.7213237330737,79943300,196.82402648925782,183.5200357055664,-0.01098443592176801,0.019987627374737166,214.8092193603516,210.6651306152344,212.4001007080078
2024-06-20,207.8792419433593,212.4000929584359,207.05638337080816,212.0927425591543,86172500,197.68308334350587,184.3179202270508,-0.021512951748321463,0.020905014245661414,212.4496612548828,214.8092193603516,210.6651306152344
2024-06-21,205.70806884765625,210.0702753319445,205.33132746963065,208.5831574221536,241805100,198.50545959472657,185.10980590820313,-0.010444395868513978,0.02100314117486025,207.8792419433593,212.4496612548828,214.8092193603516
2024-06-24,206.3524627685547,210.87329840415435,204.8157713686944,205.9360716050384,80727000,199.55932998657227,185.77082153320313,0.0031325651176845604,0.020139931499503612,205.70806884765625,207.8792419433593,212.4496612548828
2024-06-25,207.2744903564453,209.56464939365068,206.8184342324815,207.35378999494392,55549700,200.50563125610353,186.42037719726562,0.004468217027895571,0.01997320383884257,206.3524627685547,205.70806884765625,207.8792419433593
2024-06-26,211.4185943603516,213.01476817493463,208.8310086144187,209.68362348048936,66213200,201.658642578125,187.22924865722655,0.01999331416412975,0.020210422254959268,207.2744903564453,206.3524627685547,205.70806884765625
2024-06-27,212.2613067626953,213.8872217725645,210.5263358320774,212.8462361886446,49772700,202.83891830444335,188.12051696777343,0.003985989997206119,0.020189991380926555,211.4185943603516,207.2744903564453,206.3524627685547
2024-06-28,208.8111724853516,214.21437951883613,208.4939285392998,213.9169529190877,82542700,203.7971176147461,188.9701086425781,-0.0162541837227117,0.020801018030556173,212.2613067626953,211.4185943603516,207.2744903564453
2024-07-01,214.88853454589844,215.6420021622164,210.10001313722785,210.26855134899324,60402900,205.01159591674804,189.96025695800782,0.02910458280661765,0.021486570922718343,208.8111724853516,212.2613067626953,211.4185943603516
2024-07-02,218.37831115722656,218.4873670751859,213.2527132686293,214.2936836981781,58046200,206.31232833862305,191.06059509277344,0.01623993862074924,0.021594809397994325,214.88853454589844,208.8111724853516,212.2613067626953
2024-07-03,219.64732360839844,219.64732360839844,217.1489612238199,218.1106320389385,37369800,207.66064910888673,192.16968048095703,0.005811073656752486,0.021564841826856983,218.37831115722656,214.88853454589844,208.8111724853516
2024-07-05,224.3961639404297,224.5052198536283,219.7464397478406,219.7464397478406,60412400,209.17106399536132,193.35275390625,0.021620296819540474,0.021818938941197866,219.64732360839844,218.37831115722656,214.88853454589844
2024-07-08,225.86346435546875,225.8932055019905,221.3327047505454,225.1397227827852,59085900,210.82374725341796,194.52319366455077,0.006538883683540053,0.02155099859127945,224.3961639404297,219.64732360839844,218.37831115722656
2024-07-09,226.71609497070312,227.42991284004063,224.4259356098064,225.9725359507888,48076100,212.39959640502929,195.69345886230468,0.003774982455296394,0.021548037164494025,225.86346435546875,224.3961639404297,219.64732360839844
2024-07-10,230.9791412353516,231.0782884768828,227.28117906796425,227.3307526887298,62627700,214.37548065185547,196.96066833496093,0.018803456654453043,0.020711581318287046,226.71609497070312,225.86346435546875,224.3961639404297
2024-07-11,225.6156311035156,230.39422897123265,223.83108651749723,229.40281699319425,64710600,215.38771286010743,198.03744110107422,-0.02322075535977053,0.015890495372029027,230.9791412353516,226.71609497070312,225.86346435546875
2024-07-12,228.5601043701172,230.64207551688347,226.71607753741577,226.9540218514806,53046500,216.2537109375,199.23587432861328,0.013050838952069821,0.015024960005634781,225.6156311035156,230.9791412353516,226.71609497070312
2024-07-15,232.386947631836,235.1926451763578,231.08820043911544,234.44908623752588,62631300,217.2530532836914,200.53123992919922,0.016743268788160126,0.015289893919245677,228.5601043701172,225.6156311035156,230.9791412353516
2024-07-16,232.8033599853516,234.24090427881208,230.33473879844303,232.98180687397965,43234300,218.35996475219727,201.76107421875,0.0017918921770740948,0.015011183303424516,232.386947631836,228.5601043701172,225.6156311035156
2024-07-17,226.9143829345703,229.4722277046436,224.6936146131452,227.4794799069808,57345900,218.9652229309082,202.66818450927735,-0.025295928079181573,0.01604807083659866,232.8033599853516,232.386947631836,228.5601043701172
2024-07-18,222.2547149658203,228.46096321097224,220.36112971273343,228.3023336745397,66034600,219.4554756164551,203.5151693725586,-0.020534916775608703,0.016614046328467323,226.9143829345703,232.8033599853516,232.386947631836
2024-07-19,222.3836212158203,224.85224251867805,221.36246807560823,222.8892510128404,49151500,220.18069458007812,204.35106994628907,0.0005799933199159835,0.015647486340070186,222.2547149658203,226.9143829345703,232.8033599853516
2024-07-22,222.0366058349609,225.8237912569016,221.17406723372827,225.06039989232605,48201800,220.99712142944335,205.17329742431642,-0.0015604358763572357,0.015354318533005302,222.3836212158203,222.2547149658203,226.9143829345703
2024-07-23,223.0776214599609,224.99105459605977,220.7676295522315,222.4431183487035,39960300,221.83337936401367,205.98010864257813,0.004688486482151477,0.015353961053155207,222.0366058349609,222.3836212158203,222.2547149658203
2024-07-24,216.6631622314453,222.86941075843336,215.26528287042115,222.07627816799848,61777600,222.30281295776368,206.68381225585938,-0.028754382382846444,0.0170103290176274,223.0776214599609,222.0366058349609,222.3836212158203
2024-07-25,215.62217712402344,218.95332167523745,212.77681471652627,217.0497975364767,51391200,222.51299209594725,207.30265197753906,-0.004804624361154031,0.01655468393070075,216.6631622314453,223.0776214599609,222.0366058349609
2024-07-26,216.08816528320312,217.60502442671483,214.15489978899527,216.82180047841348,41601300,222.70433502197267,207.90800872802734,0.002161132799024079,0.016543054655528088,215.62217712402344,216.6631622314453,223.0776214599609
2024-07-29,216.36573791503903,217.41663210574904,213.8971168447476,215.0967318967012,36311800,223.08206329345703,208.47350982666015,0.0012845341690606027,0.016036022095534792,216.08816528320312,215.62217712402344,216.6631622314453
2024-07-30,216.9209442138672,218.437803332798,214.2639522414761,217.3075942808937,41643800,223.18368377685547,209.0477359008789,0.0025660546081753832,0.014709690589573205,216.36573791503903,216.08816528320312,215.62217712402344
2024-07-31,220.17274475097656,221.8978068103832,218.73520059867647,219.5382417741392,50036300,223.27340545654297,209.68640319824217,0.014990717235230822,0.014642166032504903,216.9209442138672,216.36573791503903,216.08816528320312
2024-08-01,216.4847106933593,222.552146893606,215.1562223313537,222.44309097566543,62501000,223.11527481079102,210.2281106567383,-0.016750638512448845,0.015075114046864069,220.17274475097656,216.9209442138672,216.36573791503903
2024-08-02,217.9718170166016,223.6625266661827,215.8402875210575,217.2679079240609,105568600,222.7940574645996,210.77358489990235,0.006869336492537403,0.01426923354765544,216.4847106933593,220.17274475097656,216.9209442138672
2024-08-05,207.4727783203125,211.66644653820467,194.3167378055649,197.3801970311264,119548600,221.8745231628418,211.13782958984376,-0.04816695497606205,0.017544137678984408,217.9718170166016,216.4847106933593,220.17274475097656
2024-08-06,205.4502868652344,208.18659343179937,199.343200967242,203.5368691310161,69660500,220.81123275756835,211.54133422851564,-0.009748225629656382,0.0174855940657367,207.4727783203125,217.9718170166016,216.4847106933593
2024-08-07,208.01808166503903,211.8052677945223,204.6175304986164,205.12314519344287,63516400,219.66317977905274,211.9347265625,0.012498375344148327,0.017090677306617643,205.4502868652344,207.4727783203125,217.9718170166016
2024-08-08,211.47808837890625,212.36044444161047,207.0365669160157,211.279809007194,47161100,218.95630264282227,212.3971209716797,0.016633201720601898,0.017187421566636843,208.01808166503903,205.4502868652344,207.4727783203125
2024-08-09,214.38291931152344,214.9182750928265,210.1495861717322,210.2784745623819,42201600,218.24744338989257,212.91166351318358,0.013735848261558825,0.017221922854923778,211.47808837890625,208.01808166503903,205.4502868652344
2024-08-12,215.91148376464844,217.87674748817912,213.9958510490632,214.46235526228747,38028100,217.4236701965332,213.43694946289062,0.007130066415896863,0.01676849655596674,214.38291931152344,211.47808837890625,208.01808166503903
2024-08-13,219.62364196777344,220.2390240033397,217.38044783379533,217.38044783379533,44155300,216.7646842956543,214.01744293212892,0.017192963238450876,0.017368845743947224,215.91148376464844,214.38291931152344,211.47808837890625
2024-08-14,220.07028198242188,221.3705324358261,218.06530765715263,218.9288446755302,41960600,216.42247924804687,214.5715753173828,0.002033660905750745,0.016559078351213875,219.62364196777344,215.91148376464844,214.38291931152344
2024-08-15,223.0479736328125,223.6732909687273,221.10255033510867,222.9288713384501,46414000,216.46214218139647,215.17891662597657,0.013530639501013964,0.01623586631752976,220.07028198242188,219.62364196777344,215.91148376464844
2024-08-16,224.3680877685547,225.1422830006272,221.98593577772976,222.25393109506464,44340200,216.5613655090332,215.78252105712892,0.005918521088720485,0.016284428380452944,223.0479736328125,220.07028198242188,219.62364196777344
2024-08-19,224.20925903320312,224.30852103873067,221.38045847347976,224.0405257400108,40687800,216.6699981689453,216.41051025390624,-0.0007078936088067422,0.01627966659386791,224.3680877685547,223.0479736328125,220.07028198242188
2024-08-20,224.8246612548828,225.4797542015927,223.7725505409132,224.09017687092657,30299000,216.7573501586914,217.00302124023438,0.0027447672069089712,0.01625985889900718,224.20925903320312,224.3680877685547,223.0479736328125
2024-08-21,224.71548461914065,226.2837305852908,223.37553826276908,224.8346020684513,34765500,217.15996627807618,217.66810180664064,-0.00048560791833407446,0.0147388925067931,224.8246612548828,224.20925903320312,224.3680877685547
2024-08-22,222.85939025878903,226.64103964823343,222.2340729078472,226.09512887719345,43695300,217.52182693481444,218.01786987304686,-0.008259752831441203,0.01484188957299867,224.71548461914065,224.8246612548828,224.20925903320312
2024-08-23,225.1521911621093,226.52192810531065,222.66087229355688,223.98097823318813,38677300,217.97502822875975,218.29611083984375,0.010288105431221828,0.014964240008140981,222.85939025878903,224.71548461914065,224.8246612548828
2024-08-26,225.4896545410156,225.58891654674125,222.22414052811973,225.0727813784282,30602200,218.43122406005858,218.5579019165039,0.0014988234276758217,0.014963653201311353,225.1521911621093,222.85939025878903,224.71548461914065
2024-08-27,226.3333282470703,227.14723425887112,223.2166922063853,224.31843379232603,35934600,218.90184326171874,218.87126586914061,0.003741518464658755,0.014967575454358237,225.4896545410156,225.1521911621093,222.85939025878903
2024-08-28,224.80479431152344,228.14971479709,224.0008084384826,226.2241470491685,38052200,219.1334457397461,219.07117736816406,-0.006753463784521796,0.014780774195487033,226.3333282470703,225.4896545410156,225.1521911621093
2024-08-29,228.0802459716797,231.1869621230462,227.1770283167567,228.3879521456165,51906300,219.7132225036621,219.3837890625,0.014570203763614176,0.014439987064712998,224.80479431152344,226.3333282470703,225.4896545410156
2024-08-30,227.296127319336,228.68570457235603,225.78743262658827,228.4772755570311,52990800,220.17943801879883,219.77212677001953,-0.0034379069042264065,0.01446775383762919,228.0802459716797,224.80479431152344,226.3333282470703
2024-09-03,221.11248779296875,227.2961293418145,219.52438650802387,226.8494805883164,50190600,220.86142349243164,220.0802151489258,-0.027205212861720396,0.010961557580443718,227.296127319336,228.0802459716797,224.80479431152344
2024-09-04,219.206771850586,220.12984491677884,215.8618360334932,220.01074262314265,43840200,221.54924774169922,220.33730133056642,-0.008618762157690085,0.010893789149769531,221.11248779296875,227.296127319336,228.0802459716797
2024-09-05,220.7253875732422,223.80231295165623,219.8717857931132,219.9809679444758,36615400,222.1846130371094,220.60631927490235,0.00692777741232975,0.010716057975851352,219.206771850586,221.11248779296875,227.296127319336
2024-09-06,219.176986694336,223.56409767944487,218.1347962348173,222.2836874978132,48423000,222.56955795288087,220.76148712158204,-0.007015055657756619,0.010436394859920654,220.7253875732422,219.206771850586,221.11248779296875
2024-09-09,219.26632690429688,219.6236489368284,215.09757995493325,219.17700018247805,67180000,222.81372833251953,220.90158752441405,0.0004076167452993218,0.010055492908095674,219.176986694336,220.7253875732422,219.206771850586
2024-09-10,218.47227478027344,219.83207646515768,215.1174187834135,217.29112653781647,51591000,222.94176788330077,221.0948095703125,-0.0036214047785367853,0.010007654635133778,219.26632690429688,219.176986694336,220.7253875732422
2024-09-11,221.00331115722656,221.4301044903715,216.2687979033432,219.81224273641337,44587100,223.01075134277343,221.21710510253905,0.011585160540387607,0.009589207613715284,218.47227478027344,219.26632690429688,219.176986694336
2024-09-12,221.11248779296875,221.8866830044339,218.1844402475294,220.8444924827673,37455600,223.06286163330077,221.2717886352539,0.0004940045249570701,0.009581216461752667,221.00331115722656,218.47227478027344,219.26632690429688
2024-09-13,220.844482421875,222.37301734416337,220.2588759685165,221.91644846858927,36766600,222.95268707275392,221.29573181152344,-0.001212077046253035,0.009061128644615153,221.11248779296875,221.00331115722656,218.47227478027344
2024-09-16,214.71046447753903,215.6037619118882,212.3283127438496,214.9288136198369,59357400,222.4698059082031,221.10201782226562,-0.02777528275584562,0.010782179556606373,220.844482421875,221.11248779296875,221.00331115722656
2024-09-17,215.1769561767578,215.2861383219032,212.90400170360127,214.1447010142284,45519300,222.01819076538087,220.8882876586914,0.002172654697356835,0.01082150789457425,214.71046447753903,220.844482421875,221.11248779296875
2024-09-18,219.0479431152344,221.05291740528648,215.921371822364,215.931307109631,59894900,221.72935485839844,220.73492462158202,0.01798978388418493,0.011676299563441487,215.1769561767578,214.71046447753903,220.844482421875
2024-09-19,227.1670837402344,228.11002736409569,222.9586412306041,223.31596324984213,66781300,221.85193481445313,220.6586834716797,0.03706558714741637,0.0144846299126606,219.0479431152344,215.1769561767578,214.71046447753903
2024-09-20,226.5020904541016,231.355706137216,225.9264040870641,228.258925130642,318679900,222.03406982421876,220.67641265869142,-0.002927331174851111,0.014360694749896291,227.1670837402344,219.0479431152344,215.1769561767578
2024-09-23,224.784912109375,227.74273466463865,224.1298193183676,225.64843387781443,54146000,222.01570587158204,220.60090881347656,-0.007581291374767929,0.014302196704454996,226.5020904541016,227.1670837402344,219.0479431152344
2024-09-24,225.67825317382807,227.64353192764617,224.050456167142,226.94872814757065,43556100,222.02513580322267,220.4667349243164,0.003974203855899416,0.014326401183065173,224.784912109375,226.5020904541016,227.1670837402344
2024-09-25,224.68569946289065,225.59885242729763,222.3531936181764,223.2564112941643,42308700,221.94275436401367,220.3043817138672,-0.004398091960473027,0.014334288365020698,225.67825317382807,224.784912109375,226.5020904541016
2024-09-26,225.8271331787109,226.7998372114188,223.7328321067472,225.60876888531143,36636700,221.99387130737304,220.28263671875,0.0050801351334279765,0.014296674117108592,224.68569946289065,225.67825317382807,224.784912109375
2024-09-27,226.0951232910156,227.81226214161185,225.6087788258606,226.7601514881057,34026000,221.89461517333984,220.3594448852539,0.0011867046644595813,0.013902536463335755,225.8271331787109,224.68569946289065,225.67825317382807
2024-09-30,231.2663726806641,231.2663726806641,227.9412921655648,228.32838978012128,54541900,222.09312744140624,220.5370999145508,0.022872007650480697,0.014809679968167526,226.0951232910156,225.8271331787109,224.68569946289065
2024-10-01,224.52688598632807,227.9412778656533,222.07526286618744,227.81225543239967,63285000,222.26384735107422,220.58690551757812,-0.02914166299327059,0.015008573250034898,231.2663726806641,226.0951232910156,225.8271331787109
2024-10-02,225.09263610839844,225.6782425626932,221.360617941662,224.20925878310885,32880600,222.55814056396486,220.62720581054688,0.0025197433242130085,0.014843566459950226,224.52688598632807,231.2663726806641,226.0951232910156
2024-10-03,223.99090576171875,225.1224230122484,221.65839996957536,223.4648504260935,34044200,222.72141647338867,220.77376068115234,-0.004894564148020919,0.014848511831573163,225.09263610839844,224.52688598632807,231.2663726806641
2024-10-04,225.11251831054688,226.3035867909213,222.46238601950515,226.2043247736995,37245100,223.01819305419923,220.9635675048828,0.005007402175610132,0.014756888079842014,223.99090576171875,225.09263610839844,224.52688598632807
2024-10-07,220.0405120849609,224.0107499786272,219.6831900687208,222.8296017820206,39505400,223.05690231323243,221.04261444091796,-0.022530982566633773,0.015702480458983648,225.11251831054688,223.99090576171875,225.09263610839844
2024-10-08,224.09014892578125,224.2985779267605,221.588894897244,222.63108533790577,31855700,223.33779602050782,221.19710266113282,0.01840405115607391,0.016178626548891045,220.0405120849609,225.11251831054688,223.99090576171875
2024-10-09,227.8321075439453,228.04055170887608,223.1571606453159,223.554178398676,33591100,223.67923583984376,221.4153259277344,0.016698452101093553,0.016387198476369946,224.09014892578125,220.0405120849609,225.11251831054688
2024-10-10,227.33580017089844,227.7923841625437,225.47971892420364,226.0851807689644,28183500,223.99040145874022,221.55858703613282,-0.00217839082646043,0.01640800396965692,227.8321075439453,224.09014892578125,220.0405120849609
2024-10-11,225.8569183349609,227.70307961960657,225.6484741750507,227.5938974682738,31759200,224.24102325439452,221.74603118896485,-0.006505274729390553,0.016496782281799245,227.33580017089844,227.8321075439453,224.09014892578125
2024-10-14,229.5790252685547,230.00581860221664,226.89911753216435,226.99836439928595,39882100,224.9844512939453,221.9781753540039,0.016479933229557542,0.015324769745004933,225.8569183349609,227.33580017089844,227.8321075439453
2024-10-15,232.1100616455078,235.7229778767219,230.64106257641825,231.8718418962686,64751400,225.83110656738282,222.4709210205078,0.01102468474196372,0.015413066359349279,229.5790252685547,225.8569183349609,227.33580017089844
2024-10-16,230.0554351806641,230.3929017691756,228.12986736523644,229.8767817438953,34082200,226.3814811706543,222.9630239868164,-0.008851949158419803,0.015290425994543824,232.1100616455078,229.5790252685547,225.8569183349609
2024-10-17,230.4226837158203,232.11004699556463,228.8048220166126,231.69315867439417,32993800,226.54426116943358,223.41111602783204,0.0015963480057221702,0.012957220668370338,230.0554351806641,232.1100616455078,229.5790252685547
2024-10-18,233.25148010253903,234.4226930307779,232.26884075534687,234.4226930307779,46431500,226.88173065185546,223.8465838623047,0.012276553423913095,0.013171768750311228,230.4226837158203,230.0554351806641,232.1100616455078
2024-10-21,234.7204742431641,235.08773156933623,232.7055796017645,232.7055796017645,36254500,227.3785087585449,224.2533349609375,0.00629789847412443,0.013030110984827347,233.25148010253903,230.4226837158203,230.0554351806641
2024-10-22,234.10508728027344,234.4624093106695,230.8693487210388,232.14974382855843,38846600,227.7998504638672,224.61720703125,-0.002621786466966314,0.013067483770015107,234.7204742431641,233.25148010253903,230.4226837158203
2024-10-23,229.04302978515625,233.39044533687328,226.0653512199268,232.33833466706656,52287000,228.01771697998046,224.80559478759767,-0.02162301363855812,0.014037183900548577,234.10508728027344,234.7204742431641,233.25148010253903
2024-10-24,228.8544311523437,229.10257100562325,226.71049918514768,228.26880958821053,31109500,228.1690818786621,224.9812777709961,-0.0008234200926763302,0.014010128039165636,229.04302978515625,234.10508728027344,234.7204742431641
2024-10-25,229.68820190429688,231.484732210271,227.8618960243761,228.03062932515897,38802300,228.34873580932617,225.11408233642578,0.0036432362168166144,0.01402482966870193,228.8544311523437,229.04302978515625,234.10508728027344
2024-10-28,231.6633758544922,232.98348177622344,230.8197093862656,231.5839844241638,36087100,228.36858596801758,225.25998809814453,0.008599370511064741,0.013185011995145008,229.68820190429688,228.8544311523437,229.04302978515625
2024-10-29,231.9313507080078,232.58644353988512,230.59140461944537,231.3655997315715,35417200,228.73880920410156,225.41442993164063,0.0011567424178604568,0.011236729016388726,231.6633758544922,229.68820190429688,228.8544311523437
2024-10-30,228.387939453125,231.7328600109945,227.8420287171323,230.87925826342104,47070900,228.9035743713379,225.48569549560546,-0.015277845121265288,0.011854771808595427,231.9313507080078,231.6633758544922,229.68820190429688
2024-10-31,224.2291412353516,228.11997302154123,223.6931505739168,227.63361336879595,64370100,228.91548614501954,225.4759686279297,-0.01820936003771323,0.012544818637337248,228.387939453125,231.9313507080078,231.6633758544922
2024-11-01,221.2514495849609,223.6732972736376,218.6310930183328,219.3258816637916,65276700,228.72243270874023,225.44380981445312,-0.013279681820059674,0.012833587425833308,224.2291412353516,228.387939453125,231.9313507080078
2024-11-04,220.3581085205078,221.1323036464344,218.07523400035527,219.34570882983752,44944500,228.7383125305176,225.3479281616211,-0.00403767327232829,0.01180979866621422,221.2514495849609,224.2291412353516,228.387939453125
2024-11-05,221.7874298095703,222.28370958768312,219.4946196579301,220.1497125999008,28111300,228.62317657470703,225.2738836669922,0.00648635667940245,0.011120198689285515,220.3581085205078,221.2514495849609,224.2291412353516
2024-11-06,221.06285095214844,224.387931303672,219.54423614319148,220.95366880237512,54561100,228.2847137451172,225.16847412109374,-0.0032669969530915166,0.010369884379724822,221.7874298095703,220.3581085205078,221.2514495849609
2024-11-07,225.7874450683593,226.18447798056903,222.89910825147632,222.95865940199351,42137700,228.20729598999023,225.18812713623046,0.021372175812721883,0.011553113828846745,221.06285095214844,221.7874298095703,220.3581085205078
2024-11-08,225.51914978027344,227.2083542879204,224.9726384261151,225.72780810336752,38328800,228.19040756225587,225.13690521240235,-0.0011882648656776906,0.01146310423148983,225.7874450683593,221.06285095214844,221.7874298095703
2024-11-11,222.8064727783203,224.26714170400084,220.0938084143074,223.57158868270503,42005600,227.85177993774414,225.04711212158202,-0.012028588279958119,0.011070137826533743,225.51914978027344,225.7874450683593,221.06285095214844
2024-11-12,222.8064727783203,224.15783943194583,221.9420008205612,223.12444853772337,40398300,227.38660049438477,225.08099182128908,0.0,0.0106846877767849,222.8064727783203,225.51914978027344,225.7874450683593
2024-11-13,223.6908264160156,225.2111120360391,221.34580821096,222.5878726169869,48566200,227.06837005615233,225.17067291259767,0.003969155952552539,0.010635761147847284,222.8064727783203,222.8064727783203,225.51914978027344
2024-11-14,226.7711334228516,227.41700079571672,223.5715745650122,223.5914518391994,44923900,226.88579254150392,225.29158782958984,0.013770376980535293,0.011149116574916507,223.6908264160156,222.8064727783203,222.8064727783203
2024-11-15,223.5715789794922,225.4793879673537,222.8462176574736,224.96268496170848,47923700,226.40179748535155,225.37947967529297,-0.014109178690716817,0.011088845371002735,226.7711334228516,223.6908264160156,222.8064727783203
2024-11-18,226.57241821289065,228.28149999782983,223.74050538640265,223.8199993254601,44633700,225.9943946838379,225.52560150146485,0.013422275081188761,0.011478985054252867,223.5715789794922,226.7711334228516,223.6908264160156
2024-11-19,226.8307647705078,228.6988344551977,225.22105418122663,225.5390147792205,36211800,225.63067855834962,225.69277130126954,0.0011402383381653447,0.011493938521392856,226.57241821289065,223.5715789794922,226.7711334228516
2024-11-20,227.5461883544922,228.4702769508748,224.45593165289552,226.61215353970653,35169600,225.55583648681642,225.82362884521484,0.00315399714279585,0.010505223593475083,226.8307647705078,226.57241821289065,223.5715789794922
2024-11-21,227.06922912597656,228.69881686539628,224.27707103239013,227.4269442474061,42108300,225.46657638549806,225.942763671875,-0.0020960985194468096,0.010512570120835894,227.5461883544922,226.8307647705078,226.57241821289065
2024-11-22,228.41065979003903,229.25526960886552,226.6121530455377,226.6121530455377,38168300,225.40269927978517,226.09408721923828,0.005907584524886156,0.010569752463980417,227.06922912597656,227.5461883544922,226.8307647705078
2024-11-25,231.39163208007807,231.7692245216812,228.2815130321861,229.99059491471,90152800,225.38911209106445,226.42771057128905,0.013050933317994895,0.010809524570865122,228.41065979003903,227.06922912597656,227.5461883544922
2024-11-26,233.5677185058593,234.07449047305911,231.84870566104107,231.84870566104107,45986200,225.47093048095698,226.79552581787107,0.00940434364985232,0.011011538803717672,231.39163208007807,228.41065979003903,227.06922912597656
2024-11-27,233.4385528564453,234.19373774290256,232.32566796514345,232.9814816311976,33498400,225.723461151123,227.08333801269526,-0.0005530115644415412,0.010381733827973812,233.5677185058593,231.39163208007807,228.41065979003903
2024-11-29,235.8233184814453,236.3002669685808,232.48464874765904,233.31931239062584,28481400,226.3031700134277,227.2564627075195,0.010215817378145475,0.009500947568865813,233.4385528564453,233.5677185058593,231.39163208007807
2024-12-02,238.06895446777344,239.26133321145704,235.654388648958,235.76369091824088,48137100,227.1440452575683,227.48779998779293,0.009522535772919394,0.008844776670868679,235.8233184814453,233.4385528564453,233.5677185058593
2024-12-03,241.10952758789065,241.218829858088,237.3833345065081,238.28756099978403,38861000,228.18161621093745,227.81429229736324,0.012771817001148822,0.00886875404457664,238.06895446777344,235.8233184814453,233.4385528564453
2024-12-04,241.4672393798828,242.5602620666903,239.71841824290905,241.32812877991805,44383900,229.16560668945309,228.13007202148435,0.001483607037725987,0.008881725177832702,241.10952758789065,238.06895446777344,235.8233184814453
2024-12-05,241.4970550537109,242.98753231090083,240.59284370740727,242.4410361127995,40033900,230.1873168945312,228.46629913330074,0.00012347709736793,0.008761291530737287,241.4672393798828,241.10952758789065,238.06895446777344
2024-12-06,241.2983245849609,243.0769692456264,240.5431549096241,241.36788746709487,36870600,230.96286087036128,228.77572296142574,-0.0008229105266140957,0.007867308574300225,241.4970550537109,241.4672393798828,241.10952758789065
2024-12-09,245.1835021972656,245.6703968797777,240.2152448072501,240.2947387449205,44649200,231.9460784912109,229.15749053955074,0.016101137954386058,0.008280627550748338,241.2983245849609,241.4970550537109,241.4672393798828
2024-12-10,246.1970367431641,246.63424582967983,243.7824557106041,245.32261857013248,36914800,233.11560668945307,229.45610382080073,0.004133779543955773,0.007347367248262445,245.1835021972656,241.2983245849609,241.4970550537109
2024-12-11,244.92515563964844,249.2077910379196,244.69660488558225,246.38582450957213,45205800,234.22154083251948,229.86406921386714,-0.005166110528139645,0.007619270616179346,246.1970367431641,245.1835021972656,241.2983245849609
2024-12-12,246.3858337402344,247.1608807008323,244.12029436088807,245.3226193526416,32777500,235.35629119873042,230.28993316650386,0.005963773287277263,0.007621273852946415,244.92515563964844,246.1970367431641,245.1835021972656
2024-12-13,246.55474853515625,247.7073727380188,244.67674782957272,246.24671899982584,33155300,236.34547195434567,230.74121002197262,0.0006855702389931828,0.007374738806508526,246.3858337402344,244.92515563964844,246.1970367431641
2024-12-16,249.4462738037109,249.7841268474892,246.0777957183056,246.4156487620838,51694800,237.6392066955566,231.2278851318359,0.011727720864164848,0.006158221308637975,246.55474853515625,246.3858337402344,244.92515563964844
2024-12-17,251.87075805664065,252.2185421189052,248.1942508297637,248.49234928857376,51356400,238.9041236877441,231.86449005126948,0.009719464700593372,0.005960259302614284,249.4462738037109,246.55474853515625,246.3858337402344
2024-12-18,246.47525024414065,252.66569465886903,246.1672207142497,250.559158393614,56774100,239.88634796142574,232.3121920776367,-0.021421731741033123,0.008420899695128995,251.87075805664065,249.4462738037109,246.55474853515625
2024-12-19,248.20420837402344,250.4001849209636,245.52135228225407,245.92875304737493,60882300,240.9192489624023,232.71963409423824,0.007014733236583304,0.008440002578357851,246.47525024414065,251.87075805664065,249.4462738037109
2024-12-20,252.8743896484375,253.3811464831127,244.13025293349912,246.4653249902114,147495300,242.20950698852533,233.23040588378902,0.01881588271612422,0.008878360721517611,248.20420837402344,246.47525024414065,251.87075805664065
2024-12-23,253.64944458007807,254.0270218726176,251.840991416004,253.1526187871241,40858800,243.4714462280273,233.78625640869137,0.0030649799401121225,0.008893119740856732,252.8743896484375,248.20420837402344,246.47525024414065
2024-12-24,256.5608215332031,256.5707374276886,253.66927695641888,253.868019379837,23234700,244.72990570068356,234.32589233398434,0.011477955167396026,0.008827602102407343,253.64944458007807,252.8743896484375,248.20420837402344
2024-12-26,257.37554931640625,258.44870970386563,255.9943897750778,256.55083207826743,27237100,245.92029724121093,234.83120208740232,0.003175573645010754,0.008781710203803585,256.5608215332031,253.64944458007807,252.8743896484375
2024-12-27,253.96739196777344,257.0576640072936,251.4534547993944,256.19316170058187,42355300,246.94673919677734,235.3094412231445,-0.013241962407404051,0.009615334406643037,257.37554931640625,256.5608215332031,253.64944458007807
2024-12-30,250.59890747070312,251.890657464443,249.15811581542044,250.6287158030117,35557500,247.68551864624024,235.71296569824216,-0.013263452725055913,0.010262386601448105,253.96739196777344,257.37554931640625,256.5608215332031
2024-12-31,248.83023071289065,251.67207488235127,247.84651017510487,250.8374111810351,39480700,248.22358245849608,236.02454071044917,-0.007057799156683253,0.010384652384298565,250.59890747070312,253.96739196777344,257.37554931640625
